learning_language,language_name,surface_form,lemma,pos,grammar_tags,n_traces,avg_session_recall,item_recall_rate,avg_prior_exposures,difficulty_rank_in_language,lexeme_id,pos_nome
de,German,zweiten,zweit,adj,ord;m;sg;acc,292,0.605,0.6398,5.04,1,f58ba94f5b6a07312e449a9987637f32,Adjetivo
de,German,ins,in,pr,,115,0.6116,0.6736,7.37,2,360504826f856ea58070939db6aff198,Preposição
de,German,wegen,wegen,pr,dat,109,0.6656,0.7099,6.06,3,c764a035387dc5bad1c5359f786423e0,Preposição
de,German,größeren,groß,adj,comp;mf;pl;acc;mix,233,0.7103,0.7658,6.84,4,066aadf60b6238605b602ffe0279f993,Adjetivo
de,German,vieles,viel,det,ind;nt;sg;nom,750,0.7179,0.7704,4.96,5,61ed985e99a3bdc4b497a5e0a46b104d,Determinante
de,German,rezept,rezept,n,nt;sg;acc,106,0.7264,0.729,1.17,6,c18163178f79182a106b0be362f0b452,Substantivo
de,German,ihre,ihr,prn,pos;f;sg;nom,890,0.7275,0.7718,5.75,7,672e5fb75732a34739788f2b9411a095,Pronome
de,German,ab,ab,pr,dat,168,0.7275,0.7542,8.04,7,fefbba982139074b970d44fa9450f03c,Preposição
de,German,plötzlich,plötzlich,adj,pst;pred,188,0.7281,0.754,5.98,9,03ab89566ed9b5133fcb31a459942ac1,Adjetivo
de,German,doch,doch,cnjcoo,,192,0.7286,0.7743,7.93,10,a40ccbf9d7ecbfd34610d958569b5592,Conjunção
de,German,werkstatt,werkstatt,n,f;sg;nom,306,0.731,0.7738,4.23,11,fd119f61e4886fa76ba3dcea4aad2500,Substantivo
de,German,gegenüber,gegenüber,pr,dat,134,0.7363,0.7614,5.73,12,fc5ba44879dc04498b98b6850b21306b,Preposição
de,German,zufrieden,zufrieden,adj,pst;pred,115,0.7367,0.7791,4.85,13,fe5012d53fd56085fc54f425ee0a1652,Adjetivo
de,German,da,da,adv,,312,0.7427,0.7859,23.33,14,b313e8bef6608d23975ed6b6d4a076e7,Advérbio
de,German,wird,werden,vaux,pri;p3;sg,352,0.7454,0.765,9.7,15,a171b676e3da3e475a49bbc2d5314be2,vaux
de,German,rote,rot,adj,pst;nt;sg;acc;sw,357,0.7457,0.7785,5.75,16,25bb255e2d8bdc58453b6d1055085abb,Adjetivo
de,German,gutes,gut,adj,pst;nt;sg;acc;mix,207,0.7503,0.7917,6.42,17,cb5f1ee97d16c4aac010ae4956189090,Adjetivo
de,German,an,an,pr,dat,192,0.7507,0.7957,7.88,18,2149d12016268b72feb8f799ae251e17,Preposição
de,German,opfer,opfer,n,nt;sg;nom,101,0.7507,0.8054,4.19,18,646fa129777dc0ec1889d36674d4af2e,Substantivo
de,German,große,groß,adj,pst;m;sg;nom;sw,270,0.7519,0.7981,6.54,20,eb5bec4cda3475ce816a8e1ba0af8f79,Adjetivo
de,German,unbedingt,unbedingt,adj,pst;pred,168,0.7522,0.7964,6.0,21,c7e85bcce917b0982524cdb81ad0b755,Adjetivo
de,German,wen,wer,prn,itg;mf;sg;acc,105,0.754,0.7746,6.54,22,a3e0f67303f2a5d997106cad195547bd,Pronome
de,German,ganz,ganz,adv,,252,0.7555,0.7925,5.58,23,2db9fce43fac62935a6782fd26fab2be,Advérbio
de,German,wert,wert,adj,pst;pred,228,0.7561,0.81,4.68,24,9a4b2b7017f40cb92898256d3c7d4683,Adjetivo
de,German,ihren,ihr,prn,pos;mf;pl;dat,502,0.7564,0.7828,6.19,25,adc78b103b9dfa8cab283ae4cd8e1afb,Pronome
de,German,ähnlich,ähnlich,adj,pst;pred,228,0.7596,0.7888,5.11,26,aa5bab490fa4c1238086c42ac2b6ac8b,Adjetivo
de,German,begeistert,begeistert,adj,pst;pred,179,0.7622,0.7934,5.55,27,1e8780e1642e0e829142b8ad3e42b68c,Adjetivo
de,German,großer,groß,adj,pst;m;sg;nom;mix,311,0.7631,0.778,5.75,28,ee39d01f3426aa53a07aa89603a2e1db,Adjetivo
de,German,ihnen,sie,prn,p3;mf;pl;dat,458,0.764,0.7983,8.06,29,32f3aa363dd31b7389342b503a365368,Pronome
de,German,andere,ander,det,ind;nt;sg;nom;sw,673,0.765,0.7948,5.23,30,42f6a7d56152df3d3e9518c81e00ad2e,Determinante
de,German,dieser,dies,prn,dem;f;sg;dat,457,0.7653,0.8085,5.98,31,4deccf98c7db9e5eb2ab3c563b0f15d6,Pronome
de,German,elefanten,elefant,n,m;sg;acc,2166,0.7654,0.7902,5.75,32,4286faacaa598d83a206a9c36efdf4f9,Substantivo
de,German,auch,auch,adv,,126,0.7659,0.7949,11.8,33,d85a58ea82031b2d3b3ccec1440b2da7,Advérbio
de,German,dass,dass,cnjcoo,,240,0.7674,0.7772,12.76,34,4650f6e261ca6a31c3ae9796b49796d0,Conjunção
de,German,tatsächlich,tatsächlich,adj,pst;pred,118,0.7678,0.8021,4.86,35,5c6fa79392db8ddd368801785fae080b,Adjetivo
de,German,sofern,sofern,cnjsub,,127,0.7684,0.7884,5.75,36,79bcc640c8b95760fa20120af885c28d,Conjunção
de,German,entweder,entweder,cnjcoo,,127,0.7692,0.8208,7.31,37,41a46751ff2b0f3186f8ba7a63fc8794,Conjunção
de,German,zur,zu,pr,,100,0.77,0.8158,7.21,38,6e1110afe6625763ff15719b5238df8c,Preposição
de,German,gemeinde,gemeinde,n,f;*numb;*case,192,0.7707,0.8073,2.96,39,ebeb95a55a946b671bf732a65ded4af3,Substantivo
de,German,sobald,sobald,cnjsub,,142,0.7736,0.7991,7.53,40,5eaf9d55528d494b32de47fa5a1eb90d,Conjunção
de,German,größeres,groß,adj,comp;nt;sg;acc;mix,326,0.7743,0.7935,7.52,41,78a43ba43673a3392da1961acaa9c1ab,Adjetivo
de,German,meiner,mein,prn,pos;f;sg;dat,535,0.775,0.7985,5.68,42,0df199d17339147df7263b064d2d8161,Pronome
de,German,zum,zu,pr,,230,0.7754,0.7923,17.47,43,9f430fb393b9824e04b62f2c6d4cbc16,Preposição
de,German,ersten,erst,adj,ord;m;sg;acc,443,0.7756,0.7945,4.58,44,010f00612238becca128640550c558e9,Adjetivo
de,German,von,von,pr,dat,701,0.7766,0.7807,39.39,45,db052f38537665a3b75b6b0828ba1f75,Preposição
de,German,steht,stehen,vblex,pri;p3;sg,604,0.7772,0.7957,12.99,46,745eb110bfa55cd8d05ea245f8811c5d,Verbo
de,German,wohnort,wohnen,vblex,,378,0.7776,0.8015,5.19,47,1705f16ec2614603e826a3ed176001e8,Verbo
de,German,dienst,dienst,n,m;*numb;*case,217,0.7776,0.8113,6.36,47,836b33c732f5fbe8da7bbf2ec4ad6a99,Substantivo
de,German,vorsitzenden,vorsitz,n,,1380,0.7787,0.8043,8.25,49,9141c24da208ee42c69cf8e25d8655b8,Substantivo
de,German,vor,vor,pr,dat,185,0.7794,0.8173,8.35,50,13c12058d6b1f89ff749545b08810f38,Preposição
de,German,bei,bei,pr,dat,261,0.7812,0.8026,13.34,51,816dd90f85d9f033a9a0786645be5228,Preposição
de,German,personal,personal,n,nt;sg;nom,315,0.7843,0.8206,4.79,52,c4a6e8c74cc66f3bc24a5b2a6a28b3dd,Substantivo
de,German,guten,gut,adj,pst;m;sg;acc,240,0.7845,0.8117,5.55,53,99dd32368110ebab30cf2e8af1ff65ca,Adjetivo
de,German,so,so,adv,,176,0.7855,0.8191,11.57,54,fb93b1727d40b9b5ce9bcb89bc2d41b4,Advérbio
de,German,dieser,dies,prn,dem;m;sg;nom,1361,0.786,0.8019,8.32,55,3808bbccb8af8f701cf0f19ce95e9259,Pronome
de,German,tor,tor,n,nt;sg;nom,506,0.7861,0.8181,5.05,56,bc92a9a811d68df2a96a48e72bccd539,Substantivo
de,German,reicht,reichen,vblex,pri;p3;sg,278,0.7872,0.8047,7.99,57,535c70b0046e0d1d5224ddbb169ea9de,Verbo
de,German,ihre,ihr,prn,pos;mf;pl;acc,531,0.7872,0.8183,5.66,57,da2408949326d065185a1bc1d02e1029,Pronome
de,German,noch,noch,adv,,198,0.7875,0.8156,10.46,59,88148adccf9bc8730f8f2c2e1de8a256,Advérbio
de,German,arbeitet,arbeiten,vblex,pri;p3;sg,255,0.7881,0.8073,7.34,60,8b04de044faaa29b15fe65003c2d5a6c,Verbo
de,German,trägt,tragen,vblex,pri;p3;sg,342,0.789,0.8224,6.32,61,a456b06f9066277fb26d5babfc845cd5,Verbo
de,German,in,in,pr,dat,964,0.7893,0.8041,46.2,62,297d31cc147a08d63d6fbfb1ad32cb4e,Preposição
de,German,keinen,kein,det,ind;m;sg;acc;st,625,0.7895,0.8121,10.02,63,9cf5f992527b0aefe17624fafd17fd57,Determinante
de,German,sondern,sondern,cnjcoo,,177,0.7905,0.7993,8.88,64,cc294b70e4663cc78777fb7f45c50a33,Conjunção
de,German,zählt,zählen,vblex,pri;p3;sg,326,0.7908,0.8088,8.99,65,9b5a52f58d721aa0c3769e52f6845d2a,Verbo
de,German,stimmt,stimmen,vblex,pri;p3;sg,204,0.7923,0.828,5.12,66,f9715b9daa2fca1ececaeb3360cc41b2,Verbo
de,German,seiner,sein,prn,pos;f;sg;dat,533,0.7937,0.8386,8.0,67,5d2552e7789c09ba11ef7c4770cc56fa,Pronome
de,German,zwischen,zwischen,pr,dat,260,0.7939,0.8346,14.56,68,2802e382280955c04d25d189334f1388,Preposição
de,German,babies,baby,n,nt;pl;acc,178,0.794,0.8037,2.9,69,27bc1a55394cf216f0587dc886150907,Substantivo
de,German,erneut,erneut,adj,pst;pred,142,0.7942,0.8104,4.64,70,40924fc3828b813aeabe79193580dd38,Adjetivo
de,German,besten,gut,adj,sup;m;sg;acc,158,0.7946,0.8225,4.89,71,5379cd6be5735c9d95a4bfbd3da7c4bc,Adjetivo
de,German,um,um,pr,acc,177,0.7955,0.8156,8.15,72,1ba0fad14a6e49b6e96e1f0a92a0a834,Preposição
de,German,über,über,pr,acc,181,0.796,0.8,6.56,73,8fb6cc6b9b440fd0006819a8cb989add,Preposição
de,German,unserer,unser,prn,pos;f;sg;dat,575,0.7963,0.8326,8.13,74,a9a8bb133b2875ad146ad1c43957c2c7,Pronome
de,German,neben,neben,pr,dat,108,0.7965,0.8272,5.19,75,2fcee2c42dd35be582dd3cb6dcb06fe7,Preposição
de,German,ob,ob,cnjadv,,159,0.7966,0.8118,8.02,76,647a56fafc8f594f8f583e365696df93,cnjadv
de,German,beim,bei,pr,,124,0.7973,0.8228,7.1,77,a4091d023af640b0a0deef018bf496ae,Preposição
de,German,schüssel,schüssel,n,f;sg;*case,1808,0.7974,0.7976,3.6,78,6b79fe9589aeeea9678cea69d43ce9de,Substantivo
de,German,kommen,kommen,vblex,pri;p3;pl,581,0.7983,0.8123,13.45,79,60796db683564f8d59547cb1a39857bc,Verbo
de,German,gut,gut,adj,pst;attr,119,0.7985,0.8182,29.79,80,458f2c056cfa887d87f75559a93ca7e5,Adjetivo
de,German,hause,haus,n,nt;sg;dat,144,0.7986,0.8107,1.29,81,903798983967bb64d11ef3ed3cad87c6,Substantivo
de,German,allgemein,allgemein,adj,pst;pred,152,0.7989,0.8354,5.16,82,2d06098cd630797db2d7c5ce1d71521d,Adjetivo
de,German,geschmack,geschmack,n,m;sg;nom,1769,0.7989,0.82,5.02,82,ecbf175d1fbb42f1009b68072129e57b,Substantivo
de,German,hilft,helfen,vblex,pri;p3;sg,207,0.799,0.8243,4.93,84,8d06777f8f37287352e83ccbbb122954,Verbo
de,German,seht,sehen,vblex,pri;p2;pl,2372,0.7991,0.8195,7.86,85,b1d3871dba0a2308fe90d9ca2d20de4c,Verbo
de,German,andere,ander,det,ind;f;sg;acc;sw,428,0.7998,0.8455,6.56,86,7f24e7e112c621e4e6865f1569f94145,Determinante
de,German,nach,nach,pr,dat,335,0.8,0.81,18.74,87,2abbb16355f53ff82f84f6118274f0a7,Preposição
de,German,mehrere,mehrere,det,ind;mf;pl;acc;st,441,0.8005,0.8277,5.27,88,b1954478e4d260fa9c23db11d7893097,Determinante
de,German,ersten,erst,adj,ord;f;sg;dat;mix,287,0.8007,0.8542,8.68,89,aac593d4a8e370e6ba69e1e612382e00,Adjetivo
de,German,zu,zu,pr,dat,659,0.8009,0.8053,30.09,90,be821e8a3e0040add45b2aa5fb820e0d,Preposição
de,German,solange,solange,cnjsub,,159,0.8015,0.8273,8.65,91,7ca67d0a3eac6fca10bc3a3673efb014,Conjunção
de,German,welchen,welch,det,ind;m;sg;acc;st,417,0.8016,0.8362,6.28,92,eed820b00002992b7ab198eff57722d4,Determinante
de,German,frühstück,frühstück,n,nt;sg;*case,1852,0.8017,0.8031,3.07,93,18214aa49b0f6d0b64bd5eadd70773ce,Substantivo
de,German,wofür,wofür,adv,itg,138,0.8022,0.803,9.11,94,fa558377c54440c9d14029660c7414f3,Advérbio
de,German,geht,gehen,vblex,pri;p3;sg,461,0.8034,0.8138,13.41,95,60dc4a411099a2057162d12b3986a5ca,Verbo
de,German,gute,gut,adj,pst;m;sg;nom;sw,218,0.8036,0.8408,5.52,96,4ce27964e57cb593b39b0625fc224fd1,Adjetivo
de,German,des,der,det,def;m;sg;gen,148,0.8047,0.8497,12.85,97,81a1a28527b64ac80847be5d0cdd51d2,Determinante
de,German,komme,kommen,vblex,pri;p1;sg,343,0.8049,0.8194,8.89,98,b6292d70ffe234e847c44294d3b2830c,Verbo
de,German,verhältnis,verhältnis,n,nt;sg;*case,230,0.8051,0.8084,3.56,99,75ca7cee2c7d8e7f51480e17139ad0f3,Substantivo
de,German,not,not,n,f;sg;nom,116,0.8053,0.8243,5.14,100,f0360fcc9531a75c30c6e5bb5a3df8fe,Substantivo
de,German,egal,egal,adj,pst;pred,226,0.8055,0.8184,4.61,101,28f42a23ab73603053e8d09fde1d7410,Adjetivo
de,German,kommt,kommen,vblex,pri;p3;sg,343,0.8058,0.8166,8.81,102,2aa74c03a87880ff2bfd9df3515b188d,Verbo
de,German,anderes,ander,det,ind;nt;sg;acc;sw,444,0.8082,0.8356,6.85,103,243cc47c471623227f71aebc9581dc40,Determinante
de,German,benutzern,benutzern,n,m;pl;dat,936,0.8085,0.8211,5.58,104,3116348ed81de1740e52d1ac941aa570,Substantivo
de,German,welche,welch,det,ind;mf;pl;nom;st,776,0.8087,0.8261,5.54,105,c37a5f8be882bdd4f53542193034a2af,Determinante
de,German,umzug,umzug,n,m;sg;nom,500,0.8095,0.8264,4.39,106,c3b4cc2e8a0cef191868d09ad47a2956,Substantivo
de,German,sieht,sehen,vblex,pri;p3;sg,2738,0.8112,0.8169,6.95,107,e23a75193507ed70051a82f39fb7abf1,Verbo
de,German,keine,kein,det,ind;f;sg;acc;st,539,0.8116,0.8487,8.09,108,bfcaa62ceb61fdcbfd9fd150f8ae8486,Determinante
de,German,macht,machen,vblex,pri;p3;sg,274,0.812,0.8299,7.1,109,c4ccdf733409edaa5a5f7ac84d333027,Verbo
de,German,roter,rot,adj,pst;m;sg;nom;mix,493,0.8121,0.8302,6.5,110,31816c32dd8fdedbaa18851d825f5482,Adjetivo
de,German,meinem,mein,prn,pos;nt;sg;dat,755,0.8123,0.8257,10.43,111,f8dcb3c587a5615e8b5a26b12b6ba60b,Pronome
de,German,gehe,gehen,vblex,pri;p1;sg,410,0.8124,0.8242,15.66,112,6defbd021ca8e1e39e495d191ab1adcf,Verbo
de,German,werkzeug,werk,n,,484,0.8128,0.8355,4.67,113,036cdb4db02ff09d7cd47d950f90970d,Substantivo
de,German,gehen,gehen,vblex,inf;@modal,148,0.8131,0.8458,17.91,114,63e229056f6a281d10b3d3ad5e53af21,Verbo
de,German,vorsitzenden,vorsitz,n,+ende<n;nt;pl;dat,580,0.8133,0.8244,4.55,115,129d889be76574cf33780a7fa85234b8,Substantivo
de,German,reinigung,reinigung,n,f;sg;nom,476,0.8133,0.8406,4.03,115,e48779342667bbb48e1eb4ff951c5a9f,Substantivo
de,German,mitgliedschaft,mitglied,n,,281,0.8135,0.8484,4.12,117,debac0733316c243f5060c4aef4cd955,Substantivo
de,German,dich,du,prn,p2;mf;sg;acc,670,0.8143,0.8462,6.9,118,118373fec11fb32ecb9ca2c329e880ba,Pronome
de,German,gute,gut,adj,pst;mf;pl;nom;st,259,0.8145,0.8136,6.96,119,71a9aef181b52012e0212df6908addb8,Adjetivo
de,German,erwachsene,erwachsene,n,m;sg;nom,208,0.8148,0.8561,8.22,120,7b3a4edbc922f3b61f8c042e59a96e6f,Substantivo
de,German,wessen,wer,prn,itg;mf;sg;dat,104,0.8149,0.8289,7.74,121,15fdabd702784a75c69f9bfda3a835a3,Pronome
de,German,anderen,ander,det,ind;m;sg;acc;sw,1207,0.8151,0.8404,9.02,122,3e1ffb78fd06c792cf2330ec246fabe2,Determinante
de,German,welchen,welch,det,ind;mf;pl;dat;st,338,0.8154,0.8515,7.62,123,5768fa2652a14a42c8d399bcfff75e63,Determinante
de,German,freund,freund,n,m;sg;acc,2206,0.8162,0.8193,6.2,124,1f590670a5d0caf52e33afed1ab566eb,Substantivo
de,German,durch,durch,pr,acc,154,0.8163,0.8407,6.13,125,b1ee138e86cf8fe67f27865f07c2bd85,Preposição
de,German,schlaf,schlaf,n,m;sg;acc,532,0.8173,0.8292,5.15,126,4df0c963995a6da3b9dd923cafbb8131,Substantivo
de,German,manche,manch,det,ind;mf;pl;acc;st,741,0.8173,0.8353,8.39,126,f95bed5107e0b494961ff87521d4ba4d,Determinante
de,German,in,in,pr,acc,279,0.8174,0.8302,17.5,128,6402fce40be71c1eb2b794b1c0bf0968,Preposição
de,German,den,der,det,def;m;sg;acc,13082,0.8174,0.8461,23.3,128,c89921e78c6fb1e5017bc66f3cec0aee,Determinante
de,German,dritten,dritt,adj,ord;m;sg;acc,530,0.8175,0.8196,6.39,130,7d80fb693f984d91d6879f8ae30ef4e2,Adjetivo
de,German,gestern,gestern,adv,,139,0.8177,0.8424,16.16,131,15d8045b8d875d38a6cb9d93ae2ef8fa,Advérbio
de,German,gehen,gehen,vblex,pri;p1;pl,317,0.8177,0.8193,11.39,131,b3d6d1e3f6ac903b1feee1492e6d0f16,Verbo
de,German,braucht,brauchen,vblex,pri;p3;sg,297,0.818,0.8273,7.2,133,cdfe4f37baf474ed0e4df6f75c3adc07,Verbo
de,German,für,für,pr,acc,736,0.8184,0.8354,25.08,134,f7371f33450f997c0268d037eccbe92a,Preposição
de,German,mutter,mutter,n,f;sg;dat,869,0.8186,0.8302,4.62,135,f0fc929b4bfed4d1469c4eed29e953f0,Substantivo
de,German,seine,sein,prn,pos;mf;pl;nom,751,0.8197,0.8464,4.61,136,6f231b002b3b0a2839eb2a842880e721,Pronome
de,German,mögen,mögen,vbmod,pri;p3;pl,2775,0.8198,0.844,6.53,137,42e23221599d9432e401170e37ddde9b,vbmod
de,German,sinnvoll,sinnvoll,adj,pst;pred,301,0.8202,0.8313,5.82,138,0ae70fba69ee7a5c97866e72654d5642,Adjetivo
de,German,ihren,ihr,prn,pos;m;sg;acc,441,0.8202,0.855,4.68,138,8b255c6db17519582663b347aa976721,Pronome
de,German,im,in,pr,+das<det;def;nt;sg;dat,119,0.8207,0.8495,7.27,140,37aec0ba060e2d3af4b2e828d85d7fb8,Preposição
de,German,wer,wer,prn,itg;mf;sg;nom,263,0.8207,0.8301,16.15,140,460aa621521d3fd496c2340b008ba701,Pronome
de,German,guten,gut,adj,pst;mf;pl;acc;mix,190,0.821,0.8345,4.92,142,1b46301132bd84831bec574a1bd08874,Adjetivo
de,German,ihrem,ihr,prn,pos;m;sg;dat,392,0.8214,0.8567,6.53,143,70d6b4f48b34ec381a406b345a440426,Pronome
de,German,deutlich,deutlich,adj,pst;pred,144,0.8217,0.8313,4.37,144,eb59c9eb10f8161e1598b3261d5933ff,Adjetivo
de,German,katze,katze,n,f;sg;dat,1763,0.8219,0.8465,8.14,145,01a14ea3963721a9d545dce1acc30f2f,Substantivo
de,German,großen,groß,adj,pst;nt;sg;dat;mix,263,0.8224,0.8499,7.0,146,1d4cb200cbda942f3c0e36113817ae2a,Adjetivo
de,German,letzte,letzt,adj,pst;nt;sg;acc;sw,118,0.8225,0.8883,5.52,147,7632c314c29faab223cc2a1af2e63ce2,Adjetivo
de,German,diese,dies,prn,dem;f;sg;nom,1175,0.8231,0.8414,7.12,148,44a2003dd99e41d819aa3970cea6c392,Pronome
de,German,jacke,jacke,n,f;*numb;*case,432,0.8237,0.8278,3.17,149,571b791dcd77d364b3bfb815abc621cb,Substantivo
de,German,keine,kein,det,ind;mf;pl;acc;st,889,0.824,0.8318,13.0,150,517b2bf6f3e8308ba609d39cfe8d1dc0,Determinante
de,German,ihrem,ihr,prn,pos;nt;sg;dat,496,0.824,0.8376,6.89,150,7f7bc5cc2a45233c7206512f13ea1d2c,Pronome
de,German,ihrer,ihr,prn,pos;f;sg;dat,469,0.8244,0.8401,4.95,152,fa2b225a64333898ef48994a9fb89723,Pronome
de,German,liegt,liegen,vblex,pri;p3;sg,297,0.8249,0.8602,5.66,153,6b0965a2ca13a47736202841a65d0211,Verbo
de,German,bessere,gut,adj,comp;f;sg;acc,199,0.8253,0.8488,5.6,154,6ae14bc61826a997dbb528e41fb914e4,Adjetivo
de,German,wesentlich,wesentlich,adj,pst;pred,154,0.8257,0.8577,5.68,155,ef1cdaa0e0f0a83e80763528dab1f197,Adjetivo
de,German,wichtiger,wichtig,adj,comp;pred,141,0.8258,0.8525,4.47,156,f3cfee5624977ae038dabf9039ad90a0,Adjetivo
de,German,rezepte,rezept,n,nt;pl;acc,664,0.8263,0.8301,1.13,157,f21d1bce33d8064e4aaabd6b28f5c1fa,Substantivo
de,German,prinzipiell,prinzipiell,adj,pst;pred,117,0.8266,0.8402,4.44,158,30bdff69f9ee89ee5d5e6c5042282d6b,Adjetivo
de,German,mitunter,mitunter,adv,,157,0.8271,0.8508,5.77,159,2944fa4f9632ecd56e3e92f1ee93035c,Advérbio
de,German,alle,alle,det,ind;mf;pl;acc;sw,614,0.8275,0.8522,5.66,160,483d66f19e6cabbbe78aec455e0b45c3,Determinante
de,German,weiß,wissen,vblex,pri;p1;sg,434,0.8276,0.842,11.76,161,baa8cd14ecc7e81b9cda06e3916c355c,Verbo
de,German,ihn,er,prn,p3;m;sg;acc,976,0.8279,0.8427,10.36,162,7ddea8e417b5f211482a76b80f45f70f,Pronome
de,German,schülerin,schülerin,n,f;*numb;*case,288,0.8281,0.8328,4.97,163,ab414284c5aa09c0e6783ae422343ef7,Substantivo
de,German,haus,haus,n,nt;sg;acc,200,0.8283,0.8438,1.16,164,1ff47a4e7fd0fa4b03f7f09ef1b6f5a8,Substantivo
de,German,am,an,pr,,4729,0.8284,0.8499,11.04,165,7bd184d1bb2f5efeecdf412f54026cea,Preposição
de,German,löffel,löffel,n,m;pl;nom,1676,0.8285,0.8595,4.56,166,494d01fcf2142ddabbc31c8eae1be6f0,Substantivo
de,German,großen,groß,adj,pst;m;sg;acc,333,0.8285,0.8382,6.67,166,928ddda66352b307665d38665b9a065b,Adjetivo
de,German,einer,ein,det,ind;f;sg;dat,2018,0.8285,0.8465,8.32,166,99f14c92b6180d712e0631781f4c16ca,Determinante
de,German,beiden,beide,det,ind;mf;pl;nom;sw,804,0.8291,0.8503,6.03,169,5b0c2c8613d51bf86d7cdf72b2dbf038,Determinante
de,German,teilnehmer,teilnehmer,n,m;sg;nom,295,0.8291,0.8406,5.94,169,d958a526d54e8032b96bd89c974af7c4,Substantivo
de,German,außer,außer,pr,dat,121,0.8292,0.8353,5.15,171,f8699cf064c7a5eadf1c9eb0d4f3366d,Preposição
de,German,mich,ich,prn,p1;mf;sg;acc,689,0.8293,0.8364,6.3,172,c9638fde26d91f010fed41a5438a0dca,Pronome
de,German,öffentlich,öffentlich,adj,pst;pred,186,0.8298,0.8548,4.9,173,cbdbeed638b2c0e70b49fb5dc62603c0,Adjetivo
de,German,änderungen,änderung,n,f;pl;dat,956,0.8301,0.853,7.22,174,7a89396a9bb17a4669080ba2c2aafb58,Substantivo
de,German,vorstand,vorstand,n,m;sg;*case,249,0.8307,0.8339,3.71,175,d6b53eb1df85d4f02754ebe512d6bd54,Substantivo
de,German,keine,kein,det,ind;mf;pl;nom;st,432,0.8314,0.8439,7.32,176,90a706a369a618dfab569550cf846ad8,Determinante
de,German,gleichzeitig,gleichzeitig,adj,pst;pred,144,0.8314,0.8632,4.22,176,984e8288143722cfa7137c7d7977eb9b,Adjetivo
de,German,spielzeug,spielzeug,n,nt;sg;nom,573,0.8325,0.8475,5.0,178,3b0148672ed712516d8bae3735b77ce4,Substantivo
de,German,entschuldigung,entschuldigung,n,f;sg;nom,4109,0.8327,0.8506,7.58,179,1e1ab460a0fe30a5eedbe6102eb85f73,Substantivo
de,German,mannschaft,mannschaft,n,f;sg;*case,245,0.8327,0.8327,2.11,179,b6bc6928fccac57d36ba142c00d8c671,Substantivo
de,German,empfänger,empfänger,n,m;sg;nom,274,0.833,0.8565,5.8,181,7da09832d55938b212f5a333e4a97e2a,Substantivo
de,German,ständig,ständig,adj,pst;pred,115,0.8333,0.8777,4.34,182,fdca03d83d332af5b7b1652c53abeb0b,Adjetivo
de,German,besucher,besucher,n,m;sg;nom,311,0.8338,0.8556,4.37,183,31542e83517b628d29a4f368c0d20a4c,Substantivo
de,German,vorhanden,vorhanden,adj,pst;pred,195,0.8338,0.848,4.26,183,4aed34810465d9b4bd3d3d21244d7e4b,Adjetivo
de,German,seinem,sein,prn,pos;nt;sg;dat,447,0.834,0.8625,6.69,185,faded3cbb17fbc6e15289de04f0dae31,Pronome
de,German,obwohl,obwohl,cnjsub,,133,0.8348,0.8844,6.92,186,59ee3796f8780be82e8e5e0e82bcb673,Conjunção
de,German,lehrer,lehrer,n,m;pl;nom,7272,0.8348,0.8506,7.72,186,9c71eca1890e52aa70c73f59b7d215ca,Substantivo
de,German,damen,dame,n,f;pl;*case,193,0.8351,0.8356,2.19,188,9f2ae65a857df8018fbada6682f4d635,Substantivo
de,German,unseren,unser,prn,pos;mf;pl;dat,331,0.8352,0.8629,5.84,189,214131eb586d3f0f176e1aeb409d2d14,Pronome
de,German,gehen,gehen,vblex,pri;p3;pl,318,0.8356,0.8462,8.68,190,c573a33558976871957aa7410694c8a8,Verbo
de,German,als,als,cnjadv,,523,0.8361,0.8563,22.46,191,314eeef37e2e6a5013d0749da806e84d,cnjadv
de,German,humor,humor,n,m;sg;nom,100,0.8363,0.8662,5.15,192,bc6c8883fc8b9cf71c3b62e1b84f6f85,Substantivo
de,German,wichtig,wichtig,adj,pst;pred,246,0.8379,0.8442,4.57,193,d66598552aae6ff2073af5830da08fa9,Adjetivo
de,German,mehr,mehr,adv,,282,0.838,0.8619,15.53,194,6a0ba1239a285e43a37bcfb586beef79,Advérbio
de,German,aktuell,aktuell,adj,pst;pred,129,0.838,0.8628,5.51,194,af0c26e6bea86aa2d9ef3e984d85beca,Adjetivo
de,German,sie,sie,prn,p3;f;sg;acc,719,0.8382,0.8603,6.47,196,d933de742fb2312264859d95a6940bad,Pronome
de,German,salz,salz,n,nt;sg;*case,1855,0.8388,0.8415,2.69,197,a84fcb35b370f84208c90ac8dcd48c5a,Substantivo
de,German,fehlt,fehlen,vblex,pri;p3;sg,217,0.8389,0.8503,5.57,198,01c61373986d0fd81135371578d0d827,Verbo
de,German,grünen,grün,adj,pst;nt;sg;dat;mix,391,0.839,0.8542,6.03,199,81f775c8de170aafdbb41d8d1b9dd4c3,Adjetivo
de,German,dem,das,det,def;nt;sg;dat,2317,0.8391,0.8633,15.81,200,087d9d0736df444d7ef826a313b613da,Determinante
de,German,verbraucher,verbraucher,n,m;sg;*case,197,0.8397,0.8465,3.25,201,65fec4037afca806809f6329716002a6,Substantivo
de,German,essen,essen,vblex,pri;p3;pl,8210,0.8397,0.8517,18.88,201,819893931391551b79525db409181547,Verbo
de,German,schwester,schwester,n,f;sg;nom,1080,0.84,0.8516,7.06,203,2bc81cf0bae859875836689a899e019c,Substantivo
de,German,ihre,ihr,prn,pos;mf;pl;nom,994,0.84,0.8553,6.6,203,a9012a146dbec0f2bdfed462e787d87a,Pronome
de,German,sind,sein,vbser,pri;p3;pl,906,0.8405,0.8401,2.8,205,ea162697009a9c78b38033a3fc8eb40f,vbser
de,German,deine,dein,prn,pos;f;sg;acc,591,0.8412,0.8554,6.04,206,474abcb32ba88033376db2345d55f934,Pronome
de,German,will,wollen,vbmod,pri;p1;sg,223,0.8416,0.8481,1.35,207,4b840437774699e081e737db47408eab,vbmod
de,German,seine,sein,prn,pos;mf;pl;acc,476,0.8416,0.8613,5.48,207,81763ccc718142364229f27f7408dfd5,Pronome
de,German,gewöhnlich,gewöhnlich,adj,pst;attr,179,0.8417,0.8645,4.94,209,01f6f4e4a8e0335302829f1c6702fbb7,Adjetivo
de,German,gläser,glas,n,nt;pl;acc,209,0.8419,0.8537,1.36,210,2517ee01a8e5d69b2d183d5a82a12188,Substantivo
de,German,junge,junge,n,m;*numb;*case,345,0.842,0.8458,3.15,211,0f4a86cbbfa36405a832780dbebc33db,Substantivo
de,German,bedienung,bedienung,n,f;sg;nom,260,0.8421,0.8541,5.5,212,df323f701c7b70ae8c2444d90d3aada5,Substantivo
de,German,elefanten,elefant,n,m;pl;dat,976,0.8422,0.855,4.76,213,ec866e3a108f9970c2a88a6014a1da57,Substantivo
de,German,wohin,wohin,adv,itg,146,0.8424,0.8523,8.81,214,3872a653906d5ba6bda1d622a7e9ecb4,Advérbio
de,German,den,die,det,def;mf;pl;dat,673,0.8425,0.8514,14.59,215,e5bc9d39153174e672aa0be5d8045468,Determinante
de,German,hat,haben,vbhaver,pri;p3;sg;@present_perfect,150,0.8427,0.8507,54.94,216,19dbc0fc92268f2a0f785319ca85794f,vbhaver
de,German,speziell,speziell,adj,pst;pred,124,0.8427,0.8432,4.69,216,7eca1d1ff2ee141879c39a67e8ef8b69,Adjetivo
de,German,kinder,kind,n,nt;pl;nom,2697,0.8428,0.8492,5.65,218,135ef9ca7dffefc60996ed3ce9231ced,Substantivo
de,German,gefällt,gefallen,vblex,pri;p3;sg,202,0.8429,0.852,5.1,219,abd192827bd31c65511f1b1511c7f40a,Verbo
de,German,mitglied,mitglied,n,nt;*numb;*case,274,0.8431,0.8386,2.24,220,82cadde3243593f220eafeb1f3408572,Substantivo
de,German,welcher,welch,det,ind;f;sg;dat;st,291,0.8435,0.8908,8.62,221,b9412c68e141956e599d707d74eb54dc,Determinante
de,German,anderen,ander,det,ind;mf;pl;dat;sw,373,0.8435,0.8782,8.27,221,cc83d9f074c4a00f6e40895d4c5db322,Determinante
de,German,unsere,unser,prn,pos;mf;pl;nom,1005,0.8436,0.8585,6.98,223,a71f2cf3b50475e30f2c5c22898774e3,Pronome
de,German,unsere,unser,prn,pos;f;sg;acc,494,0.8437,0.8565,5.17,224,32a922ed8f8378767f3aba92137dde31,Pronome
de,German,meine,mein,prn,pos;mf;pl;acc,576,0.8442,0.8513,6.44,225,32cfbb3b8a92650fa5e3320761ceb11b,Pronome
de,German,guter,gut,adj,pst;m;sg;nom;mix,280,0.8446,0.867,8.11,226,569eb5d8b8f8f70a9938579b0057d937,Adjetivo
de,German,jeden,jed,det,ind;m;sg;acc;sw,405,0.8447,0.8467,5.05,227,8a34b6deb7219dc97eb2b08741a7f09f,Determinante
de,German,extrem,extrem,adj,pst;pred,232,0.8452,0.8659,4.73,228,86b81f27c675de0c0543d38174e1c2e1,Adjetivo
de,German,zuständig,zuständig,adj,pst;pred,120,0.8453,0.8792,4.88,229,df3cfee680ded60cfc0e07f4455f8a20,Adjetivo
de,German,hilfreich,hilfreich,adj,pst;pred,212,0.8456,0.8892,4.23,230,ab3a91e781cf1143aa0e9eb2b25d145d,Adjetivo
de,German,betrifft,betreffen,vblex,pri;p3;sg,193,0.8458,0.8599,5.57,231,b4b5915790e7ce91e0ba310c1971d169,Verbo
de,German,esst,essen,vblex,pri;p2;pl,4372,0.8459,0.857,8.06,232,2429597b6723a98e21068629ab3f4231,Verbo
de,German,schlafzimmer,schlaf,n,,538,0.8459,0.8684,4.62,232,8230a352b32a210aaf41e4562f32420d,Substantivo
de,German,töchter,tochter,n,f;pl;nom,868,0.8462,0.8666,5.12,234,7a1fc29906265296704c4b562adcc632,Substantivo
de,German,löffel,löffel,n,m;sg;acc,1859,0.8463,0.8561,5.51,235,78baf8dfa98a6e325366f500952b3ff5,Substantivo
de,German,lehrer,lehrer,n,m;sg;dat,4170,0.8471,0.8571,9.21,236,db39f8fc3c7ad9cfbdd37439fdf83168,Substantivo
de,German,man,man,det,ind;mf;sg;nom,926,0.8473,0.878,6.05,237,379be042c102166ddc7e3b0b2f562809,Determinante
de,German,und,und,cnjcoo,,1311,0.8474,0.8652,59.32,238,e0fc2007688b591de1acf8374c9ce38e,Conjunção
de,German,stuhl,stuhl,n,m;sg;*case,499,0.8477,0.8516,2.97,239,070a2a4d867f7ab59ef22f790c4e32b7,Substantivo
de,German,rezept,rezept,n,nt;sg;*case,1591,0.8479,0.8506,2.83,240,28512f032c9626232bea8efc74ed73b7,Substantivo
de,German,ihm,er,prn,p3;m;sg;dat,634,0.8489,0.866,7.59,241,50ee92b3fd703f58ee61aca5b5ef3121,Pronome
de,German,maße,maß,n,nt;pl;*case,279,0.8489,0.866,3.42,241,5b0899e41aa30cdc6618729ed212abf4,Substantivo
de,German,beide,beide,det,ind;mf;pl;nom;sw,648,0.8491,0.8647,4.44,243,e6e7ea616ecf7709509efcfaa5f54bf3,Determinante
de,German,lehrerin,lehrerin,n,f;sg;acc,134,0.8493,0.8506,4.03,244,4c623371ba3bece5d2e43c90b306d779,Substantivo
de,German,jungen,junge,n,m;pl;nom,167,0.8493,0.8533,1.2,244,fe5eb6d9f36f6d1c24da6701a0c9af8a,Substantivo
de,German,individuell,individuell,adj,pst;pred,134,0.8495,0.8563,4.22,246,6bbbe3bcb8a4ae1ec52a6367f620a375,Adjetivo
de,German,haus,haus,n,nt;sg;dat,671,0.8499,0.8512,1.92,247,1cd97e3ca798b64b751e358fdb0b1030,Substantivo
de,German,auf,auf,pr,acc,454,0.851,0.8661,10.7,248,fc2488519350654e5a8a92f46fe8d864,Preposição
de,German,weißen,weiß,adj,pst;nt;sg;dat;mix,405,0.8519,0.8588,6.36,249,5e9f3d96372959a0e43eb242a575928c,Adjetivo
de,German,schmuck,schmuck,n,m;sg;*case,392,0.852,0.851,2.51,250,d835ed1b8811557dbc9e9053c6617832,Substantivo
de,German,eher,eher,adv,,315,0.8521,0.8791,6.36,251,e22c87c6faa159ff688a8f35222f10c2,Advérbio
de,German,meisten,meist,det,ind;mf;pl;acc;sw,804,0.8521,0.8743,7.91,251,f54aac5e065f78c416415e683d941c93,Determinante
de,German,apfel,apfel,n,m;sg;acc,8985,0.8522,0.8649,8.05,253,46cd21495035f225d4fe8fc8552badc0,Substantivo
de,German,paar,paar,n,nt;sg;nom,454,0.8522,0.8679,5.64,253,600b51f991850eac9e4df61f2f70d407,Substantivo
de,German,englische,englisch,adj,pst;mf;pl;acc;st,177,0.8527,0.9036,9.31,255,4a37fd4c670d1a3a42c580fc32a309e9,Adjetivo
de,German,dieses,dies,prn,dem;nt;sg;acc,500,0.8527,0.8604,5.24,255,afc7db3d97cb39df7123dd837c50174e,Pronome
de,German,groß,groß,adj,pst;pred,1321,0.8528,0.8559,24.14,257,52383869a8feb3e5cf83dbf7fab9a018,Adjetivo
de,German,jeder,jed,det,ind;m;sg;nom;sw,656,0.8528,0.8638,5.21,257,88233a31a56b680032398ebafc507cb0,Determinante
de,German,restaurant,restaurant,n,nt;sg;dat,6180,0.8533,0.8625,15.13,259,d2c8d82b57a02448138c274e578261de,Substantivo
de,German,sie,sie,prn,p3;mf;pl;nom;@formal,4474,0.8534,0.9033,29.82,260,33fead6e037d756872320b88174166d3,Pronome
de,German,spricht,sprechen,vblex,pri;p3;sg,383,0.8535,0.8673,8.49,261,f8e8b7e84b5f7543744650825d5415f8,Verbo
de,German,grünen,grün,adj,pst;m;sg;acc,424,0.8536,0.8617,6.5,262,a855cf9d8f4b44842c5911d03e3a6b4e,Adjetivo
de,German,meinen,mein,prn,pos;m;sg;acc,445,0.8539,0.8798,5.69,263,e346bda36eb0adeb2e0c4f86ae891c6f,Pronome
de,German,heimwerker,heimwerker,n,m;sg;nom,250,0.854,0.884,3.86,264,f04e9359f54c9e057d06229f0078ab08,Substantivo
de,German,sind,sein,vbser,pri;*pers;pl,178,0.8543,0.8722,26.05,265,20c9504a3eeca5227926ca13b5697d03,vbser
de,German,der,die,det,def;f;sg;dat,1462,0.8549,0.8637,6.84,266,23cd8c19d766c397468d40c79efdf5ea,Determinante
de,German,freunden,freund,n,m;pl;dat,1259,0.8552,0.866,4.48,267,90ca79151cf72376eb98421cfb4c4054,Substantivo
de,German,schwarze,schwarz,adj,pst;f;sg;acc,405,0.8552,0.8686,5.88,267,df6755e40af7a6c0abb39c404c7f6cfa,Adjetivo
de,German,gerne,gerne,adv,,106,0.8553,0.8654,7.92,269,b66dba121b977b01bbf5a56be09102d4,Advérbio
de,German,einen,ein,det,ind;m;sg;acc,6654,0.8554,0.8965,11.65,270,9fd5e36e3610cccd451acba4d29990ca,Determinante
de,German,definiert,definieren,vblex,pri;p3;sg,209,0.8561,0.8567,4.83,271,13302250dd3c42bb38cd86e34b5a44cf,Verbo
de,German,auf,auf,pr,dat,724,0.8561,0.8648,26.28,271,afbd69e17e52e35da5626c49ae3ca3ec,Preposição
de,German,unser,unser,prn,pos;nt;sg;nom,928,0.8563,0.8788,7.61,273,2e2dbf9bfbaf5484976acfbb9b36d080,Pronome
de,German,heizung,heizung,n,f;sg;nom,476,0.8563,0.8704,4.76,273,5f41f925b6a5583eb8029433ebbf7296,Substantivo
de,German,unserem,unser,prn,pos;m;sg;dat,369,0.8564,0.876,4.67,275,52e301801260054317ae8c5ad8d46cf3,Pronome
de,German,selbstverständlich,selbstverständlich,adj,pst;pred,148,0.8565,0.8571,5.14,276,468b17dc495469c3a8c5a7ad4b94fafa,Adjetivo
de,German,verpflichtet,verpflichtet,adj,pst;pred,144,0.8565,0.875,4.42,276,b0ef39ec65a171b03622689c2829c525,Adjetivo
de,German,tisch,tisch,n,m;sg;acc,2985,0.8568,0.8661,6.75,278,5aa51924d40dbbb404d78bcfd3224157,Substantivo
de,German,käufer,käufer,n,m;sg;*case,185,0.8568,0.8716,3.09,278,5f3e64696a179bcd30d8aa669dfc8436,Substantivo
de,German,haus,haus,n,nt;*numb;*case,503,0.8569,0.8505,19.76,280,38797ab0aa7d6b38a3942a600d5c6112,Substantivo
de,German,dein,dein,prn,pos;nt;sg;acc,462,0.857,0.8795,6.54,281,8b8f1b053b58e6c29aab20965826ba66,Pronome
de,German,ente,ente,n,f;sg;acc,2082,0.8572,0.8645,6.04,282,8fd8a3eca8b85ed3418bff774389f1f2,Substantivo
de,German,tisch,tisch,n,m;sg;dat,2772,0.8573,0.8753,7.42,283,a0632c710ea86295a40b21f2eac74a86,Substantivo
de,German,dienstleistung,dienstleistung,n,f;*numb;*case,235,0.8574,0.87,4.67,284,1c370096d123c360b4825950d8d908ff,Substantivo
de,German,einem,ein,det,ind;nt;sg;dat,1399,0.8577,0.8678,7.44,285,3c83f19c090c27193c34f5d06a899c4a,Determinante
de,German,kritik,kritik,n,f;sg;nom,327,0.858,0.8767,5.06,286,b800cd560ed91c3de374f61e8a2fcf6c,Substantivo
de,German,herzlich,herzlich,adj,pst;pred,173,0.8584,0.8839,4.87,287,7d3968128ae7355b1eaa670a4f10c7c3,Adjetivo
de,German,schwarze,schwarz,adj,pst;mf;pl;acc;st,564,0.8588,0.8571,6.9,288,9572d9114961c43f77bb39e7a2ea5ac8,Adjetivo
de,German,teller,teller,n,m;sg;acc,3010,0.8589,0.8722,8.21,289,7070ddd564fccd8da0362941b8a647b8,Substantivo
de,German,seinen,sein,prn,pos;m;sg;acc,550,0.8591,0.8815,6.98,290,3b09e41dd2a0da18f90b78e889635b5d,Pronome
de,German,warum,warum,adv,itg,195,0.8591,0.875,14.05,290,a6fc71e4ddf2fdae416dd2d38556eb53,Advérbio
de,German,milliarden,milliarde,n,f;pl;acc,561,0.8592,0.8688,6.25,292,4c12a0bd7aa12731f03918172bd37691,Substantivo
de,German,anfänger,anfänger,n,m;sg;nom,277,0.8592,0.8761,4.53,292,ddbc4f74482ca57078a506b38fc583ee,Substantivo
de,German,milch,milch,n,f;sg;*case,3173,0.8598,0.867,4.28,294,e1a4b73ededc4032627e418a3bb86cd0,Substantivo
de,German,pferd,pferd,n,nt;sg;nom,1713,0.8601,0.8755,5.44,295,25821333c1e8c55901651064129babce,Substantivo
de,German,kosmetik,kosmetik,n,f;sg;nom,367,0.8603,0.8628,3.57,296,3ffecafe129bc777fb3ef9f8a593ddef,Substantivo
de,German,entwickler,entwickler,n,m;sg;nom,256,0.8604,0.8816,4.38,297,6578a1dcdcb9025fb9581641cd7a5966,Substantivo
de,German,allen,alle,det,ind;mf;pl;dat;sw,380,0.8608,0.8857,6.69,298,39e67ce184c3d9cd5a4e7081ce7c5e2d,Determinante
de,German,spielen,spielen,vblex,pri;*pers;pl,164,0.8608,0.8619,5.37,298,d9251c1cab9662de0cd0bbb915df7afd,Verbo
de,German,erste,erst,adj,ord;m;sg;nom;sw,435,0.861,0.8754,5.46,300,dc60f12c236cd4f74f5704e0aedb502c,Adjetivo
de,German,kleid,kleid,n,nt;*numb;*case,433,0.8614,0.8607,2.95,301,fd112a34d3457614a4124d5319d9d9bb,Substantivo
de,German,tür,tür,n,f;*numb;*case,462,0.8615,0.8632,2.91,302,072ca2e29875698a7f45c27c6fa9f826,Substantivo
de,German,reiseführer,reiseführer,n,m;sg;nom,294,0.8618,0.8786,5.53,303,6aca4b69112461fec1531ef11cee87f1,Substantivo
de,German,die,die,det,def;mf;pl;nom,5038,0.8618,0.8817,14.71,303,92c857a04fcd6e41a33ef34a69cd9847,Determinante
de,German,kein,kein,det,ind;nt;sg;acc;st,496,0.8619,0.8623,8.03,305,c9002420b3dd1f3ba022ea6fdce08f70,Determinante
de,German,einem,ein,det,ind;m;sg;dat,1982,0.8621,0.8824,9.29,306,9bd665a5422d49c0e614a7e4cdb98736,Determinante
de,German,falls,falls,cnjsub,,156,0.8623,0.855,9.05,307,dfba549e479424663a1dac128a592b77,Conjunção
de,German,blauen,blau,adj,pst;m;sg;acc,446,0.8625,0.8787,5.48,308,61a6cdf269a11273bd76d9e15eee0fac,Adjetivo
de,German,teller,teller,n,m;pl;acc,3518,0.8625,0.8725,6.96,308,743c58c5dd541b6bd8466547f730466d,Substantivo
de,German,nach,nach,pprep,dat,125,0.8627,0.8947,7.02,310,778084a25dc10f64ac9c7be6810841d8,pprep
de,German,mir,ich,prn,p1;mf;sg;dat,796,0.863,0.8765,11.65,311,91520bedc38e8013eeeb855b1b5591cb,Pronome
de,German,freund,freund,n,m;*numb;*case,297,0.8636,0.8617,31.41,312,15c56a1457791035a4589b24b0b2dcdb,Substantivo
de,German,habe,haben,vbhaver,pri;p1;sg;@present_perfect,119,0.8636,0.882,52.86,312,e9e4d86478d4c661661418e03d76afcb,vbhaver
de,German,an,an,pr,acc,156,0.8638,0.8693,8.22,314,bb7397cbcb9f6665fcba49eced7b8619,Preposição
de,German,deine,dein,prn,pos;mf;pl;acc,545,0.864,0.877,7.25,315,a669cb1c71e2893286ee2e1f56873097,Pronome
de,German,wie,wie,cnjadv,,410,0.864,0.872,18.84,315,d7b56111f01050246a17c0d32bba4cce,cnjadv
de,German,orange,orange,n,f;sg;nom,125,0.864,0.8768,1.18,315,ec980b47a6eecff122ef6eadfd74ccdc,Substantivo
de,German,ihr,ihr,prn,p2;mf;pl;nom,5371,0.8644,0.8757,9.39,318,5c1e0698d256abf42b35bd7d9125dacf,Pronome
de,German,welches,welch,det,ind;nt;sg;nom;st,566,0.8645,0.8738,5.44,319,052b3e7cc1ea6cdc06ba0904e1a54879,Determinante
de,German,hälfte,hälfte,n,f;sg;nom,344,0.8645,0.895,5.07,319,c48d3e10fce4ea76a74ea924841f3c9b,Substantivo
de,German,rote,rot,adj,pst;nt;sg;nom;sw,361,0.8645,0.868,5.28,319,ecc35dbb41f97bee8af6b236736eabf2,Adjetivo
de,German,vom,von,pr,,146,0.8647,0.8756,11.28,322,7902c086f58a00bed6142a46a6a50425,Preposição
de,German,bürger,bürger,n,m;sg;nom,307,0.8647,0.8801,4.25,322,eb4cdf13ad3b72bb8bd84fbb41ab5a47,Substantivo
de,German,meinen,mein,prn,pos;mf;pl;dat,523,0.8648,0.8804,6.9,324,6c73fef2e5a3b0fc471dfe2fbd38a3d7,Pronome
de,German,wessen,wer,prn,itg;mf;sg;gen,116,0.8649,0.8824,6.14,325,3a335dfe7f51f58f10f99ca42c22f45a,Pronome
de,German,deutsches,deutsch,adj,pst;nt;sg;nom;mix,259,0.8649,0.8803,4.36,325,c951f0f86e31646c3faa35c0c10153a2,Adjetivo
de,German,diese,dies,prn,dem;mf;pl;acc,498,0.865,0.8786,4.72,327,75983c5d243c99aec284971332eb2622,Pronome
de,German,eure,euer,prn,pos;mf;pl;nom,748,0.865,0.8897,5.97,327,f76cf9bc21120110fc3b369ccf202540,Pronome
de,German,paar,paar,det,ind;sw,460,0.8651,0.8803,7.03,329,4ec82203ad7744788dc0b95be0d9693e,Determinante
de,German,die,die,det,def;mf;pl;acc,1731,0.8653,0.8781,6.32,330,796c79f41d6cd729fa816ee661fe45b8,Determinante
de,German,frauen,frau,n,f;pl;nom,2207,0.8654,0.8777,6.12,331,ca22b0eefc3105b30f157467e9304b91,Substantivo
de,German,laden,laden,n,m;sg;dat,1719,0.8656,0.8718,8.76,332,4e02cf2b5413eddcbd1b50e06c621cba,Substantivo
de,German,ihre,ihr,prn,pos;f;sg;acc,607,0.866,0.8807,6.95,333,56b56cbe5a9b0e8db7705347b36d0e79,Pronome
de,German,weißen,weiß,adj,pst;m;sg;acc,425,0.8662,0.8748,6.07,334,9eff36ac432afea844fcb5c15b938749,Adjetivo
de,German,handwerk,hand,n,,249,0.8665,0.8799,4.07,335,c2859980f61e3e16fd601c21cead8216,Substantivo
de,German,tomate,tomate,n,f;sg;acc,290,0.8666,0.8682,1.09,336,7c277bfaf14a257bd0a53eb2064121aa,Substantivo
de,German,hersteller,hersteller,n,m;sg;*case,215,0.8667,0.8791,4.33,337,148031a6fbef940b752b88c38e33ce0c,Substantivo
de,German,vertreter,vertreter,n,m;sg;nom,240,0.867,0.8911,4.72,338,a52cd89e5891974b1e00db637f260efd,Substantivo
de,German,mädchen,mädchen,n,nt;pl;nom,3058,0.8672,0.8925,11.03,339,68b3cc8b3dd20813c27711cbf0fc5f15,Substantivo
de,German,partnerschaft,partner,n,,837,0.8672,0.8861,5.22,339,9210c1729517f5a28508188ac0fe4044,Substantivo
de,German,dein,dein,prn,pos;nt;sg;nom,822,0.8672,0.8842,5.53,339,c22468483ee82345f99da6cbbef8bf1e,Pronome
de,German,brüder,bruder,n,m;pl;nom,1002,0.8674,0.8753,6.23,342,e4575236934b96558bc58ee042801dca,Substantivo
de,German,unserem,unser,prn,pos;nt;sg;dat,392,0.8675,0.8831,6.22,343,e796a00de14cf29170e2d53b7a332641,Pronome
de,German,vorgesehen,vorgesehen,adj,pst;pred,102,0.8676,0.8966,3.7,344,c97b10a2d2451ca13ab793d6e3c8f7a3,Adjetivo
de,German,unseren,unser,prn,pos;m;sg;acc,452,0.8677,0.8858,5.12,345,62a4cc1a1bba4c90106916318009d47b,Pronome
de,German,morgen,morgen,adv,,354,0.868,0.8874,14.41,346,cd24c3d0a7bcacef0606e1d9b145a4fe,Advérbio
de,German,ei,ei,n,nt;sg;*case,2045,0.8681,0.8712,3.59,347,840f9b94aca547b7487ec01c2d14348c,Substantivo
de,German,arzt,arzt,n,m;*numb;*case,280,0.8681,0.8571,4.38,347,b72b3f615782f5871994588079603c1c,Substantivo
de,German,eigentümer,eigentümer,n,m;*numb;*case,258,0.8682,0.8768,3.7,349,4ffabd848a8c5b8fa20bcca0a18d2dc6,Substantivo
de,German,gegen,gegen,pr,acc,110,0.8682,0.8837,5.69,349,8a2ec81576a725a91a15a73184833499,Preposição
de,German,töchter,tochter,n,f;pl;acc,1229,0.8684,0.8815,6.49,351,9dbabaec86b4bd526c19d768ec0caf38,Substantivo
de,German,unter,unter,pr,acc,118,0.8684,0.8971,7.22,351,f648634565dab5ba0cb5c43a015702ff,Preposição
de,German,was,was,prn,itg;nt;sg;acc,1126,0.8686,0.8858,13.21,353,18f4883d4bf75c4db006658a4e15601b,Pronome
de,German,architekten,architekt,n,m;*numb;*case,208,0.8686,0.8655,3.2,353,7e79289b18ef83b7b0f138a16021212e,Substantivo
de,German,schüssel,schüssel,n,f;sg;acc,137,0.8686,0.8662,1.05,353,ba68b24b5ad54d43627c8db1a174b82a,Substantivo
de,German,alle,alle,det,ind;mf;pl;nom;sw,1394,0.8688,0.8758,7.17,356,68e328506cbc66fa56e2dc4328ba8789,Determinante
de,German,liest,lesen,vblex,pri;p3;sg,7213,0.8689,0.8834,14.4,357,557379cbe1806198cbd023d34822d4e2,Verbo
de,German,geschäftsführer,geschäftsführer,n,m;sg;*case,225,0.8689,0.8765,4.27,357,b8b433361ba6e229f97d211e47fedf19,Substantivo
de,German,verein,verein,n,m;*numb;*case,267,0.8693,0.8855,3.12,359,913c285be7e94121d4b1e00c89548454,Substantivo
de,German,gute,gut,adj,pst;mf;pl;acc;st,302,0.8696,0.8851,11.43,360,950dd6e668aeaf5a33bf6ceb6c24ef2d,Adjetivo
de,German,maßnahmen,maßnahme,n,f;pl;*case,270,0.8698,0.8809,3.43,361,65e222d3c0c17cc469cac59d39d7470c,Substantivo
de,German,perfekt,perfekt,adj,pst;pred,243,0.8699,0.8841,4.99,362,1d72332fdeb43df8c9e1baca821a7e53,Adjetivo
de,German,rezepte,rezept,n,nt;pl;*case,3369,0.87,0.8755,6.04,363,1f9f7fe66104f572043d3dd534634334,Substantivo
de,German,elefant,elefant,n,m;sg;nom,2653,0.87,0.8801,7.48,363,adb207fe11d179958fafc8fdf78932a7,Substantivo
de,German,hähnchensandwich,hähnchen,n,,2310,0.8702,0.8909,4.09,365,66fcf7e59efa7186ce4aba2bbab845e4,Substantivo
de,German,tasse,tasse,n,f;sg;*case,2245,0.8708,0.8714,3.32,366,bc4cfc44f8c83e308f291d83b95a5771,Substantivo
de,German,ernährung,ernährung,n,f;sg;nom,1974,0.8709,0.8829,4.5,367,1923b82870a0b830f494c890506c5376,Substantivo
de,German,richtig,richtig,adj,pst;pred,223,0.8713,0.8909,4.1,368,4b72b7a370a938d223db525f293e189d,Adjetivo
de,German,mit,mit,pr,dat,8411,0.8714,0.878,24.96,369,76af5c5ed20bd7a7c597e6f33a37ccbd,Preposição
de,German,glas,glas,n,nt;sg;dat,1126,0.8715,0.8839,2.36,370,5e2c9e5e34fe9fc53a70fca4917cdcaa,Substantivo
de,German,seit,seit,pr,dat,130,0.8718,0.8791,4.64,371,558139b2e72e95705efc1b71c24b9c9d,Preposição
de,German,wenige,wenig,det,ind;mf;pl;acc;sw,1009,0.8718,0.8973,8.29,371,9bb7bcccce0c3aa810e4b69edcdd7b46,Determinante
de,German,einwohner,einwohner,n,m;sg;nom,249,0.8718,0.8939,4.43,371,bab64902b49784c29bd67de9653eb00b,Substantivo
de,German,jungs,jungs,n,m;pl;dat,1120,0.872,0.8779,7.08,374,667fdc6bb6275508cd6eab426dfc4396,Substantivo
de,German,lehrerin,lehrerin,n,f;sg;*case,303,0.872,0.875,5.89,374,66d1e1b785ccee8a94e43852ad2f3f35,Substantivo
de,German,söhne,sohn,n,m;pl;nom,1013,0.8721,0.8838,4.59,376,36125a74251584570e092dc5a5a479e8,Substantivo
de,German,im,in,pr,,6051,0.8727,0.8805,17.37,377,7126a772cceb7a326eeffa18e1e63fb9,Preposição
de,German,ei,ei,n,nt;sg;acc,271,0.8727,0.8763,1.07,377,f1fecaa6e480ebc7fba8109bce2c6368,Substantivo
de,German,welchem,welch,det,ind;m;sg;dat;st,288,0.8729,0.9064,8.43,379,32f4c44c4517b97dbd5d587b4e19a136,Determinante
de,German,eindeutig,eindeutig,adj,pst;pred,165,0.8732,0.8855,4.92,380,1a84fb36a50b4c8eddc135f5114ada1e,Adjetivo
de,German,verbindung,verbindung,n,f;*numb;*case,284,0.8733,0.8671,2.7,381,f659734d13723895a912561af4c2957a,Substantivo
de,German,seine,sein,prn,pos;f;sg;acc,736,0.8735,0.8849,5.84,382,7e3b05382ca097794971f61befde4489,Pronome
de,German,spaß,spaß,n,m;sg;nom,121,0.8737,0.8929,5.45,383,73937ee16b16388455f3ded101083f5d,Substantivo
de,German,mädchen,mädchen,n,nt;sg;dat,1438,0.8737,0.8925,6.02,383,853e607da76ea3ffb2e9c05842c44994,Substantivo
de,German,bezahle,bezahlen,vblex,pri;p1;sg,271,0.8739,0.8853,4.81,385,91f4d9a54cd10c0c807a8cc4647aece9,Verbo
de,German,eine,ein,det,ind;f;sg;acc,14336,0.8739,0.8917,19.28,385,96e400fdbb0c09c224142b771abf2cbd,Determinante
de,German,hüte,hut,n,m;pl;acc,1753,0.8741,0.8848,4.21,387,aac88aa9959472091d55da998673fe22,Substantivo
de,German,heute,heute,adv,,270,0.8744,0.888,22.91,388,126bfd4d5309344dad18a8bc6668e260,Advérbio
de,German,frauen,frau,n,f;pl;dat,704,0.8745,0.907,5.77,389,05ad57247e08f86753281e3b6ca9740a,Substantivo
de,German,diesen,dies,prn,dem;mf;pl;dat,454,0.8745,0.8861,6.26,389,1ef5ad50f829120135d9d6068c82930b,Pronome
de,German,französisch,französisch,n,nt;sg;nom,377,0.8746,0.8783,3.16,391,4df38fcfcfb69617dee63b087f1282b3,Substantivo
de,German,unternehmer,unternehmer,n,m;sg;nom,341,0.8747,0.8844,6.19,392,f7b66edf085d469cf858c30c4cfa2807,Substantivo
de,German,mag,mögen,vbmod,pri;p3;sg,4197,0.8748,0.8783,8.86,393,e7664931db39d9be2d8f6ecd2c0e004e,vbmod
de,German,schüler,schüler,n,m;*numb;*case,284,0.875,0.8833,5.9,394,18f44fedc25a5d21b0bb5fcd5e9bbae5,Substantivo
de,German,kleidung,kleidung,n,f;sg;*case,400,0.875,0.8788,2.56,394,7f175e26d8579ce4c06428a281889036,Substantivo
de,German,oder,oder,cnjcoo,,353,0.8751,0.9026,15.25,396,43d26f66e34e939ee2ad04596414d8ba,Conjunção
de,German,reisen,reis,n,nt;pl;dat,654,0.8751,0.9026,6.16,396,91f4c9b2821019717fdd766aa518e4aa,Substantivo
de,German,erste,erst,adj,ord;f;sg;nom,381,0.8752,0.8905,4.83,398,7c297313bf8d4bd7d171fd9ec7769ca8,Adjetivo
de,German,vorname,vorname,n,m;sg;nom,3929,0.8754,0.8878,7.25,399,72d19935b4ced845d0997669712ac5cb,Substantivo
de,German,unbekannt,unbekannt,adj,pst;pred,187,0.8755,0.8849,5.19,400,7fcaba37f269028640ab8c6672b015b8,Adjetivo
de,German,ausgezeichnet,ausgezeichnet,adj,pst;pred,184,0.8755,0.886,3.99,400,b1bfddec75f6bb6abe918f9b9524304f,Adjetivo
de,German,komplett,komplett,adj,pst;pred,147,0.8756,0.8924,4.78,402,482481f19c89cfc892e36cb00cbfa299,Adjetivo
de,German,beliebt,beliebt,adj,pst;pred,167,0.8757,0.8937,5.02,403,94865187ec46256c273f55d5cfa491c3,Adjetivo
de,German,knapp,knapp,adj,pst;pred,104,0.8758,0.8865,3.59,404,90500cd4ced11e336a9e3fb8548ba878,Adjetivo
de,German,möbel,möbel,n,nt;pl;*case,329,0.8759,0.8782,2.82,405,4cb06d2a538591da0682b6889303fec1,Substantivo
de,German,rechts,rechts,adj,,263,0.8761,0.8856,4.12,406,e221c3db7bd2a540252e35516fe822a3,Adjetivo
de,German,lebensmittel,lebensmittel,n,nt;pl;nom,1289,0.8762,0.8856,4.33,407,9fa4f5a072b2647ef8d70ee817edd0be,Substantivo
de,German,tier,tier,n,nt;sg;nom,2304,0.8763,0.8877,5.65,408,2c4c8448ad81aac24be063e284599557,Substantivo
de,German,erdbeere,erde,n,,2733,0.8763,0.8847,6.76,408,bafb877aee1957b5412d184139ae00a9,Substantivo
de,German,echt,echt,adj,pst;pred,178,0.8764,0.875,5.34,410,5847b951c9f3031e526ffdf1273b3f0e,Adjetivo
de,German,gerät,gerät,n,nt;*numb;*case,413,0.8765,0.8791,3.11,411,b3dbab7507153704df2579a8cd03d880,Substantivo
de,German,ohne,ohne,pr,acc,151,0.8769,0.9067,7.97,412,0b17211029a25f59a319fc046e8b8366,Preposição
de,German,eltern,eltern,n,mf;pl;dat,788,0.8769,0.8825,4.22,412,f05ca566272da11d6d9bdd44888f6178,Substantivo
de,German,unser,unser,prn,pos;nt;sg;acc,484,0.877,0.8955,5.52,414,f98ebdbd510056740b529cd597524456,Pronome
de,German,händler,händler,n,m;sg;nom,361,0.8773,0.8998,6.05,415,016d96bbab619d6b66e98db52d4c0765,Substantivo
de,German,familien,familie,n,f;pl;acc,869,0.8773,0.8931,5.3,415,3b174b4196efa2295f0b4465702d61b4,Substantivo
de,German,laufe,laufen,vblex,pri;p1;sg,223,0.8779,0.8949,4.42,417,f43e471054ece91ceaa1c510e988ee6b,Verbo
de,German,solche,solch,det,ind;mf;pl;acc;sw,1377,0.8781,0.9027,4.89,418,30710ae8b8a4b66581bd84d2987f19ec,Determinante
de,German,hat,haben,vbhaver,pri;p3;sg,6154,0.8783,0.8839,16.63,419,5fa1f0fcc3b5d93b8617169e59884367,vbhaver
de,German,weißen,weiß,adj,pst;mf;pl;nom;mix,364,0.8784,0.8868,8.27,420,7b1609e3453cde07bda6a4ae83ce5b8e,Adjetivo
de,German,was,was,prn,itg;nt;sg;nom,892,0.8785,0.8875,6.27,421,d4739de0d9002007521cad8c0574c9ce,Pronome
de,German,fischsandwich,fisch,n,,3375,0.8788,0.8945,6.84,422,0c47e6f6ab8a1c859be1fc43e2713af1,Substantivo
de,German,jungs,jungs,n,m;pl;nom,1683,0.8789,0.8898,7.35,423,09a557b3d3fefe24544d29e606a69fec,Substantivo
de,German,trinken,trinken,vblex,pri;p3;pl,3900,0.879,0.8914,6.29,424,79006e038c1d2aacf9148ac7adbbe534,Verbo
de,German,manche,manch,det,ind;mf;pl;nom;st,1286,0.879,0.8983,8.84,424,9aa7f99494c77821b6add01c57b4aa61,Determinante
de,German,ihnen,sie,prn,p3;mf;pl;dat;@formal,1088,0.8791,0.9075,7.58,426,0a61a9bd6754078a277bbb1c6a1d5919,Pronome
de,German,haben,haben,vbhaver,pri;p3;pl,4373,0.8791,0.8944,6.1,426,a6d1be753de87a9ad446c29d4dc217b5,vbhaver
de,German,schüssel,schüssel,n,f;sg;dat,1126,0.8793,0.8893,2.7,428,eba30c5bb92dd691ec61b58778166695,Substantivo
de,German,freundin,freundin,n,f;sg;acc,2242,0.8798,0.8972,5.91,429,9e1f56b08922d1d9f7ab663b58d88367,Substantivo
de,German,viele,viel,det,ind;mf;pl;nom;sw,763,0.8803,0.8945,5.88,430,62a7d3a71883295409a6d0e1016908a3,Determinante
de,German,sehr,sehr,adv,,996,0.8804,0.8861,17.77,431,4ac9cde0a1bcd3dc50a8ae89363d12fb,Advérbio
de,German,beziehungen,beziehung,n,f;pl;acc,916,0.8805,0.895,4.94,432,888ee5d39318b361975da8f3629a3e6e,Substantivo
de,German,sandwich,sandwich,n,nt;sg;nom,159,0.8805,0.8848,1.08,432,950a2d0b0fd7cbbef235e2632fc390a7,Substantivo
de,German,beginnt,beginnen,vblex,pri;p3;sg,214,0.8807,0.8951,4.37,434,1cc11e8cb4d13eb0aa14787aea4944aa,Verbo
de,German,rotes,rot,adj,pst;nt;sg;acc;mix,439,0.8807,0.8799,5.62,434,a085e32c14ef1524232060dbf3b6394f,Adjetivo
de,German,frau,frau,n,f;*numb;*case,319,0.8809,0.8815,80.35,436,6b466c02f90b64f7299a8889e8fc3398,Substantivo
de,German,sowie,sowie,cnjcoo,,204,0.881,0.8925,7.93,437,fff70e9352d896105563156d7023d878,Conjunção
de,German,lehrer,lehrer,n,m;sg;acc,3206,0.8811,0.8903,6.6,438,1bb8aab6f857201d04364f1239756111,Substantivo
de,German,rock,rock,n,m;*numb;*case,455,0.8813,0.8816,3.18,439,4f5c83f11ea0f7e1722ac040cbbbf6bf,Substantivo
de,German,zeitung,zeitung,n,f;sg;acc,9342,0.8813,0.8956,14.27,439,cc01ee792b3eb9009d0af8185bd5bc7f,Substantivo
de,German,kartoffel,kartoffel,n,f;sg;nom,156,0.8814,0.8908,1.26,441,94194a80616cdcf9d6a8647dd564f23e,Substantivo
de,German,schwarzes,schwarz,adj,pst;nt;sg;acc;mix,439,0.8818,0.8975,5.19,442,3643dabc840b799186db14e17c750a98,Adjetivo
de,German,die,die,det,def;f;sg;nom,31954,0.8818,0.8956,33.59,442,7dfd7086f3671685e2cf1c1da72796d7,Determinante
de,German,ein,ein,det,ind;nt;sg;acc,15511,0.882,0.8911,26.27,444,7f78970589f8a9fe95bca610215c051a,Determinante
de,German,dem,der,det,def;m;sg;dat,7767,0.8829,0.9121,16.28,445,ccacc503fbab964215a09975ded9052f,Determinante
de,German,lautet,lauten,vblex,pri;p3;sg,137,0.8832,0.9079,4.9,446,ee08bccb8255732f2b56428dfc628108,Verbo
de,German,jedes,jed,det,ind;nt;sg;nom;sw,706,0.8833,0.8932,5.8,447,22eab84cf4ccfcc9142cf1a5aeb1867f,Determinante
de,German,telefonnummer,telefon,n,,472,0.8833,0.893,5.28,447,4bc15006c82627547ab4acd09f35b966,Substantivo
de,German,jetzt,jetzt,adv,,124,0.8833,0.8802,13.82,447,92d5543546c3f99c33a3defda45f6fdb,Advérbio
de,German,schlüssel,schlüssel,n,m;*numb;*case,484,0.8833,0.8847,3.13,447,ca72732785ce67fa1ce54872be091ace,Substantivo
de,German,mittagessen,mittag,n,+essen<n;nt;sg;dat,173,0.8834,0.8947,3.9,451,6fa3ec8c768011845413d4bc819d5d18,Substantivo
de,German,kostenlos,kostenlos,adj,pst;pred,251,0.8835,0.8942,5.96,452,f5bad99f057704bd0da37268b03bd433,Adjetivo
de,German,diesem,dies,prn,dem;nt;sg;dat,427,0.8837,0.9027,6.41,453,21914d874769743852c7185481ef9a16,Pronome
de,German,villa,villa,n,f;sg;*case,370,0.8838,0.8847,2.32,454,4c61bf109535c2f4c4720597a30902cf,Substantivo
de,German,bevölkerung,bevölkerung,n,f;sg;*case,207,0.8841,0.8864,3.35,455,4a39d90cf7b46bcf8a4ac5fcd7141f4e,Substantivo
de,German,rot,rot,adj,pst;pred,767,0.8841,0.8917,8.82,455,af88719c719b5cd59fe4272f9ab38966,Adjetivo
de,German,wo,wo,adv,itg,444,0.8842,0.8962,25.84,457,502eeda38c2cb2bf45cf34b628fa816d,Advérbio
de,German,es,es,prn,p3;nt;sg;nom,13754,0.8843,0.8895,18.74,458,f0018f1d6164d3c67265ca716588f7cb,Pronome
de,German,bad,bad,n,nt;sg;*case,355,0.8845,0.8848,2.35,459,f2707fd6b4fbb4023224b646e06b4ad9,Substantivo
de,German,sechs,sechs,num,sp,610,0.8851,0.8944,6.19,460,2e3c832f758d0478743ccbb63ffeba93,Numeral
de,German,ratgeber,ratgeber,n,m;sg;nom,269,0.8852,0.9012,4.46,461,7dd31dff3bde53d4b4572c425939f65c,Substantivo
de,German,glas,glas,n,nt;sg;*case,2545,0.8854,0.8861,3.5,462,be1c0f698b22536cb1c874db21b576e1,Substantivo
de,German,gute,gut,adj,pst;f;sg;nom,254,0.8855,0.8918,7.15,463,9d4dc6dfbc2c1b2891a2d21b97cbe7fb,Adjetivo
de,German,vogel,vogel,n,m;sg;acc,2219,0.8856,0.8857,4.48,464,407daf9da97cfb4740b459d4bb1cead2,Substantivo
de,German,vater,vater,n,m;sg;acc,826,0.8856,0.8972,5.89,464,ef287934e6ca9c5002b546c90417d345,Substantivo
de,German,person,person,n,f;*numb;*case,296,0.8857,0.8936,3.03,466,88ff27c6f650c4e6863bf63748a54b00,Substantivo
de,German,eines,ein,det,ind;nt;sg;acc,935,0.8858,0.9166,7.85,467,929dbf296ac7b9a1ebd848ddb70c7234,Determinante
de,German,hinter,hinter,pr,dat,108,0.8858,0.9161,5.28,467,9b49bb8219de0b06b8c76f51e01a0d64,Preposição
de,German,fenster,fenster,n,nt;*numb;*case,377,0.8859,0.8851,2.77,469,4bf2747cc97133721e365963ef53e7a4,Substantivo
de,German,kurz,kurz,adj,pst;pred,212,0.886,0.9108,4.38,470,71be3d0cef9784733d4f1a1dbfbe6a7b,Adjetivo
de,German,kennt,kennen,vblex,pri;p3;sg,218,0.8861,0.8978,5.98,471,cc0c2589f1bc9f927dde35b804a8a23d,Verbo
de,German,weiße,weiß,adj,pst;m;sg;nom;sw,400,0.8862,0.8944,4.87,472,bcbdb74fabddb95e0535e557f0fe83c5,Adjetivo
de,German,zehn,zehn,num,sp,607,0.8863,0.8942,5.78,473,b094644d925de5af5beac06ec57c4d76,Numeral
de,German,immobilien,immobilie,n,f;pl;acc,278,0.8867,0.9038,3.42,474,2cdbd4dcaa56190c22235b8f6102198f,Substantivo
de,German,mädchen,mädchen,n,nt;pl;dat,1011,0.8867,0.9,6.78,474,58c8614e0985c27ebc95b758ee78482f,Substantivo
de,German,rotes,rot,adj,pst;nt;sg;nom;mix,387,0.887,0.897,5.25,476,73f18f35c94f63830a427d7578499f82,Adjetivo
de,German,schnell,schnell,adj,pst;pred,182,0.8871,0.8893,5.37,477,17d8af71a399e629030027555aae5bfc,Adjetivo
de,German,orangen,orange,n,f;pl;acc,3213,0.8871,0.9016,6.68,477,e1ce6c03970b32f75fdd8cf99365833c,Substantivo
de,German,sohn,sohn,n,m;sg;nom,1121,0.8873,0.8941,5.74,479,dd56956e9585f9534d2fe8fe2a7e3ebf,Substantivo
de,German,deine,dein,prn,pos;mf;pl;nom,841,0.8874,0.9013,5.92,480,8dd1b01fc28fd2c63d6a30cb1e8451cf,Pronome
de,German,erste,erst,adj,ord;f;sg;acc,461,0.8874,0.8967,6.0,480,a775326f4e19624be0a61d93eed6a231,Adjetivo
de,German,flasche,flasche,n,f;sg;*case,2146,0.8878,0.8918,3.86,482,1c62509dd97cd0efa3265f784acd289a,Substantivo
de,German,sie,sie,prn,p3;mf;pl;acc;@formal,1157,0.8878,0.9175,7.51,482,a0bb70f957f2b5416a83c93d7034cbc0,Pronome
de,German,deinen,dein,prn,pos;m;sg;acc,509,0.8879,0.8909,5.04,484,2fdce2ac591b483ad7c5b8b44346ef15,Pronome
de,German,lösung,lösung,n,f;*numb;*case,107,0.8879,0.8968,8.63,484,f57fa05be2e414c8fa281c8b50afd307,Substantivo
de,German,wenn,wenn,cnjsub,,119,0.888,0.8977,10.27,486,159e064188e53460cde120fbb1598318,Conjunção
de,German,sandwiche,sandwich,n,nt;pl;*case,2180,0.8881,0.8921,4.26,487,96988af4b4c2c72b04dcefc0a5cdf6f9,Substantivo
de,German,es,es,prn,p3;nt;sg;acc,666,0.8882,0.9081,6.98,488,b078b94beff246e5bad8e9c30df76c13,Pronome
de,German,denen,die,det,dem;mf;pl;dat,276,0.8883,0.9253,7.76,489,0ffe2b790db0697ea59fedc28afb2dc4,Determinante
de,German,kleinen,klein,adj,pst;m;sg;acc,277,0.8884,0.9035,6.96,490,18a7be754f45079156fa554376834e05,Adjetivo
de,German,kleinen,klein,adj,pst;nt;sg;dat;mix,232,0.8885,0.8918,6.38,491,72ba8b3dd884af61379256e7fb6e96d9,Adjetivo
de,German,will,wollen,vbmod,pri;*pers;sg,148,0.8885,0.8927,5.68,491,c0748155eab974f351fd440a36989114,vbmod
de,German,mini,mini,n,m;sg;nom,449,0.8886,0.8839,3.28,493,a2ed2e347b238670169e51197610a93a,Substantivo
de,German,feuerwehr,feuer,n,,297,0.8888,0.885,4.58,494,c740371069e2aed16150e20995eedc94,Substantivo
de,German,kaffee,kaffee,n,m;sg;dat,1955,0.889,0.9102,10.25,495,3d7eeacd5bd6adef2fcdfa78ecb0f89b,Substantivo
de,German,bringt,bringen,vblex,pri;p3;sg,146,0.889,0.9014,4.64,495,83491bdd355163db27d16b31a7be6a61,Verbo
de,German,verkäufer,verkäufer,n,m;sg;nom,298,0.8892,0.9085,6.27,497,2b1cd5177089b440a96cb958b86fe0d0,Substantivo
de,German,quote,quote,n,f;sg;nom,454,0.8892,0.9,4.96,497,98b0c50492a3094eb8ebf4ee4001cfcb,Substantivo
de,German,mittag,mittag,n,m;sg;dat,1781,0.8894,0.9108,5.39,499,918c78601e836d414be7dfa0f519caf8,Substantivo
de,German,sehen,sehen,vblex,pri;p3;pl,1310,0.8895,0.8874,5.29,500,ccb1cf5ba196670cc538528a1b7d62b2,Verbo
de,German,weißes,weiß,adj,pst;nt;sg;nom;mix,472,0.8896,0.9017,5.67,501,322c772e17531b77d5d981b7a6646c10,Adjetivo
de,German,hund,hund,n,m;sg;acc,1730,0.8896,0.9012,7.63,501,6a9a38bba47a8d197e1b1321202e550a,Substantivo
de,German,abhängig,abhängig,adj,pst;pred,145,0.8897,0.9124,4.87,503,b387ccc834e9ee184bfa94d77d1bd5a9,Adjetivo
de,German,bilder,bild,n,nt;pl;acc,1265,0.8898,0.9021,5.29,504,021ba9ac4658d331dba26050448b4f34,Substantivo
de,German,schläft,schlafen,vblex,pri;p3;sg,415,0.8899,0.8921,6.54,505,b4747cbf2b9a35f6c7d4042e64054b7b,Verbo
de,German,vater,vater,n,m;sg;dat,952,0.8902,0.8922,5.42,506,a9b95c9cc0f60a2ba02d1fe3ba02eadd,Substantivo
de,German,spielt,spielen,vblex,pri;p3;sg,14088,0.8902,0.9088,19.74,506,bb8d16a1da003f3cbc62262b57496bf0,Verbo
de,German,hähnchen,hähnchen,n,nt;sg;dat,913,0.8903,0.9074,5.93,508,013298d0b17222c4fa89f0e0cea43689,Substantivo
de,German,anzahl,anzahl,n,f;sg;*case,237,0.8903,0.9,3.16,508,c01bb601cb352c55074f408d91d75c81,Substantivo
de,German,restaurant,restaurant,n,nt;sg;nom,3753,0.8907,0.9104,7.72,510,3dd3ba6bc986ac9f644f2a708fa3b471,Substantivo
de,German,besser,gut,adj,comp;pred,244,0.8909,0.8917,4.08,511,44b3e33db46246e654561be3671af96f,Adjetivo
de,German,bequem,bequem,adj,pst;pred,130,0.891,0.9104,4.82,512,03533ad269a0b09cf25a62a5c5602c52,Adjetivo
de,German,schuhe,schuh,n,m;pl;acc,1261,0.8911,0.9101,5.34,513,515128e60ec8e5d56da6a33440424002,Substantivo
de,German,euch,ihr,prn,p2;mf;pl;dat,359,0.8912,0.9135,6.32,514,1acc8f0e1fb7a42d230cdca3569208ea,Pronome
de,German,immer,immer,adv,,118,0.8914,0.8866,11.81,515,9cbbb669bcd158e9cfb5f4ebd4f9903f,Advérbio
de,German,kind,kind,n,nt;sg;acc,3086,0.8915,0.8972,7.19,516,340c69a06290f3c3efd54a8d00360edc,Substantivo
de,German,reis,reis,n,nt;sg;acc,982,0.8915,0.8945,1.31,516,9755451291ca8264c7dc43a984a14c4d,Substantivo
de,German,arbeitgeber,arbeitgeber,n,m;sg;nom,206,0.8916,0.9025,4.34,518,02593e1a06fbd36b7ae48ad82491181d,Substantivo
de,German,hund,hund,n,m;sg;dat,1456,0.8916,0.9079,6.69,518,ea5a69269e1e06e7f62130666158a0fe,Substantivo
de,German,mögt,mögen,vbmod,pri;p2;pl,2463,0.8918,0.9056,5.69,520,fe1bb609fdb6337a3524f43bad7c7468,vbmod
de,German,die,die,det,def;f;sg;acc,6529,0.892,0.9049,12.78,521,6717aa032ad1b26e65cbbab25da5d308,Determinante
de,German,essen,essen,n,nt;sg;nom,2058,0.8921,0.9136,5.57,522,27a74da404d7e915dc752c5ea8936ec3,Substantivo
de,German,bau,bau,n,m;sg;*case,341,0.8922,0.893,2.69,523,fc93b4e488401364d7acb68fd3860367,Substantivo
de,German,wein,wein,n,m;sg;acc,1598,0.8923,0.892,1.23,524,7a1fe30ca8c6b8927e775e87a17f990c,Substantivo
de,German,schüler,schüler,n,m;sg;nom,114,0.8925,0.8898,1.14,525,e1120150a690c8065831e5e1ca6a4f46,Substantivo
de,German,grüße,gruß,n,m;pl;acc,1314,0.8926,0.9019,4.96,526,82b9dec4408706b2960f27b55002695f,Substantivo
de,German,küche,küche,n,f;sg;*case,3671,0.8927,0.8945,5.21,527,765e1651d384aaa03aacaee91fb9d124,Substantivo
de,German,fragen,frage,n,f;pl;nom,1763,0.8928,0.9016,5.27,528,5d1129b493d2db84068148772147d75e,Substantivo
de,German,geschlecht,geschlecht,n,nt;sg;*case,193,0.8929,0.8904,3.35,529,6b78f99318f1a1f7ffa3ccb144589a9d,Substantivo
de,German,eine,ein,det,ind;f;sg;nom,18455,0.8929,0.9035,23.33,529,6f9902a2e4d1f353aecc47843c9df6e7,Determinante
de,German,wörter,wort,n,nt;pl;acc,1328,0.893,0.9017,5.13,531,cb32a1108fc66231cf1b84da637af21f,Substantivo
de,German,krippe,krippe,n,f;sg;*case,435,0.8931,0.8944,2.86,532,745eafd5b11f229b4df3c4f38ed035c0,Substantivo
de,German,apfel,apfel,n,m;sg;nom,6939,0.8932,0.9053,6.26,533,a6834806c43ea1be9eb3e4fdae6f98db,Substantivo
de,German,notwendig,notwendig,adj,pst;pred,210,0.8933,0.9053,4.75,534,4a24fb172213369d01117ea0626be9b0,Adjetivo
de,German,grüße,gruß,n,m;pl;nom,1682,0.8934,0.8956,4.34,535,3c3ef61b68615d9b1fd2d24e6f18fba8,Substantivo
de,German,großes,groß,adj,pst;nt;sg;nom;mix,276,0.8935,0.9004,7.99,536,ab92968271b9528cb7dc5df98a8890b0,Adjetivo
de,German,nicht,nicht,adv,,4997,0.8936,0.8964,21.66,537,987779a80e80fb9c914dee9130ae1a79,Advérbio
de,German,wand,wand,n,f;sg;*case,368,0.8936,0.9,3.29,537,c181bef439aad7b8959e450a8beb62f3,Substantivo
de,German,liter,liter,n,m;sg;nom,427,0.8937,0.9065,5.52,539,5cee20db47feb41fe7c295872261c3b0,Substantivo
de,German,alles,alle,det,ind;nt;sg;acc;sw,538,0.8938,0.9082,5.1,540,e6daf937f2914a97a20070e69e97fd7d,Determinante
de,German,leichter,leicht,adj,comp;pred,202,0.8938,0.899,7.52,540,f9025a721c1c1f6e263924c5cf2a61e2,Adjetivo
de,German,studentin,studentin,n,f;sg;*case,308,0.8939,0.8986,6.52,542,1ee47a29b2a40427ed7b81ba8491990f,Substantivo
de,German,stressig,stressig,adj,pst;pred,150,0.8939,0.9013,5.59,542,26b146463c6f27b6ded2ce0428f7caf6,Adjetivo
de,German,das,das,det,def;nt;sg;nom,29810,0.894,0.9054,32.82,544,84920990d78044db53c1b012f5bf9ab5,Determinante
de,German,bäume,baum,n,m;pl;acc,1597,0.8941,0.9072,5.94,545,9787b0f41ded1bff2817805af79677ab,Substantivo
de,German,bauer,bauer,n,m;sg;nom,320,0.8942,0.896,7.22,546,71f17f87ebda8925d5f5ea99f042d11b,Substantivo
de,German,guten,gut,adj,pst;nt;sg;dat;mix,101,0.8944,0.9235,5.23,547,5668e10d37dc2b205088953d090daac4,Adjetivo
de,German,habe,haben,vbhaver,pri;p1;sg,8310,0.8944,0.893,18.84,547,bc132fa899e138377a3d89eb3125a2f1,vbhaver
de,German,tasse,tasse,n,f;sg;dat,1213,0.8945,0.9094,2.26,549,7153ea60911f53dfddf1cb3153de3911,Substantivo
de,German,fuß,fuß,n,m;sg;dat,106,0.8947,0.9062,7.52,550,60e5c98168257ae442b131a68780b372,Substantivo
de,German,reis,reis,n,nt;sg;dat,2179,0.895,0.8973,2.47,551,74403cdcdc300df6c5b9c0589c23cad8,Substantivo
de,German,kind,kind,n,nt;sg;nom,20479,0.8951,0.9094,20.66,552,1bacf218eaaf9f944e525f7be9b31899,Substantivo
de,German,kein,kein,det,ind;nt;sg;nom;st,568,0.8953,0.9046,6.38,553,cefcc263bc87b52dd7071e3a262aa827,Determinante
de,German,hemd,hemd,n,nt;*numb;*case,469,0.8955,0.8968,3.01,554,08ab17a23929f09a268153ddbf9827c0,Substantivo
de,German,viele,viel,det,ind;mf;pl;acc;sw,550,0.8956,0.9052,5.84,555,2de1adbe4d8d25a4e18cf9f8fd04cc4b,Determinante
de,German,ein,ein,det,ind;nt;sg;nom,7569,0.8956,0.8974,14.58,555,e3a78d510ca39f16201e99cf1637f405,Determinante
de,German,rechts,rechts,adv,,4672,0.8958,0.9031,9.83,557,ddab585bb4af1b7e2636827363cd619e,Advérbio
de,German,rote,rot,adj,pst;f;sg;acc,486,0.8959,0.9027,5.44,558,3d02dabb3a70c48c88d027ffae7b5db3,Adjetivo
de,German,unser,unser,prn,pos;m;sg;nom,1013,0.896,0.9038,6.43,559,b6048e698bf3bd75b39f33a434817e4f,Pronome
de,German,schwimmt,schwimmen,vblex,pri;p3;sg,258,0.8963,0.9174,6.09,560,5b5e596558196de3e4fc1796ee5d47a6,Verbo
de,German,enthält,enthalten,vblex,pri;p3;sg,264,0.8965,0.9006,7.49,561,6b63659d604e3799eb0cbac4fbed7541,Verbo
de,German,gläser,glas,n,nt;pl;*case,1593,0.8965,0.9033,2.81,561,6dc529a4f073cf28d59ff923cb82d013,Substantivo
de,German,durst,durst,n,m;sg;acc,2627,0.8965,0.9094,5.89,561,c1aa64685045e1aa656f6baa0b3d75e6,Substantivo
de,German,publikum,publikum,n,nt;sg;*case,269,0.8965,0.8976,2.9,561,e93f6525f9fdf774b945b6b2b65a634d,Substantivo
de,German,höher,hoch,adj,comp;pred,116,0.8966,0.9245,4.08,565,6fcfc77efe834d337d9e3c5d07bb2feb,Adjetivo
de,German,dir,du,prn,p2;mf;sg;dat,581,0.8967,0.9049,8.71,566,a547e43d80cb70e1550a6ea4502f94a0,Pronome
de,German,spielst,spielen,vblex,pri;p2;sg,6031,0.8967,0.9043,6.96,566,c904c9330abc33b734aa16fb774ffc16,Verbo
de,German,kind,kind,n,nt;sg;dat,1850,0.8968,0.9102,5.29,568,a8364c9f99f00c533f9a851ba5976166,Substantivo
de,German,eure,euer,prn,pos;f;sg;nom,744,0.8969,0.9146,5.88,569,c43c45c53082813dbdfa63971432f29c,Pronome
de,German,rote,rot,adj,pst;mf;pl;acc;st,608,0.897,0.9116,9.89,570,03e0397f28ba72f232d711ba5aff7918,Adjetivo
de,German,meine,mein,prn,pos;mf;pl;nom,2040,0.897,0.9022,12.11,570,d50ab9ef5ef30559a83e80b8568d2933,Pronome
de,German,reis,reis,n,nt;sg;*case,3036,0.8972,0.8996,4.05,572,77cf36000fc7c284e63105f8d162e303,Substantivo
de,German,verantwortlich,verantwortlich,adj,pst;pred,112,0.8973,0.9021,4.99,573,6b095246120ad9d3e6ea2ac2b49ecca9,Adjetivo
de,German,eier,ei,n,nt;pl;acc,1592,0.8975,0.9071,6.34,574,5262c63f5aec93b63d4984ce8ef759b4,Substantivo
de,German,balkon,balkon,n,m;sg;*case,356,0.8975,0.9085,3.29,574,ee5f783f885c5096df6204fef935f736,Substantivo
de,German,vier,vier,num,sp,750,0.8977,0.9091,7.99,576,a81876e128bd19a93abd09216dfc8d56,Numeral
de,German,euch,ihr,prn,p2;mf;pl;acc,588,0.8978,0.9022,5.77,577,3cee24befca52b563c6e9119dc89d4a6,Pronome
de,German,essen,essen,vblex,pri;p1;pl,3855,0.8978,0.9134,8.09,577,5ac6336de0f683c21074570627e9410b,Verbo
de,German,eltern,eltern,n,mf;pl;nom,1131,0.8978,0.8963,6.24,577,7daf4f95633cad04d50425db7cbc6326,Substantivo
de,German,royal,royal,adj,pst;pred,124,0.8978,0.9024,3.46,577,f7c161dc780df8afe8e6407298b2f9c4,Adjetivo
de,German,letzte,letzt,adj,pst;f;sg;acc,147,0.898,0.9244,6.05,581,3261f0c86a7777dca6013b91e2bdfe5d,Adjetivo
de,German,orangensaft,orange,n,,2847,0.898,0.9076,6.17,581,4ae3954a0840a0981bf2a18ef7f50d8d,Substantivo
de,German,dieses,dies,prn,dem;nt;sg;nom,1001,0.898,0.8991,6.79,581,7da6a45fb9278755569c759bead84c4d,Pronome
de,German,mann,mann,n,m;sg;dat,1662,0.8981,0.9132,9.31,584,07801de0fb4d10d449692bc97c585cd1,Substantivo
de,German,freund,freund,n,m;sg;nom,2800,0.8985,0.9056,5.65,585,0d93658bdfb55955c325f1cf40cd9b1a,Substantivo
de,German,herausgeber,herausgeber,n,m;sg;nom,258,0.8985,0.9021,4.83,585,6cc49d5b8f241ff0b5f3e4278c9e80a0,Substantivo
de,German,mann,mann,n,m;sg;acc,2390,0.8985,0.9079,6.3,585,736c10e324d136ddb518e884285823a5,Substantivo
de,German,geschwister,geschwister,n,nt;pl;nom,886,0.8986,0.9083,5.47,588,bb96be080bf2a33568a4589c02d5a3ac,Substantivo
de,German,lehrer,lehrer,n,m;sg;nom,7933,0.8987,0.8996,10.36,589,441857f7da4711b20fe8ed04b952cf14,Substantivo
de,German,ums,um,pr,,102,0.8987,0.9231,5.07,589,44761df378640c25585057aa952833cd,Preposição
de,German,deinem,dein,prn,pos;nt;sg;dat,456,0.8988,0.9186,6.64,591,c9dc62aa9789aa6441b25fbe3c89738f,Pronome
de,German,verfasser,verfasser,n,m;sg;nom,236,0.8989,0.9183,4.97,592,9901d752160593d905b63c4ee24e66f4,Substantivo
de,German,schuh,schuh,n,m;*numb;*case,461,0.8991,0.8979,16.3,593,74bd8fbe58f915bd850d93384f4f1fc8,Substantivo
de,German,tassen,tasse,n,f;pl;acc,1759,0.8991,0.9155,6.34,593,ff58f3d46bbd95dd7c77dc9af3bc5409,Substantivo
de,German,autor,autor,n,m;*numb;*case,258,0.8992,0.8993,4.04,595,2b5565793544eb9d56018a7d02c18cf0,Substantivo
de,German,öffentlichkeit,öffentlichkeit,n,f;sg;*case,201,0.8992,0.9103,3.29,595,55eef4163847c889b9f7874ecd3a0a07,Substantivo
de,German,großes,groß,adj,pst;nt;sg;acc;mix,297,0.8992,0.9157,6.79,595,c8c5e28e9db1f300ee263faec81929a0,Adjetivo
de,German,wirklich,wirklich,adj,pst;pred,148,0.8993,0.9036,5.16,598,0f88d183b25b32510fbcdf7829d99943,Adjetivo
de,German,frau,frau,n,f;sg;nom,24727,0.8996,0.9117,27.43,599,0cf63ffe3dda158bc3dbd55682b355ae,Substantivo
de,German,völlig,völlig,adj,pst;pred,122,0.8996,0.9176,3.95,599,505c630066380e8f8d36532e17784b57,Adjetivo
de,German,käse,käse,n,m;sg;*case,2425,0.8996,0.8997,3.22,599,768f89b2bf27a38b8ae3e9ac849f5576,Substantivo
de,German,orange,orange,n,f;sg;*case,1997,0.8996,0.9029,3.8,599,a58c618617e9d8a574e44ea5f24f738d,Substantivo
de,German,zutaten,zutat,n,f;pl;*case,1630,0.8997,0.9097,4.26,603,4f55aaeb677d8fcb46a14caa476a8cf2,Substantivo
de,German,bett,bett,n,nt;sg;*case,364,0.8997,0.8995,2.53,603,678a9658f0b9a71bf1fb95f3c5afbf16,Substantivo
de,German,hochzeit,hochzeit,n,f;sg;nom,845,0.8998,0.9141,6.2,605,38194464293d2f60fb7580ac85a9d9ca,Substantivo
de,German,zucker,zucker,n,m;sg;*case,2113,0.8999,0.8992,3.52,606,367e6287caf3f06b3b9f0e2a1dd2ec5c,Substantivo
de,German,dach,dach,n,nt;sg;nom,546,0.9002,0.9096,4.8,607,8e92b331a62afb136e8a3bc02000e79b,Substantivo
de,German,sind,sein,vbser,pri;p1;pl,357,0.9003,0.9024,1.65,608,9aeecaf8af2abba38d951970f9c8c476,vbser
de,German,wasser,wasser,n,nt;sg;acc,20357,0.9005,0.9079,27.39,609,e83432c98b3619a933438e9300467491,Substantivo
de,German,keiner,kein,det,ind;m;sg;nom,348,0.9006,0.9204,6.67,610,91a8e7ba216dbb42b77e7eedda12f68a,Determinante
de,German,größe,größe,n,f;*numb;*case,223,0.9007,0.9125,5.79,611,30144e979232aa2ffb2d9ac4aa6b244c,Substantivo
de,German,leiter,leiter,n,f;sg;*case,190,0.9009,0.898,2.75,612,9dfe8bb772c32f5b742fee0aaf1a3a5d,Substantivo
de,German,links,links,adv,,4666,0.901,0.9107,8.29,613,8ebdad2c57855e0e650745d06d9ed7bf,Advérbio
de,German,hähnchen,hähnchen,n,nt;sg;nom,2032,0.9012,0.9175,4.6,614,0f33c22626110d4172361ae9626c3a4b,Substantivo
de,German,besten,gut,adj,sup;mf;pl;nom;mix,161,0.9012,0.9228,8.93,614,919f79a58d186c6007dc075f73c954b0,Adjetivo
de,German,weiße,weiß,adj,pst;f;sg;acc,440,0.9012,0.9121,6.08,614,de8a1722479107f59531f14fc649ec90,Adjetivo
de,German,posten,posten,n,nt;sg;nom,183,0.9013,0.9055,6.9,617,297c82a425ac9b5956e7aaf733d74546,Substantivo
de,German,zwölf,zwölf,num,sp,388,0.9013,0.9189,4.89,617,3be401932b97ef720cb2be2df16321a0,Numeral
de,German,nutzer,nutzer,n,m;sg;nom,263,0.9015,0.9139,4.17,619,fbbe8090622fd155e066a9e2011d9237,Substantivo
de,German,pferd,pferd,n,nt;sg;acc,1750,0.9016,0.9096,6.63,620,3101845e143b1e9250ef997187a2c79a,Substantivo
de,German,läuft,laufen,vblex,pri;p3;sg,444,0.9018,0.9064,8.29,621,1cb5d676430cf78f86ae66e28af5aa83,Verbo
de,German,sandwiche,sandwich,n,nt;pl;acc,464,0.9018,0.9074,1.55,621,4cfbc9d56a9eb03c9906ebf6e63f7203,Substantivo
de,German,sieben,sieben,num,sp,607,0.9021,0.9001,4.58,623,a05ce8c82e7e4337fad0eb76d3f6bb84,Numeral
de,German,summe,summe,n,f;sg;nom,418,0.9024,0.9152,5.05,624,d54483c87564a846497e4d62d508b78c,Substantivo
de,German,schuhe,schuh,n,m;pl;nom,1527,0.9025,0.9114,5.34,625,e742bc8240d2a9d1e44a1f5d52684239,Substantivo
de,German,bessere,gut,adj,comp;m;sg;nom;sw,177,0.9026,0.9293,5.02,626,9910ae2c73434013d1b7012b651149d5,Adjetivo
de,German,professor,professor,n,m;sg;nom,3194,0.9027,0.9238,7.95,627,fe39a7ce23741e0e4232d40f1c22d446,Substantivo
de,German,ziemlich,ziemlich,adv,,419,0.9028,0.9311,7.55,628,a1c239085c00f7994e8b2bbca1f237b1,Advérbio
de,German,häuser,haus,n,nt;pl;acc,1188,0.9029,0.9147,4.32,629,33dff207e60713c6e775f4a3d31b5384,Substantivo
de,German,käsesandwich,käse,n,,2372,0.9029,0.9185,5.52,629,4347cd61bbc845984931df68cffcbfaf,Substantivo
de,German,möglich,möglich,adj,pst;pred,174,0.9031,0.9157,4.7,631,0db1396c515465601f8ee1f055604f0c,Adjetivo
de,German,mädchen,mädchen,n,nt;sg;nom,11043,0.9034,0.9066,10.7,632,4fcb6bb8e44d7b618999721071862827,Substantivo
de,German,lernt,lernen,vblex,pri;p3;sg,18001,0.9034,0.9173,26.5,632,76390c1350a8dac31186187e2fe1e178,Verbo
de,German,bär,bär,n,m;sg;nom,2457,0.9035,0.9093,5.82,634,8eb7f75896f6990366d6c8876c0b1987,Substantivo
de,German,dein,dein,prn,pos;m;sg;nom,1516,0.9035,0.9063,8.73,634,8f0815fed679f3cb26cbca60dfebb7ab,Pronome
de,German,fischsandwich,fisch,n,+sandwich<n;nt;sg;*case,109,0.9037,0.9079,5.17,636,5bf59bb6b649368ff8d4950c0afb0383,Substantivo
de,German,schreibt,schreiben,vblex,pri;p3;sg,186,0.9037,0.9124,10.14,636,a7cde00f3f28c756d11106a5049e72b1,Verbo
de,German,verfügbar,verfügbar,adj,pst;pred,117,0.9038,0.9071,4.56,638,68ae798bbbf1efd98b295b243682f59c,Adjetivo
de,German,seine,sein,prn,pos;f;sg;nom,829,0.9039,0.9202,7.29,639,b5a110a9d8ce3c75d85d5c2eca153d45,Pronome
de,German,schlüssel,schlüssel,n,m;sg;nom,118,0.904,0.896,1.1,640,2c5b9651976f270fd605ed27df4df655,Substantivo
de,German,deinem,dein,prn,pos;m;sg;dat,354,0.904,0.9178,6.21,640,46ea2d14fc829b79e592b4ac8d5218bf,Pronome
de,German,wohnung,wohnung,n,f;*numb;*case,333,0.9041,0.9152,2.54,642,6de1737157be9ee06b3858470601f426,Substantivo
de,German,teller,teller,n,m;sg;nom,3130,0.9041,0.9157,6.21,642,e49b9a2525bd37152147742f3db5adb9,Substantivo
de,German,seinem,sein,prn,pos;m;sg;dat,341,0.9043,0.9177,6.0,644,67545ca4b5d0c6cdcb6d2a8052d65bc1,Pronome
de,German,mutter,mutter,n,f;sg;acc,1677,0.9044,0.9051,8.54,645,55f59c70aebebb0d12d8651daf33d9c7,Substantivo
de,German,einschließlich,einschließlich,pr,gen,119,0.9045,0.92,6.92,646,0293d6c6de29acd35626db2183f117fa,Preposição
de,German,haushalt,haushalt,n,m;sg;*case,341,0.9045,0.9114,3.08,646,4a02c405dd578683064173160ce40346,Substantivo
de,German,das,das,rel,nt;sg;nom,2719,0.9046,0.9136,20.13,648,89572d2ea236692120e191282b17695c,rel
de,German,wir,wir,prn,p1;mf;pl;nom,4145,0.9047,0.9147,5.68,649,24d71786956ff03aa633948481dc0846,Pronome
de,German,diese,dies,prn,dem;f;sg;acc,329,0.9047,0.9088,4.83,649,e0a7b526dfb83c6073bc73e86b83af3e,Pronome
de,German,weiß,weiß,adj,pst;pred,460,0.905,0.9074,8.37,651,4e2bd8cf6819b31a5819e8f13439df31,Adjetivo
de,German,zweite,zweit,adj,ord;m;sg;nom;sw,595,0.905,0.9061,5.82,651,7afae912f4ea06a2589819bfea7d44fe,Adjetivo
de,German,großeltern,großeltern,n,nt;pl;dat,596,0.9051,0.908,4.61,653,336f4e0a673746e0ab749c1de3a84ee2,Substantivo
de,German,schön,schön,adj,pst;pred,281,0.9054,0.919,5.46,654,60d664d9465e3f3788b108fbc06dcb8e,Adjetivo
de,German,gast,gast,n,m;*numb;*case,229,0.9054,0.9012,3.02,654,cfb86260a1c58618c1741a5e3caa316b,Substantivo
de,German,hüte,hut,n,m;pl;nom,1212,0.9055,0.9137,3.68,656,4556e51486a9c3283d4863a13b326f48,Substantivo
de,German,jede,jed,det,ind;f;sg;nom;sw,607,0.9055,0.8937,3.32,656,c52914f9db4d342553bbdc248e2c6f87,Determinante
de,German,schlafen,schlafen,vblex,inf;@modal,126,0.9067,0.9144,16.02,658,36a1113aae705dc4af640a56bf758073,Verbo
de,German,beziehung,beziehung,n,f;sg;nom,923,0.9067,0.9128,5.18,658,6dcfa3fb6f894d5921c8a8fb4016192b,Substantivo
de,German,diesen,dies,prn,dem;m;sg;acc,448,0.9068,0.9163,4.69,660,467d703bcd428a7ed7ead60bf6dda6e0,Pronome
de,German,krone,krone,n,f;sg;nom,447,0.9069,0.9192,3.15,661,e86cea318709f5fae5be0f3f52266ab0,Substantivo
de,German,achtung,achtung,n,f;sg;nom,3864,0.9074,0.9101,7.43,662,147a51485776ab201a8faf6fc39b22a1,Substantivo
de,German,diese,dies,prn,dem;mf;pl;nom,545,0.9074,0.9209,5.96,662,3f81534f09d2339879feb02a5c661ef1,Pronome
de,German,schwestern,schwester,n,f;pl;nom,1178,0.9074,0.9107,7.2,662,7ca25e93a642e2048e8eac466469bdbc,Substantivo
de,German,alles,alle,det,ind;nt;sg;nom;sw,749,0.9075,0.9274,6.41,665,219c91b94b90fec1d764a61b8011cf33,Determinante
de,German,junge,junge,n,m;sg;nom,200,0.9075,0.9083,1.24,665,a5020968748827d4233c4b0e31e7e5ac,Substantivo
de,German,bier,bier,n,nt;sg;acc,378,0.9078,0.9084,1.16,667,b22eb87b4356af2bed8c495d149921d1,Substantivo
de,German,zwei,zwei,num,sp,2831,0.9079,0.9141,30.22,668,33802bfac5337846883ab57e349ec498,Numeral
de,German,prozent,prozent,n,nt;sg;nom,341,0.908,0.9249,5.44,669,097c3897fc5a5ab5f4acd5e2fd362879,Substantivo
de,German,keine,kein,det,ind;f;sg;nom;st,413,0.9081,0.9118,5.73,670,5e028ef707cb4e86c6dbd4db07127aaf,Determinante
de,German,partner,partner,n,m;sg;nom,814,0.9082,0.9116,5.62,671,16856113e099ba92d196ac62381ef249,Substantivo
de,German,keller,keller,n,m;sg;nom,531,0.9082,0.9237,4.24,671,243be649123f03e0f1d01040b1b367e0,Substantivo
de,German,tomate,tomate,n,f;sg;*case,1788,0.9083,0.9087,3.05,673,fb7556f157ad6792e14f73e095458b68,Substantivo
de,German,zusätzlich,zusätzlich,adj,pst;pred,127,0.9084,0.9263,4.59,674,22036b282ef2d021286819b42671bf72,Adjetivo
de,German,mädchen,mädchen,n,nt;pl;acc,1395,0.9084,0.9196,5.91,674,47707381f2818e3c2749526ff7389054,Substantivo
de,German,experten,experte,n,m;pl;nom,272,0.9084,0.9206,4.35,674,73fc4e5f2b1ca392e5f13f837d4f089d,Substantivo
de,German,du,du,prn,p2;mf;sg;nom,8617,0.9084,0.9251,19.19,674,c76b4333fe84d57cce3a1e3c4101d21b,Pronome
de,German,senior,senior,n,m;*numb;*case,273,0.9084,0.9101,3.77,674,d92ec3ed58c23677b9858baa662743e9,Substantivo
de,German,zucker,zucker,n,m;sg;dat,1967,0.9086,0.9158,2.43,679,a8f2e402075e0670edf17d20c1329fa9,Substantivo
de,German,nummer,nummer,n,f;sg;*case,324,0.9087,0.9141,3.81,680,312d3d8a4252efdbc4013f528612f826,Substantivo
de,German,katze,katze,n,f;sg;nom,4395,0.9088,0.9141,12.39,681,77a590473c2414d7c0dc60a7deb9dd75,Substantivo
de,German,obst,obst,n,nt;sg;*case,2221,0.9088,0.9099,3.1,681,ecfe558d6cf487d77e5000c84073d784,Substantivo
de,German,männer,mann,n,m;pl;nom,1922,0.909,0.9095,8.0,683,0654736904ec7d2952db302d33b8d4fe,Substantivo
de,German,katze,katze,n,f;sg;acc,1806,0.9091,0.9206,6.84,684,aa283d2841bf32c42c7233c1cbcbd8d5,Substantivo
de,German,größer,groß,adj,comp;pred,327,0.9091,0.9282,7.2,684,eb5008051636a580cce2b570394fef4f,Adjetivo
de,German,nudeln,nudel,n,f;pl;acc,178,0.9092,0.9027,1.16,686,0597117b734c804b3f3c90eb7821329f,Substantivo
de,German,große,groß,adj,pst;f;sg;acc,267,0.9095,0.9255,7.85,687,abe07e2f14cbcdf90999d51cef321fe5,Adjetivo
de,German,beiden,beide,det,ind;mf;pl;dat;sw,248,0.9096,0.9254,7.96,688,0164697a0f9e0d7174c7ee7b87b691df,Determinante
de,German,toilette,toilette,n,f;sg;*case,492,0.9096,0.9098,2.78,688,1625864372314ada3e7865d256f27d50,Substantivo
de,German,hut,hut,n,m;*numb;*case,447,0.9098,0.9091,14.09,690,faf619601cd73a280d0d6ad20e0f96b1,Substantivo
de,German,dem,der,det,dem;m;sg;dat,1248,0.9099,0.9293,8.14,691,183f098bf1917917a01e333309d318a8,Determinante
de,German,mein,mein,prn,pos;nt;sg;acc,448,0.9099,0.9186,6.15,691,3e3a82ba3d8107b4ed9edc39dc3216a9,Pronome
de,German,lernst,lernen,vblex,pri;p2;sg,4891,0.9099,0.916,5.89,691,f804038329c1d0fe7a0a42c5f38b2081,Verbo
de,German,größere,groß,adj,comp;f;sg;nom,269,0.9099,0.9165,6.97,691,fd7c8d604ce4f7bda2c93002bb84d909,Adjetivo
de,German,fischsandwich,fisch,n,+sandwich<n;nt;sg;acc,100,0.91,0.9268,1.55,695,5d7499dbb4e37a6f5d4ddd4370971667,Substantivo
de,German,spiele,spielen,vblex,pri;p1;sg,6279,0.9102,0.9189,11.6,696,598a41cd84310715e45b6192564592a1,Verbo
de,German,löffel,löffel,n,m;sg;nom,2085,0.9103,0.9214,5.38,697,beab027e84c191c24b6f7b490945b138,Substantivo
de,German,lehrer,lehrer,n,m;*numb;*case,318,0.9104,0.9151,69.68,698,8ba29891b68d778573f53257f080992f,Substantivo
de,German,einige,einige,det,ind;mf;pl;nom;st,755,0.9108,0.9241,6.52,699,f8d18b332c0f17b92a8a59bfb20b9339,Determinante
de,German,mögen,mögen,vbmod,pri;p1;pl,1619,0.9109,0.9213,5.7,700,80d14006256295d3d98b1a0d52cbbd81,vbmod
de,German,ein,ein,det,ind;m;sg;nom,6875,0.9109,0.917,24.39,700,b44cecb4816b0160b09795114833b562,Determinante
de,German,generation,generation,n,f;sg;nom,229,0.9111,0.904,4.3,702,cc4a08a65aa2606f9618498102a7bd62,Substantivo
de,German,mittagessen,mittag,n,,4808,0.9112,0.908,6.91,703,230a37a2e4479a89b4f3f409841c5556,Substantivo
de,German,schwarze,schwarz,adj,pst;nt;sg;nom;sw,373,0.9112,0.917,8.2,703,295e831d72b0c16028f4301dfe044dd6,Adjetivo
de,German,schwestern,schwester,n,f;pl;acc,892,0.9112,0.9156,6.9,703,45bd721ea1ba2ea90e2e2bf4ac6bd5cb,Substantivo
de,German,isst,essen,vblex,pri;p3;sg,16886,0.9112,0.9181,18.83,703,495f763ef6027e020c53431484aa5ede,Verbo
de,German,enten,ente,n,f;pl;acc,2388,0.9114,0.9178,6.97,707,a83270740200697b086ca14530de434f,Substantivo
de,German,bin,sein,vbser,pri;p1;sg,5166,0.9115,0.9149,11.32,708,4fdaa498ad844fc4c7adf7ddac542751,vbser
de,German,grün,grün,adj,pst;pred,621,0.9115,0.913,7.67,708,93a2a59a46cfb08198bb20a063779d1b,Adjetivo
de,German,schwarz,schwarz,adj,pst;pred,730,0.9117,0.9106,7.69,710,a4d751e09af4060075aaa706eec51431,Adjetivo
de,German,mantel,mantel,n,m;sg;nom,646,0.9118,0.9149,4.7,711,164b5c9d81bb0b717cd49fe24c2b3d4a,Substantivo
de,German,jungs,jungs,n,m;pl;acc,1414,0.9118,0.9245,5.71,711,21d46332e30eed9602fed0356e3b1ab7,Substantivo
de,German,licht,licht,n,nt;sg;*case,363,0.9118,0.9137,2.19,711,d2c912a55bb9b7070f1827b50cce80c0,Substantivo
de,German,enten,ente,n,f;pl;nom,2147,0.9118,0.9104,4.96,711,d981a267dd72a57c640e533c4d287c9c,Substantivo
de,German,trinkt,trinken,vblex,pri;p2;pl,3394,0.9121,0.9202,5.73,715,ee37c749b0c4f317cb9666420f653551,Verbo
de,German,schwarze,schwarz,adj,pst;f;sg;nom,512,0.9124,0.9222,7.24,716,4b111fb9eb9b9fff151665a78576bf7e,Adjetivo
de,German,ich,ich,prn,p1;mf;sg;nom,7987,0.9124,0.9285,12.01,716,5e5a51e875ae5efb092ae84d99babc56,Pronome
de,German,kartoffel,kartoffel,n,f;sg;*case,1718,0.9125,0.9169,3.5,718,ff19318c4fd4dd0f2b49d4667188ea2a,Substantivo
de,German,erste,erst,adj,ord;nt;sg;acc;sw,241,0.9126,0.9228,7.04,719,bdf9d670e3426afc47b3006c73329644,Adjetivo
de,German,sie,sie,prn,p3;f;sg;nom,8789,0.9127,0.9271,9.56,720,46b112cd07fdcc98db8670a5d71c613d,Pronome
de,German,sofa,sofa,n,nt;sg;*case,504,0.9127,0.9136,3.08,720,e79382d74506d067ee638951b0ba08af,Substantivo
de,German,hunde,hund,n,m;pl;nom,2340,0.9128,0.92,6.26,722,70d63d984d835a8da956a01c0322fcd1,Substantivo
de,German,klein,klein,adj,pst;pred,717,0.9128,0.9191,15.44,722,d648fd06a5929240f6a23cec5e9e36a7,Adjetivo
de,German,augen,auge,n,nt;pl;nom,816,0.9129,0.9228,4.52,724,b699531369ef14415f50da48e2ce22f7,Substantivo
de,German,jemand,jemand,det,ind;mf;sg;nom,662,0.913,0.9177,4.85,725,c85669f3d8feb92fba2ba99d12f1f91d,Determinante
de,German,richter,richter,n,m;sg;nom,2809,0.9133,0.9225,6.65,726,b788f6341ae71b9e2b8132609644b175,Substantivo
de,German,danke,danken,vblex,pri;p1;sg,4458,0.9134,0.9203,8.67,727,b23179d4d2325444422b2bfc7f0c1775,Verbo
de,German,rote,rot,adj,pst;f;sg;nom,490,0.9136,0.9221,5.15,728,aa04a95b20b2337332e10efeac73b569,Adjetivo
de,German,glas,glas,n,nt;sg;acc,295,0.9136,0.918,1.09,728,ecbaf3962af2bf063cc7f453b10e2733,Substantivo
de,German,dritte,dritt,adj,ord;f;sg;nom,425,0.9137,0.9215,6.27,730,81994724b95e0f9838d85d492d897c5e,Adjetivo
de,German,brüder,bruder,n,m;pl;acc,856,0.9138,0.9181,5.43,731,553d367a780479ed186bf9ae5ee2fb00,Substantivo
de,German,zitrone,zitrone,n,f;sg;*case,1892,0.9138,0.9144,3.41,731,707ece4de04539fe647c7d8deff7b267,Substantivo
de,German,männer,mann,n,m;pl;acc,1416,0.9139,0.9239,5.92,733,edc4b14bab3ceef1d638ad779721f984,Substantivo
de,German,veranstalter,veranstalter,n,m;sg;*case,186,0.914,0.9213,3.51,734,6588677bb3eb498ef0bcca6feb574f42,Substantivo
de,German,baby,baby,n,nt;*numb;*case,314,0.914,0.9162,11.73,734,e7f23e4cf44554fdeacdfffd67e865f9,Substantivo
de,German,gutes,gut,adj,pst;nt;sg;nom;mix,175,0.9143,0.9373,5.5,736,3fccc0046122e1a66c30486b1c85ee52,Adjetivo
de,German,weißes,weiß,adj,pst;nt;sg;acc;mix,505,0.9144,0.9163,5.78,737,b107fc4d3802fbb97c7ed09af94a255b,Adjetivo
de,German,tassen,tasse,n,f;pl;nom,1406,0.9144,0.9234,4.27,737,efdfe0afafd836277e47c3713bb84d18,Substantivo
de,German,weber,weber,n,m;sg;nom,206,0.9147,0.9307,5.99,739,3dc41b9ac814d7f59e3a03e5ce00573f,Substantivo
de,German,hähnchen,hähnchen,n,nt;pl;dat,862,0.9148,0.9258,5.94,740,0a52088d18aec8e72c64d9b94f778443,Substantivo
de,German,menschen,mensch,n,m;pl;nom,1638,0.9148,0.9214,4.63,740,821fe550969bdcdbb0aa29716592af3e,Substantivo
de,German,schwester,schwester,n,f;sg;dat,805,0.9149,0.9212,4.53,742,1c50dee3993efdb134a658287999d9ed,Substantivo
de,German,milch,milch,n,f;sg;nom,435,0.9149,0.9148,1.14,742,585e5bcd1ab85327f866fc38166a84bb,Substantivo
de,German,eure,euer,prn,pos;f;sg;acc,368,0.9153,0.9207,5.57,744,40bcc6d93c5f80a3cb4312461d7f2914,Pronome
de,German,administrator,administrator,n,m;sg;nom,286,0.9154,0.9284,4.54,745,52fd7d745e0b506551b8734207bd391b,Substantivo
de,German,hähnchen,hähnchen,n,nt;pl;acc,2173,0.9158,0.9268,4.75,746,23b995a641775627bb73d7959c8cb54e,Substantivo
de,German,da,da,cnjsub,,158,0.9158,0.9176,9.49,746,7ed17397656a19d240026234d57e82f7,Conjunção
de,German,tochter,tochter,n,f;sg;nom,1135,0.9159,0.9252,6.69,748,c123b271b5c0c862c5d0db70f2559dd6,Substantivo
de,German,großen,groß,adj,pst;mf;pl;nom;mix,236,0.916,0.9204,4.77,749,e10f31322d8c76b2aae2b6cdae604734,Adjetivo
de,German,esse,essen,vblex,pri;p1;sg,9026,0.9161,0.9272,11.31,750,20dde14c9907e353804d0de13f198543,Verbo
de,German,hunger,hunger,n,m;sg;acc,3475,0.9163,0.9226,6.75,751,7ae9420152203b89a2fcffa91546647b,Substantivo
de,German,lese,lesen,vblex,pri;p1;sg,6155,0.9164,0.9303,9.88,752,86435005bb19d4f944cc3b07a419ba98,Verbo
de,German,blumen,blume,n,f;pl;acc,2134,0.9165,0.9216,7.65,753,409065de5af96f0211ff06c06969f120,Substantivo
de,German,weiße,weiß,adj,pst;mf;pl;acc;st,406,0.9165,0.9206,6.23,753,7c75ac644a11a44ab99aabcff7912ac7,Adjetivo
de,German,eltern,eltern,n,mf;pl;acc,973,0.9165,0.9253,6.27,753,efc6bfccb18df739cb9e6fb30fa53cea,Substantivo
de,German,lesen,lesen,vblex,pri;*pers;pl,139,0.9167,0.9139,5.11,756,a5b0ed10b4bc019d24563eb1286daf81,Verbo
de,German,sie,sie,prn,p3;mf;pl;nom,2419,0.9168,0.9242,4.43,757,1c38d1865a88517f75c96df327691ad8,Pronome
de,German,ente,ente,n,f;sg;nom,2443,0.917,0.924,7.3,758,3f166ca3b2f9c0edd58d454c850199ba,Substantivo
de,German,gute,gut,adj,pst;f;sg;acc,245,0.917,0.9324,6.88,758,96c2079edd4c86698bb48be12410a788,Adjetivo
de,German,zahl,zahl,n,f;*numb;*case,287,0.917,0.9161,3.58,758,ff2995973e26133c7f1ed627f98e76b0,Substantivo
de,German,studentin,studentin,n,f;sg;nom,109,0.9174,0.9167,1.09,761,1832dccc2395c6d9fda4a9afb2dcfc18,Substantivo
de,German,ausschließlich,ausschließlich,adj,pst;pred,156,0.9177,0.9129,4.68,762,22f356508d16530c0f850699360d63d6,Adjetivo
de,German,schwer,schwer,adj,pst;pred,251,0.9177,0.9276,5.67,762,40df08773205288fd9489173dd57cd35,Adjetivo
de,German,nur,nur,adv,,141,0.9178,0.9159,11.89,764,bdeb7f99f275c1f8bfd36fb571cf1811,Advérbio
de,German,unter,unter,pr,dat,154,0.9182,0.9309,7.63,765,41a8487c6891772e79827d8b5eded519,Preposição
de,German,fragen,frage,n,f;pl;acc,1378,0.9182,0.9276,5.78,765,86dd7018e7edb4a1710b9e6ddcbf3732,Substantivo
de,German,acht,acht,num,sp,426,0.9182,0.9334,5.85,765,abc338d670b1601dd9d4d5b5adb9aae2,Numeral
de,German,habt,haben,vbhaver,pri;p2;pl,3076,0.9185,0.9285,5.7,768,377699e4304a7c075e5a30cc1630d293,vbhaver
de,German,deine,dein,prn,pos;f;sg;nom,732,0.9185,0.9326,5.16,768,73e17b4fab7a242e7d9cdbdc6a8c7702,Pronome
de,German,betreiber,beten,vblex,,212,0.9185,0.9306,6.34,768,d1424952c3394a9775991ac5ea69015e,Verbo
de,German,meinem,mein,prn,pos;m;sg;dat,563,0.9188,0.9349,7.77,771,5f1915e50d225aab53dde5e128e5bfb6,Pronome
de,German,blau,blau,adj,pst;pred,712,0.9188,0.9212,8.03,771,884aed5b04e4c5b478e6bdbb1757bc45,Adjetivo
de,German,das,das,det,def;nt;sg;acc,4329,0.9188,0.9332,10.9,771,d2d78ae80ee5cb844a0bfd9ea1bb4a81,Determinante
de,German,äpfel,apfel,n,m;pl;acc,3535,0.9192,0.9241,14.05,774,0d2e5b33c5e57761872abf97ec9398e3,Substantivo
de,German,manager,manager,n,m;sg;nom,240,0.9193,0.941,5.66,775,450990e9d51f415cab8adead979888af,Substantivo
de,German,bruder,bruder,n,m;sg;dat,796,0.9193,0.9251,4.95,775,b083eed6fde9ebe956640997553000ef,Substantivo
de,German,hunde,hund,n,m;pl;acc,2341,0.9195,0.9212,5.15,777,3414ba00861290d3213d56309c3165d2,Substantivo
de,German,jedes,jed,det,ind;nt;sg;acc;sw,1109,0.9198,0.9365,8.03,778,1a48d99e9b9ca07c8fbc7a16e4285aef,Determinante
de,German,bücher,buch,n,nt;pl;acc,3078,0.9198,0.9231,9.15,778,f24c5a8b1b5d59b439a955c1905fcb58,Substantivo
de,German,er,er,prn,p3;m;sg;nom,7492,0.9206,0.9327,9.2,780,dd34978165d17f7e729a2ef331a7600d,Pronome
de,German,kleines,klein,adj,pst;nt;sg;acc;mix,271,0.9207,0.9268,5.31,781,6c6e466610294533771f21ca4eef4198,Adjetivo
de,German,raum,raum,n,m;sg;*case,354,0.9209,0.9322,3.25,782,6ab81e104eee76379f033f4aac5400f2,Substantivo
de,German,hosen,hose,n,f;pl;nom,1308,0.9211,0.9209,5.64,783,d14320c3d43f3648b3ba581629767f83,Substantivo
de,German,freundin,freundin,n,f;sg;nom,1982,0.9216,0.9286,5.87,784,26a4633147e001fe303af2f475221771,Substantivo
de,German,meter,meter,n,m;pl;nom,343,0.9218,0.9277,8.69,785,aa2fd65eb1c4f6f6cc19aa7cabf8564b,Substantivo
de,German,suppe,suppe,n,f;sg;*case,2710,0.9218,0.922,3.51,785,ee9aede3dfe2bb51b154ca6a975b7c37,Substantivo
de,German,apfel,apfel,n,m;sg;dat,1002,0.9223,0.9311,6.93,787,3bbf416f917344f73b83fdeb0bc64514,Substantivo
de,German,beziehung,beziehung,n,f;sg;acc,761,0.9226,0.9217,4.9,788,3d648b8db8bb6b1bc16c317f592a3ca5,Substantivo
de,German,katzen,katze,n,f;pl;acc,2634,0.9228,0.9248,6.75,789,2cffe354cd1480b4709b59d1d6fe7b4b,Substantivo
de,German,kalt,kalt,adj,pst;pred,122,0.9228,0.927,4.75,789,325eab107d8f8fe9d09d19a740121d73,Adjetivo
de,German,leder,leder,n,nt;*numb;*case,421,0.9228,0.9159,2.52,789,80138a95f5f7c459812bcc66973563de,Substantivo
de,German,kürzlich,kürzlich,adj,pst;pred,123,0.9228,0.9515,4.93,789,869520b9ef31710413e73f0025cc80b4,Adjetivo
de,German,maus,maus,n,f;sg;nom,2316,0.9231,0.9285,6.57,793,151836e6c49cda9db1b01edafd8de1e1,Substantivo
de,German,trainer,trainer,n,m;sg;*case,154,0.9232,0.9124,2.06,794,00420690de1bd5795dec728c4e63798b,Substantivo
de,German,bereit,bereit,adj,pst;pred,123,0.9234,0.9268,4.65,795,aa6b0bc00851628751c723c826921a3d,Adjetivo
de,German,spreche,sprechen,vblex,pri;p1;sg,314,0.9234,0.9339,7.22,795,b29ae90d223ab56f9bbe3b8c9e917b72,Verbo
de,German,tochter,tochter,n,f;sg;dat,744,0.9235,0.9295,5.62,797,d5ee6d52760e6e96070c5464cbf45a32,Substantivo
de,German,kind,kind,n,nt;*numb;*case,347,0.9236,0.9212,91.88,798,fd5807deae8efa29f5c5ca7c175608ca,Substantivo
de,German,bäume,baum,n,m;pl;nom,1462,0.924,0.9349,5.98,799,c4a3b93d4e1ea652dda6fe7332cc1f02,Substantivo
de,German,kein,kein,det,ind;m;sg;nom;st,341,0.9244,0.9355,6.37,800,b45d5c4eb34dbaa3e786f7a639625e8b,Determinante
de,German,geschmack,geschmack,n,m;sg;dat,1006,0.9244,0.9368,6.68,800,d5d3adec468c3fa24076c6b7645db9b5,Substantivo
de,German,mein,mein,prn,pos;nt;sg;nom,1343,0.9244,0.9338,10.49,800,f69d05695a10994d83dfec23041b7bc1,Pronome
de,German,saft,saft,n,m;sg;*case,2114,0.9248,0.9267,3.48,803,2426304db5c90727ddc772ceaf7aa4d8,Substantivo
de,German,sehe,sehen,vblex,pri;p1;sg,3060,0.9248,0.9407,9.36,803,2cc66b19207e6ade9dd72aa1bd19eeb0,Verbo
de,German,funktioniert,funktionieren,vblex,pri;p3;sg,137,0.9249,0.9327,4.83,805,d67612a19bb64883f2568d6382d39608,Verbo
de,German,trinkt,trinken,vblex,pri;p3;sg,14810,0.9251,0.9282,21.02,806,306560d6f47275980bdfc69f8f338552,Verbo
de,German,super,super,adj,pst;attr,133,0.9254,0.9402,7.56,807,288c08b472793f86460c99d239e07f9e,Adjetivo
de,German,offen,offen,adj,pst;pred,180,0.9255,0.9373,4.64,808,81881a53305fd2d86bdeffa0497565ed,Adjetivo
de,German,englische,englisch,adj,pst;f;sg;acc,119,0.9255,0.944,6.98,808,84578ccc1185d65401a9f277b7280778,Adjetivo
de,German,diät,diät,n,f;sg;*case,1226,0.9256,0.9298,2.88,810,7f79fc712e91f1e703bb5f805ab74e8a,Substantivo
de,German,länger,lang,adj,comp;pred,183,0.9256,0.9262,4.69,810,9c91216ed439f215d425ad29ae847812,Adjetivo
de,German,frauen,frau,n,f;pl;acc,1404,0.9256,0.9374,6.23,810,b591fa376b7f96ed3b29a36794aa96d5,Substantivo
de,German,gelb,gelb,adj,pst;pred,516,0.926,0.9351,5.08,813,8500f2a81462a490b8c562733756d9c8,Adjetivo
de,German,leute,leute,n,nt;pl;*case,252,0.9261,0.929,3.09,814,003ffb8ac0a514ce1ee18329838799dc,Substantivo
de,German,mann,mann,n,m;sg;nom,11999,0.9262,0.9398,20.01,815,35a54c25a2cda8127343f6a82e6f6b7d,Substantivo
de,German,schwangerschaft,schwanger,adj,,821,0.9262,0.9353,5.35,815,62ca108a5d15c0bfdee56212e56ac3d4,Adjetivo
de,German,uns,wir,prn,p1;mf;pl;dat,310,0.9262,0.9403,6.26,815,782d499f38ab7bdd536de876a338877c,Pronome
de,German,gruppe,gruppe,n,f;*numb;*case,258,0.9264,0.9267,2.98,818,b03d7e76c827ed2e7a8360506aa2445f,Substantivo
de,German,neun,neun,num,sp,389,0.9265,0.9369,4.41,819,99f11ea7e71112335e4b6f13e148d522,Numeral
de,German,super,super,adj,pst;pred,182,0.9267,0.9273,5.17,820,54dbff8752354020594b3f726f8c93ec,Adjetivo
de,German,persönlich,persönlich,adj,pst;pred,141,0.9267,0.9298,4.7,820,74c00e359fa213d5c0cb285fa1ff34c3,Adjetivo
de,German,bruder,bruder,n,m;sg;nom,1189,0.9268,0.9352,8.66,822,10adc8d8848001c17819c94e5bf8959d,Substantivo
de,German,nichts,nichts,det,ind;nt;sg;acc,210,0.9268,0.9463,3.5,822,e1fdfa97af9f71e2abdfaa0de18f3f27,Determinante
de,German,essen,essen,vblex,inf;@modal,167,0.927,0.9342,25.16,824,0ac79c6e50333bacb93cec058e59bad2,Verbo
de,German,menschen,mensch,n,m;pl;acc,1767,0.927,0.9326,6.33,824,b0e29e3b2eecb4102f3ed41a32f22943,Substantivo
de,German,patienten,patient,n,m;pl;nom,110,0.9273,0.9429,5.75,826,49f9bb62d25db449c4b4482fa91cc675,Substantivo
de,German,wasser,wasser,n,nt;sg;nom,5953,0.9273,0.9368,4.94,826,513ccd4f1725747bd2e1fafbfee3d435,Substantivo
de,German,sohn,sohn,n,m;sg;acc,678,0.9276,0.9315,5.83,828,d00f063383691e1bb97a3925b57fb77b,Substantivo
de,German,vogel,vogel,n,m;sg;nom,2545,0.9276,0.9315,6.53,828,d2c150963a4dce17cf950c928d35ad9f,Substantivo
de,German,lernen,lernen,vblex,pri;*pers;pl,136,0.9277,0.9253,5.07,830,77e2b8e500e90a1c469178a44461acdc,Verbo
de,German,eier,ei,n,nt;pl;nom,1331,0.9277,0.9356,5.89,830,f7655c4ba8984739b641c70efee3974d,Substantivo
de,German,kaffee,kaffee,n,m;sg;acc,4410,0.9279,0.9317,6.77,832,255fab3d21e4c5c1f0d4075711611b8e,Substantivo
de,German,zeitung,zeitung,n,f;sg;nom,6865,0.9279,0.9337,9.19,832,976f6171730b815a2f218510b63c2a8b,Substantivo
de,German,ist,sein,vbser,pri;p3;sg,15437,0.9282,0.9268,45.35,834,2ac4ffe95f75b15d1d99aeebbb8321c7,vbser
de,German,investor,investor,n,m;sg;*case,258,0.9289,0.9191,5.4,835,5acfb1c58bcef2a146612e9e7950f759,Substantivo
de,German,beruf,beruf,n,m;*numb;*case,251,0.929,0.9249,4.79,836,24ef492eb3309817e7b581a58a69991c,Substantivo
de,German,meine,mein,prn,pos;f;sg;acc,494,0.9291,0.9235,5.45,837,76e7fc45026b5e5cf33fe7b7cb1a827b,Pronome
de,German,zweite,zweit,adj,ord;f;sg;acc,276,0.9292,0.9347,4.54,838,2d6374bacba847fc29506c9c902468d1,Adjetivo
de,German,restaurants,restaurant,n,nt;pl;nom,1492,0.9292,0.937,5.98,838,5657475bcd6493a5b51d4e54330261d1,Substantivo
de,German,haus,haus,n,nt;sg;nom,397,0.9294,0.9302,1.22,840,31b234b40e03678425ff33fe45040ebe,Substantivo
de,German,bis,bis,pr,acc,348,0.9294,0.9383,9.44,840,5ac370ac1dbdb8cd1fc2ab87d1b1de9d,Preposição
de,German,weiße,weiß,adj,pst;f;sg;nom,397,0.9294,0.9395,5.45,840,f1998641ea4bd5b69188c2fd9113be33,Adjetivo
de,German,herr,herr,n,m;*numb;*case,275,0.93,0.9247,2.61,843,40ad852077425a0969f3f1c76136e17d,Substantivo
de,German,brot,brot,n,nt;sg;acc,6276,0.93,0.9347,14.75,843,ba88540d7ce79d5bf8353405fd321f0a,Substantivo
de,German,trinke,trinken,vblex,pri;p1;sg,6623,0.9302,0.9356,12.02,845,57457e31abab4aef08489362a8ac1130,Verbo
de,German,spiegel,spiegel,n,m;*numb;*case,423,0.9303,0.9301,2.7,846,518aef827c71262db8b2b9c5597a9d8f,Substantivo
de,German,uns,wir,prn,p1;mf;pl;acc,557,0.9306,0.9444,5.44,847,1c8bef4a0aee53109a60ecedaeb2d8f6,Pronome
de,German,praktisch,praktisch,adj,pst;pred,178,0.931,0.9353,3.9,848,66fa43cd635bc28f65aeed05bfad1aad,Adjetivo
de,German,kaiser,kaiser,n,m;sg;*case,165,0.9311,0.9356,6.12,849,7aca83c908ec30995191dce96edb1372,Substantivo
de,German,gute,gut,n,nt;sg;dat,172,0.9312,0.9279,3.54,850,34243e86424526da3ad8cf4d871ed2ad,Substantivo
de,German,clever,clever,adj,pst;pred,209,0.9315,0.9327,4.51,851,03250418f03d0fa48f947e1a72cd70b3,Adjetivo
de,German,falsch,falsch,adj,pst;pred,257,0.9315,0.9291,6.28,851,9e87c11cf63a665105be6c40af254f8f,Adjetivo
de,German,mädchen,mädchen,n,nt;sg;acc,2165,0.9315,0.9382,6.63,851,a139decfa05a74ceea3d85b756881e59,Substantivo
de,German,hosen,hose,n,f;pl;acc,1457,0.9322,0.9382,4.85,854,636b31a6256d1f7dadfd08eac27090d2,Substantivo
de,German,kinder,kind,n,nt;pl;acc,2873,0.9322,0.9384,6.63,854,6718e326004d602da4dbc3e0b0a83394,Substantivo
de,German,schwarz,schwarz,adj,pst;attr,381,0.9322,0.9395,5.14,854,e5f44d435d064582e22681263294e3d4,Adjetivo
de,German,babys,baby,n,nt;pl;acc,882,0.9325,0.9468,5.68,857,57141883f3ff8ed24a0de6775f6718c4,Substantivo
de,German,haustiere,hau,n,,1405,0.9328,0.9348,6.35,858,6c6d2584f9c8d0fdfb7cccc861f0c8bd,Substantivo
de,German,viele,viel,det,ind;m;sg;nom;sw,119,0.9328,0.9371,3.08,858,8d75f6da3219d3fd605f52f237c1264e,Determinante
de,German,grün,grün,adj,pst;attr,432,0.933,0.9377,6.56,860,19f6faa54524da9ee0d43d2573f79f53,Adjetivo
de,German,großvater,großvater,n,m;sg;nom,829,0.9331,0.9319,5.92,861,6799aefa49e4df2ec13c8f65e363601f,Substantivo
de,German,trinkst,trinken,vblex,pri;p2;sg,6086,0.9332,0.9389,6.99,862,a43779cefc81fd8de149c0ff939b6012,Verbo
de,German,teuer,teuer,adj,pst;pred,210,0.9333,0.9379,4.8,863,a203bafb4a85d0211706002773ded00c,Adjetivo
de,German,grünen,grün,adj,pst;mf;pl;acc;mix,308,0.9334,0.9385,4.51,864,a8a4672387a92e7b3690a4ff261c89be,Adjetivo
de,German,sehen,sehen,vblex,pri;p1;pl,1366,0.9335,0.9449,7.1,865,306fcf04f2bb44ed74798ae3007a3f60,Verbo
de,German,mein,mein,prn,pos;m;sg;nom,2858,0.9339,0.9385,15.29,866,066e1ccce2a4ab015559773c91907e49,Pronome
de,German,äpfel,apfel,n,m;pl;nom,1462,0.9343,0.9426,6.7,867,ddff8792bb1b32f8275fce37aee9d448,Substantivo
de,German,meine,mein,prn,pos;f;sg;nom,2746,0.9346,0.9361,15.45,868,c9ae807eff5e546137ea9d9f9f6ccb5f,Pronome
de,German,tiere,tier,n,nt;pl;acc,2249,0.9354,0.9407,5.32,869,2de05b2487def44b122cf40e466979fa,Substantivo
de,German,restaurants,restaurant,n,nt;pl;acc,1978,0.9354,0.939,4.68,869,a58cdf60195cbef1f081522ce0103f5e,Substantivo
de,German,fisch,fisch,n,m;sg;acc,1398,0.9355,0.9328,1.13,871,ae67243af6f85fa1bc0bb7095f4c9689,Substantivo
de,German,unabhängig,unabhängig,adj,pst;pred,167,0.9356,0.9373,4.44,872,d4eff1b513ebdaba03934ca49d46d145,Adjetivo
de,German,integration,integration,n,f;sg;nom,272,0.9357,0.9395,4.18,873,c058d5c4dfd261f8ff7310f04fd43ed4,Substantivo
de,German,wein,wein,n,m;sg;*case,2982,0.9358,0.9343,4.09,874,a11a7c418b1f2afd941e7d00ec52a461,Substantivo
de,German,großvater,großvater,n,m;sg;dat,777,0.9359,0.9386,6.15,875,8e0e8eddd0bf1427c3eccb33af92b3f5,Substantivo
de,German,restaurants,restaurant,n,nt;pl;dat,915,0.9362,0.9443,5.97,876,5a46da2106faadd4418654a62d85d27f,Substantivo
de,German,vollständig,vollständig,adj,pst;pred,123,0.9363,0.931,3.51,877,b72ee8586917656f54823bdd45f0d948,Adjetivo
de,German,stiften,stift,n,m;pl;dat,185,0.9365,0.9163,3.16,878,061779c952c46bef1f5be050539a5572,Substantivo
de,German,pferde,pferd,n,nt;pl;nom,2036,0.9365,0.9393,6.21,878,4151f77152035285a1d5a38a90a1d5ed,Substantivo
de,German,blumen,blume,n,f;pl;nom,1598,0.9365,0.9392,6.13,878,de88b60bce43ef13fd004cd23db950a2,Substantivo
de,German,alkohol,alkohol,n,m;sg;*case,2030,0.9366,0.9379,3.78,881,6e27d25cfde04af565174920f8b56274,Substantivo
de,German,wein,wein,n,m;sg;nom,323,0.937,0.9337,1.16,882,4074295f01036b219ba1cbe93b224364,Substantivo
de,German,gegner,gegner,n,m;sg;nom,294,0.9372,0.9429,3.86,883,d1e238112576e2652b23f9d28ea99572,Substantivo
de,German,magst,mögen,vbmod,pri;p2;sg,3000,0.9373,0.9438,6.84,884,de7cc64f2f73345c893d3de9bf662804,vbmod
de,German,fahrer,fahrer,n,m;sg;nom,282,0.9374,0.9456,5.26,885,7ba285994b78c9b4ef0ed9fb18cd9b40,Substantivo
de,German,tschüss,tschüss,ij,,3949,0.9374,0.9419,5.34,885,d4fb6c6a4268d3cbb9dca8b43a80878a,ij
de,German,bekleidung,bekleidung,n,f;sg;nom,423,0.9375,0.9444,4.49,887,b6fd9044e6cc1ff4b7bc3df9a965ae04,Substantivo
de,German,stärker,stark,adj,comp;pred,135,0.9377,0.9372,4.59,888,a08d040e663af0d82b6d979a00cbda62,Adjetivo
de,German,bücher,buch,n,nt;pl;nom,1350,0.9379,0.946,4.2,889,0b7499e8838880317d01e079df1bb150,Substantivo
de,German,mag,mögen,vbmod,pri;p1;sg,3984,0.9379,0.943,9.65,889,4635584da9ff676724eca4ade50daa8b,vbmod
de,German,toll,toll,adj,pst;pred,116,0.9384,0.9405,4.48,891,00982eb1a1564b00d81ec1c591c6aadd,Adjetivo
de,German,drei,drei,num,sp,1728,0.9388,0.9428,16.85,892,3fd6fe4d654ddfa56fc5b03cf054f70d,Numeral
de,German,milch,milch,n,f;sg;acc,2582,0.9389,0.9386,1.22,893,0a0af980faaaae0a6613020ae86d0c61,Substantivo
de,German,tasche,tasche,n,f;*numb;*case,409,0.9389,0.9384,2.55,893,5dcb43ac9538bd2d84ccd7438aa25bbc,Substantivo
de,German,nichts,nichts,det,ind;nt;sg;*case,172,0.9395,0.9482,9.35,895,99c1ab6321e43c1cde9d3e1f2a9d236f,Determinante
de,German,unsere,unser,prn,pos;f;sg;nom,733,0.9397,0.9561,6.28,896,668da9dd8568e800d25abaf75c665610,Pronome
de,German,einfach,einfach,adj,pst;pred,175,0.9397,0.9324,4.89,896,b37e8fdbe168dc741370eb4e08f06df1,Adjetivo
de,German,flasche,flasche,n,f;sg;nom,245,0.9398,0.9344,1.11,898,a2d5a0c1a4ea3e002257a410345c79c0,Substantivo
de,German,nachdem,nachdem,cnjsub,,127,0.9403,0.9469,8.71,899,7d8f0b905d73e9369edfcb468178a20d,Conjunção
de,German,willkommen,willkommen,adj,pst;pred,3014,0.9403,0.9433,3.69,899,c7f714b305e9a17ce7596cfc62b810c5,Adjetivo
de,German,sandwich,sandwich,n,nt;sg;*case,2641,0.9404,0.9419,4.18,901,47d36790b955d30df3cec8759b563f87,Substantivo
de,German,general,general,n,m;sg;nom,284,0.9404,0.9327,5.42,901,a75e7b1fcef4bc423bb4a68923376de4,Substantivo
de,German,jung,jung,adj,pst;pred,126,0.9405,0.9213,5.16,903,a3a2acecb163f9d5befccdc93b09819b,Adjetivo
de,German,häuser,haus,n,nt;pl;nom,758,0.9407,0.9448,3.47,904,2b08405e30ffee7b987a012f3b7ca52f,Substantivo
de,German,gemüse,gemüse,n,nt;sg;*case,1962,0.9408,0.9416,3.4,905,a190babe822e292e864a72048c13c644,Substantivo
de,German,pferde,pferd,n,nt;pl;acc,2223,0.9408,0.942,5.38,905,ab609722c1aea20a9c197e9da12fa1b8,Substantivo
de,German,fleisch,fleisch,n,nt;sg;*case,1553,0.9408,0.9457,2.96,905,cd2c7bfd14926df12dbfcbc9f211a6a6,Substantivo
de,German,regional,regional,adj,pst;pred,138,0.9408,0.9432,4.56,905,e02a645ffe45405bc3491c2ab82f4e85,Adjetivo
de,German,tisch,tisch,n,m;sg;nom,2429,0.941,0.9518,5.64,909,d73551d37294321546916c71bbffd536,Substantivo
de,German,vater,vater,n,m;sg;nom,1143,0.9411,0.9451,7.51,910,014677e0969f71008b7f864ec94b4b6b,Substantivo
de,German,mitarbeiter,mitarbeiter,n,m;sg;nom,246,0.9411,0.9424,5.22,910,31b3b43f58729c6a3257a6147799db77,Substantivo
de,German,mensch,mensch,n,m;*numb;*case,280,0.9411,0.9347,21.69,910,92ea286ecbc54fccae5340939ad98e24,Substantivo
de,German,suppe,suppe,n,f;sg;dat,945,0.9412,0.9527,2.66,913,42ac7c3f9f495fe9335111892a11f8a9,Substantivo
de,German,neu,neu,adj,pst;pred,184,0.9414,0.9465,6.36,914,97f36cc361bc4fdf4cb22efd09ace359,Adjetivo
de,German,einrichtung,einrichtung,n,f;sg;*case,254,0.9415,0.9483,2.6,915,c4745df52f31fd8e3ea2890bb4f76a3e,Substantivo
de,German,bist,sein,vbser,pri;p2;sg,4566,0.942,0.9444,9.83,916,71f5612281d1ecd419cfbe7ae49aaed3,vbser
de,German,aus,aus,pr,dat,634,0.9421,0.9288,8.41,917,02f29045c453dca38ae3ddf483bb6309,Preposição
de,German,tierwelt,tier,n,+welt<n;f;sg;nom,1257,0.9421,0.9421,3.62,917,5b89c0d79a3e94b00284ba06baa65d1d,Substantivo
de,German,siehst,sehen,vblex,pri;p2;sg,2077,0.9423,0.9505,6.05,919,6740f2bea63a583e9f92a6b00ff0023c,Verbo
de,German,hähnchen,hähnchen,n,nt;sg;acc,1539,0.9423,0.9444,4.16,919,d05e7da7211e9bf2332e9178af2ef55c,Substantivo
de,German,fischer,fischer,n,m;sg;*case,273,0.9431,0.9439,5.8,921,48975f76fdbaa1860e3cd6f5893a953e,Substantivo
de,German,blau,blau,adj,pst;attr,485,0.9431,0.9415,6.91,921,649fc4b06f4cfa4cd08e77ce2daf9be8,Adjetivo
de,German,sandwich,sandwich,n,nt;sg;acc,1037,0.9435,0.9411,1.28,923,6b645c62f8e3f525140e564e2a8b388e,Substantivo
de,German,schwester,schwester,n,f;sg;acc,770,0.9436,0.9449,4.8,924,05db1bb13389dd9ddfbeeaea4f769db9,Substantivo
de,German,fünf,fünf,num,sp,556,0.9438,0.9455,5.62,925,c83599acc5c571cade0112e323ae88be,Numeral
de,German,großvater,großvater,n,m;sg;acc,625,0.9438,0.9491,5.48,925,ee57e078317621c6bc95cef253e71a6a,Substantivo
de,German,rot,rot,n,nt;pl;acc,448,0.9439,0.9481,8.72,927,f83a850d33b125dfd79519b74a9e922e,Substantivo
de,German,lampe,lampe,n,f;sg;*case,485,0.9443,0.9433,2.81,928,3ff2e5e3370f7abc137c67ab1437155e,Substantivo
de,German,lerne,lernen,vblex,pri;p1;sg,4906,0.9443,0.9502,7.96,928,cee314fa43551daf3690bb5cdda0bf23,Verbo
de,German,normal,normal,adj,pst;pred,175,0.9444,0.9394,4.03,930,592bf39535e96cab1a77744da11277f2,Adjetivo
de,German,positiv,positiv,adj,pst;pred,171,0.9444,0.9583,4.62,930,643f9ba3eef70d0be3f6213c40ed9b9e,Adjetivo
de,German,nein,nein,adv,,4668,0.9445,0.9518,9.09,932,0d7ce5a7bec9bfe876a8042abe8a2f7d,Advérbio
de,German,farbe,farbe,n,f;*numb;*case,445,0.9449,0.9476,4.55,933,a88744f84fff32b5988a3d27c0e38883,Substantivo
de,German,mutter,mutter,n,f;sg;nom,1179,0.945,0.9466,7.16,934,174c069dbe0e446ec865adb0ed0d5e92,Substantivo
de,German,präsident,präsident,n,m;sg;nom,318,0.9452,0.9476,5.81,935,7e5662d1cc333cab6eaf0ef316b35254,Substantivo
de,German,fisch,fisch,n,m;sg;*case,2941,0.9453,0.9456,3.6,936,5e5b65bf703f08e995e2a9c915bff035,Substantivo
de,German,alt,alt,adj,pst;pred,244,0.9456,0.9452,5.01,937,a09c3b10cb379bc055819b4ca7e9009b,Adjetivo
de,German,student,student,n,m;*numb;*case,335,0.946,0.9437,6.31,938,b0ed2951f39d87ad37d03c043645045c,Substantivo
de,German,menü,menü,n,nt;sg;acc,140,0.9464,0.9506,1.17,939,e54e7db4449d625e9d27039785b5059f,Substantivo
de,German,elefanten,elefant,n,m;pl;nom,2078,0.9471,0.9493,4.97,940,e7681980ab376e350eb0fece9f065da3,Substantivo
de,German,single,single,n,f;*numb;nom,215,0.9481,0.9444,2.0,941,2af8991a18f7bfc559054d1b6d6a27fb,Substantivo
de,German,millionen,million,n,f;pl;nom,231,0.9481,0.9505,3.4,941,f29c8af2532168455a8a06cc4b7aaee5,Substantivo
de,German,katzen,katze,n,f;pl;nom,1809,0.9488,0.9482,4.78,943,4270d485372bac72916ea26bf6f11437,Substantivo
de,German,milch,milch,n,f;sg;dat,1650,0.9491,0.951,2.29,944,70c8dc6b2183ee8c33aaa914317233bb,Substantivo
de,German,eins,eins,num,sp,592,0.9493,0.9569,7.16,945,f6095efccb210c158cd843dc6f87a416,Numeral
de,German,deutsch,deutsch,n,nt;sg;*case,247,0.9494,0.9535,2.65,946,235e4238c0e47a8aa3bd628c0d25ba40,Substantivo
de,German,sichtbar,sichtbar,adj,pst;pred,211,0.9495,0.9524,4.36,947,b1d7f850839ec619f9da3dfc3c279c4b,Adjetivo
de,German,der,der,det,def;m;sg;nom,8445,0.9497,0.9531,13.4,948,56429751fdaedb6e491f4795c770f5a4,Determinante
de,German,arbeitnehmer,arbeitnehmer,n,m;sg;nom,222,0.9503,0.9501,4.97,949,0fb7a5ffdbc7ca31bbf890c4d39a3a8b,Substantivo
de,German,lernen,lernen,vblex,suff;n;nt;sg;dat,808,0.9507,0.9552,5.96,950,c7b9d866b8ab4eac9d7ce30ad1373e27,Verbo
de,German,wolf,wolf,n,m;sg;nom,2140,0.9508,0.9504,4.63,951,10ae8cdfd6c10b2089dcbc0dd9eadf90,Substantivo
de,German,voll,voll,adj,pst;pred,183,0.9508,0.965,4.59,951,bc1e800dc357a96ee276380a2742da5b,Adjetivo
de,German,koch,koch,n,m;sg;*case,2570,0.9513,0.9493,5.38,953,a89c81adea41dab4e9587bb884e2f3d3,Substantivo
de,German,trinken,trinken,vblex,pri;p1;pl,2336,0.9516,0.9623,7.0,954,f68f2010558742b836f8a364a4382d3f,Verbo
de,German,leicht,leicht,adj,pst;pred,108,0.9521,0.9461,4.85,955,83565774c89b0e6cb8e15c045d9bf68f,Adjetivo
de,German,elefanten,elefant,n,m;pl;acc,1960,0.9522,0.9539,6.22,956,2c6fb2e2710fdf0851a9e13c05d101f0,Substantivo
de,German,getränke,getränk,n,nt;pl;*case,2021,0.9524,0.9503,4.03,957,ef40e640cc9599341392b66d6b890c27,Substantivo
de,German,orangen,orange,n,f;pl;nom,1342,0.9525,0.9571,5.32,958,451bfa55bfd0e0f351d010de45fc6ffc,Substantivo
de,German,fans,fan,n,m;pl;*case,219,0.9528,0.9549,2.43,959,c428368d2fcec34613d6915321403a3e,Substantivo
de,German,tee,tee,n,m;sg;*case,2642,0.9529,0.9539,3.71,960,0559e1c4782c0de0ee265c93142a1dc6,Substantivo
de,German,deutsch,deutsch,n,nt;sg;acc,117,0.953,0.952,1.14,961,005fe5671a38b2b80590264036a4745c,Substantivo
de,German,nudeln,nudel,n,f;pl;*case,1964,0.9541,0.9547,3.94,962,3fb0c6ae83598ec3e6817e2e236e3b9b,Substantivo
de,German,menü,menü,n,nt;sg;*case,1436,0.9542,0.9539,2.75,963,558028cb6d2f55177ab4489add640178,Substantivo
de,German,brot,brot,n,nt;sg;dat,1058,0.9543,0.9563,4.72,964,76e9cc86cf53637064fbe3c3b8a290e7,Substantivo
de,German,bürgermeister,bürger,n,,283,0.9544,0.9466,4.99,965,39f3b5454f0a3a24346b2064d68c5819,Substantivo
de,German,relativ,relativ,adj,pst;pred,168,0.9544,0.9583,4.65,965,f9105eb79d37e0de0a090af1ff3709ec,Adjetivo
de,German,großeltern,großeltern,n,nt;pl;nom,748,0.9545,0.9536,4.8,967,05c2f98043ff78f04255de25b1c6e168,Substantivo
de,German,kreditkarte,kredit,n,,121,0.9545,0.9535,4.93,967,8d67fdaa825157e91e98d3ba15449860,Substantivo
de,German,liest,lesen,vblex,pri;p2;sg,3681,0.9547,0.9584,5.71,969,a4e808a979469e72d7245bbb00c5e81d,Verbo
de,German,öl,öl,n,nt;sg;*case,1626,0.9547,0.9568,3.38,969,dc7a6bce5bf4c6b1febee623ac2a90fd,Substantivo
de,German,haben,haben,vbhaver,pri;p1;pl,2007,0.9548,0.9543,5.97,971,b47c74e1c1cb30670320a9a09419bb61,vbhaver
de,German,interessant,interessant,adj,pst;pred,185,0.955,0.9567,4.42,972,110fb8ce650d68312b57823c725dc4c2,Adjetivo
de,German,schlecht,schlecht,adj,pst;pred,3316,0.955,0.9613,7.74,972,9983955c6ae5ccb44212967d15178a02,Adjetivo
de,German,bitte,bitte,adv,,4400,0.9551,0.9594,8.38,974,69cf4ad372fd80e76dc9deb52b092d3f,Advérbio
de,German,hund,hund,n,m;sg;nom,2586,0.9551,0.9559,7.59,974,bceaf647c8a36b910d0af7f94c6ed717,Substantivo
de,German,isst,essen,vblex,pri;p2;sg,5625,0.9551,0.9557,5.76,974,d0e80d740c4f2d0653951e65952c19d1,Verbo
de,German,kleiner,klein,adj,comp;pred,125,0.9553,0.9609,5.55,977,aae8a3978b9ce3407888f195a1cbc6c7,Adjetivo
de,German,bier,bier,n,nt;sg;*case,2918,0.9553,0.9551,3.57,977,aed61d1b1d68269fd8371eac8636fb0b,Substantivo
de,German,original,original,adj,pst;pred,121,0.9559,0.9691,4.95,979,eb966c916f8f007a860471df4c64443b,Adjetivo
de,German,wiedersehen,wiedersehen,@ij:auf_wiedersehen,,1229,0.9565,0.9584,13.77,980,37315e85cc30886e88d4ef7d074e4190,@ij:auf_wiedersehen
de,German,großmutter,großmutter,n,f;sg;nom,843,0.9565,0.9593,5.65,980,f97a251de78db7d18aebe54d0a841092,Substantivo
de,German,familie,familie,n,f;sg;nom,831,0.9569,0.9673,4.68,982,36b096d4c7be6c259a008aa68f45b336,Substantivo
de,German,ja,ja,adv,,4441,0.9581,0.9602,7.48,983,bae9cad859ae1be750a7c79fa962695c,Advérbio
de,German,gemüse,gemüse,n,nt;sg;acc,120,0.9583,0.9552,1.24,984,89db1b2ef5de96d4fa9ebfab5c2762bc,Substantivo
de,German,klein,klein,adj,pst;attr,204,0.9583,0.9657,6.88,984,e426eeae785e693cb94dc6ddc90e613b,Adjetivo
de,German,brot,brot,n,nt;sg;nom,2906,0.9584,0.968,5.34,986,40bcbd8339eeae2ed5ee89caf5c517c5,Substantivo
de,German,apfelsaft,apfel,n,,2284,0.959,0.9637,6.08,987,306fce0860d57f9860112d5d5bfa4564,Substantivo
de,German,hoch,hoh,adj,pst;pred,236,0.959,0.9559,4.55,987,d2365167d39609dc4f7d827d1bd64ffc,Adjetivo
de,German,gesund,gesund,adj,pst;pred,208,0.9599,0.9541,4.37,989,d3b9510de87d9fe0999792f99d0bfb65,Adjetivo
de,German,stark,stark,adj,pst;pred,151,0.9603,0.9683,4.7,990,2a82be47ccc9c3a0ee4e59838467f1c7,Adjetivo
de,German,klar,klar,adj,pst;pred,160,0.9604,0.9729,4.64,991,dab3ea2a4e013b540b2ad7d0259471bc,Adjetivo
de,German,schneider,schneider,n,m;sg;nom,358,0.9609,0.9588,5.94,992,9a46c24c725fa7cb000a27901f16ff92,Substantivo
de,German,aktiv,aktiv,adj,pst;pred,141,0.961,0.9686,4.3,993,a6437d42b8ee8332066359fcd76a0b75,Adjetivo
de,German,käsesandwich,käse,n,+sandwich<n;nt;sg;acc,351,0.9611,0.9618,3.33,994,8b6e9589cbef2dea01b95484cb482f60,Substantivo
de,German,gut,gut,adj,pst;pred,3170,0.9613,0.9637,6.05,995,d69a73469d92e724199aa03407b4d656,Adjetivo
de,German,frei,frei,adj,pst;pred,173,0.9619,0.9588,4.45,996,adfc30f620776cae37ea6abc1e780aa1,Adjetivo
de,German,bald,bald,@ij:bis_bald,,1234,0.9621,0.969,14.28,997,bb27e43fd43b7da29d52f14c5c4057a8,@ij:bis_bald
de,German,fisch,fisch,n,m;sg;nom,106,0.9623,0.9655,1.1,998,a3ca878384891c2620b5c14f0f2d0501,Substantivo
de,German,hast,haben,vbhaver,pri;p2;sg,4167,0.9627,0.9668,9.13,999,e15f13f230d129ce73b482d92222ae79,vbhaver
de,German,niemand,niemand,det,ind;mf;sg;nom,597,0.9628,0.9677,6.07,1000,8d33fb6bbfcc0b21b54ffa171fc19774,Determinante
de,German,danke,danke,ij,,4217,0.9643,0.9685,7.73,1001,df63436c59830ed1283317a0f9285cc9,ij
de,German,koch,koch,n,m;sg;nom,1654,0.9659,0.9665,4.14,1002,0df6636b1f13df9a9de7cebeadd4b074,Substantivo
de,German,international,international,adj,pst;pred,118,0.9661,0.9766,5.58,1003,08fa1ee9850c8104c1bc6ed3ff95a8bd,Adjetivo
de,German,englisch,englisch,n,nt;sg;acc,280,0.9665,0.9743,4.65,1004,2d9f1cfc0589baff228d4e4280151533,Substantivo
de,German,glas,glas,n,nt;sg;nom,228,0.9671,0.9672,1.09,1005,d5875edaceb99b282a29f22f13f4046b,Substantivo
de,German,privat,privat,adj,pst;pred,132,0.9678,0.9683,3.86,1006,14fad7dc918652731fcc91fe78da5cf2,Adjetivo
de,German,lesen,lese,n,f;pl;dat,155,0.9688,0.9639,2.94,1007,7a94638ca2820364bd77eb1435dc2023,Substantivo
de,German,könig,könig,n,m;sg;nom,1893,0.9694,0.9718,4.49,1008,6706a43c553cef09c1661c22cc0824b2,Substantivo
de,German,krank,krank,adj,pst;pred,123,0.9695,0.9622,8.86,1009,3c6879037e922e0ecdc137cf40a2da6d,Adjetivo
de,German,willkommen,willkommen,adj,pst;attr,3605,0.9696,0.9717,5.34,1010,887f1e4e561f9436ddbf9624bfb7abf4,Adjetivo
de,German,tochter,tochter,n,f;sg;acc,804,0.9712,0.9714,4.86,1011,70050bae3310c152d7461372ed81f846,Substantivo
de,German,schöner,schön,adj,comp;pred,169,0.9717,0.9654,4.84,1012,c99cae47262ea225d4fa56e11cb91a12,Adjetivo
de,German,kaputt,kaputt,adj,pst;pred,160,0.9718,0.9688,4.96,1013,7977598a040981e0e647f801486a4a44,Adjetivo
de,German,früh,früh,adj,pst;pred,134,0.9733,0.9706,4.58,1014,916c4e14d0fe953cefb551449b4888be,Adjetivo
de,German,könig,könig,n,m;sg;*case,187,0.9733,0.9734,10.33,1014,91ad627f5cad8e4b565319fbbff69869,Substantivo
de,German,essen,essen,n,nt;pl;acc,986,0.9739,0.9803,3.86,1016,3c98d2818e1816241b1c3cf1ebc5fbba,Substantivo
de,German,grünen,grün,adj,pst;mf;pl;nom;mix,198,0.9763,0.9658,4.76,1017,4a441926f8eaa322e2b9949a40b94ccf,Adjetivo
de,German,hallo,hallo,ij,,4178,0.9765,0.9801,7.24,1018,b77ab67cbe0cd5b103bae870365329f6,ij
de,German,fit,fit,adj,pst;pred,164,0.9782,0.9723,4.77,1019,e9f8a10f2319d0e7b24fed4da574d7b1,Adjetivo
de,German,küche,küche,n,f;sg;nom,276,0.9783,0.9799,1.17,1020,069ef0a86bd67240c98fc16ec4cb18bb,Substantivo
de,German,acht,acht,adj,ord;pred,145,0.9791,0.9777,4.59,1021,81f49eecf3471a87e8311cd8db6ab01d,Adjetivo
de,German,name,name,n,m;*numb;nom,207,0.98,0.9792,2.87,1022,b959a9a3c22dd5a9cc2d7944fd08f3b2,Substantivo
de,German,gutgehen,gutgehen,vblex,inf,781,0.9824,0.9724,2.07,1023,5920f3c3c88f4dff4b269a8dd38a75ed,Verbo
de,German,automatisch,automatisch,adj,pst;pred,158,0.9842,0.9864,4.85,1024,773f58a4d1668b28fcca1fb2b8ff6179,Adjetivo
de,German,meister,meister,n,m;sg;*case,196,0.9855,0.978,4.93,1025,05fc9c8391850cb9b9610b6a2eeb6441,Substantivo
de,German,groß,groß,adj,pst;attr,283,0.9855,0.9819,7.31,1025,fb33b274063f78ee31026f59c6cd5527,Adjetivo
en,English,since,since,pr,,110,0.459,0.5033,224.17,1,b0ee4213a830d6322c4cad8e10c61a4f,Preposição
en,English,have,have,vbhaver,inf;@future,115,0.5829,0.6105,131.37,2,ae84f563d3dc8127ac0d896ea6b2f5ba,vbhaver
en,English,been,be,vbser,pp;@cond_perfect,143,0.6367,0.7131,19.35,3,a5b63037900e95911860798682a4b1a8,vbser
en,English,what,what,rel,nn;mf;sg,135,0.6549,0.7371,59.01,4,aae7214c7b7c2f51b83b027fb10d19ea,rel
en,English,cannot,can,vaux,pres>+not<adv,148,0.6662,0.7276,26.55,5,7c041aced12e9d663b84ae6b2720ab90,vaux
en,English,drink,drink,vblex,inf;@future,506,0.6814,0.7047,86.69,6,c25e82e856ff24dbbc6e92355f0c8aee,Verbo
en,English,see,see,vblex,inf;@future,275,0.6826,0.6953,69.38,7,30d6ff4d57fda2806a1190b968e6a41e,Verbo
en,English,heard,hear,vblex,past,348,0.6847,0.7276,26.59,8,f757c32ec9245f16965a7dd1f46627d5,Verbo
en,English,would,would,vaux,pres;@cond_perfect,408,0.6871,0.8004,106.74,9,a2f363f17e86b56e2d51f5c15c4b886b,vaux
en,English,have,have,vbhaver,inf;@cond_perfect,408,0.6871,0.8004,107.23,9,a47b23c2db40aa2faaf7ce60ee468b21,vbhaver
en,English,used,use,vblex,past,1215,0.689,0.7133,91.39,11,6d3c2de2970841510e7327916c6bd1b7,Verbo
en,English,charge,charge,n,sg,152,0.69,0.7231,5.86,12,38e1b70f3571c8ef6769858d976c6e5d,Substantivo
en,English,said,say,vblex,past,420,0.6901,0.726,38.38,13,145db07b1be00fbaee544744c67a4701,Verbo
en,English,know,know,vblex,inf;@future,114,0.6902,0.7076,10.12,14,89b1e2040a6fb26048567356ad8e1498,Verbo
en,English,able,able,adj,sint,322,0.6923,0.7126,28.33,15,629c7e3c906a28581bce084c04f46e87,Adjetivo
en,English,would,would,vaux,pres,335,0.6982,0.7349,61.29,16,781676499b1c647263a58a48a7721623,vaux
en,English,in,in,adv,,132,0.7033,0.7551,313.64,17,12e2a098731ed65b5b52a5aa7efe3d57,Advérbio
en,English,since,since,adv,,361,0.708,0.7295,38.28,18,1f362c91bd0023b66317559cdbeda6de,Advérbio
en,English,come,come,vblex,inf;@future,140,0.7087,0.7268,9.36,19,85897c97e1767ca3f2ded9bdb47de817,Verbo
en,English,rose,rise,vblex,past,193,0.7111,0.75,5.18,20,bc9d69354a42c2a9e887169054c93ca1,Verbo
en,English,arrive,arrive,vblex,inf;@future_phrasal,118,0.7137,0.7594,7.2,21,cbd0b3762b3ef8789da0f15ba68f7d78,Verbo
en,English,were,be,vbser,past,1789,0.7154,0.7401,127.78,22,3d59561bf377e21ead2bf8d894d7f20f,vbser
en,English,born,born,adj,,464,0.7165,0.757,6.66,23,785e4ec0a4d6eaefb7128dba3e520c85,Adjetivo
en,English,walking,walk,vblex,pprs,410,0.7174,0.7542,57.29,24,ab69c63d656f845fb078cf637732bed7,Verbo
en,English,be,be,vbser,inf;@future,974,0.7174,0.7324,119.68,24,c641391d5824e10759567c193d905a62,vbser
en,English,flute,flute,n,sg,413,0.7191,0.7429,58.82,26,4d380ab993dc7a36d9fcaf725faad8d8,Substantivo
en,English,including,include,vblex,pprs,189,0.7225,0.7687,12.22,27,df9c42dedd13f89157234c54b2dfb73f,Verbo
en,English,cover,cover,vblex,inf,198,0.7231,0.7619,5.25,28,7d465a28f78d9598b211971db07be10f,Verbo
en,English,lot,lot,n,sg,1154,0.7237,0.7381,119.12,29,a05e843a7075ac87693419641a5939c5,Substantivo
en,English,worse,bad,adj,sint;comp,236,0.7248,0.7521,11.91,30,75ebed0c72dbcd8a1c54331dab523c1d,Adjetivo
en,English,had,have,vbhaver,past;@past_perfect,1155,0.7252,0.8213,165.55,31,2be86c176d759d61e0aa532da3628ce6,vbhaver
en,English,eaten,eat,vblex,pp;@past_perfect,138,0.7277,0.7602,11.45,32,4d6bd6e74f68c8876d9f383b023a45f6,Verbo
en,English,thought,think,vblex,past,385,0.728,0.7526,16.97,33,d48e028271d4c31ed6561b1af2e01b83,Verbo
en,English,looks,look,vblex,pri;p3;sg,513,0.7292,0.7567,22.84,34,91f66aaf2b3d900d0ed86922069c3ab9,Verbo
en,English,seeing,see,vblex,ger,160,0.7302,0.7366,5.78,35,3b796e9e929d0b99fdb57cc1ba7d8459,Verbo
en,English,loved,love,vblex,past,378,0.7348,0.7909,19.46,36,007e0d230d796c617ccdc9408fc36f61,Verbo
en,English,fit,fit,vblex,inf,236,0.7356,0.7607,12.13,37,af08065538c7839e94854a0fc79d22ee,Verbo
en,English,rained,rain,vblex,pp;@present_perfect,220,0.7357,0.7549,13.83,38,9a00fa870f0cae15f3847e0e58495510,Verbo
en,English,speaking,speak,vblex,pprs,244,0.7363,0.7807,30.4,39,3817a177b72ad3d57dab30f6e1475f72,Verbo
en,English,trying,try,vblex,pprs,158,0.7369,0.747,8.47,40,68457dfb8e6453a550f0e08563e0e907,Verbo
en,English,said,say,vblex,pp;@present_perfect,238,0.7378,0.7707,30.16,41,19068affc2bec893f4d93af4e9d42e06,Verbo
en,English,performed,perform,vblex,pp;@past_perfect,129,0.7384,0.7594,6.02,42,816aff8bba53d506dbed4eb7db4f2491,Verbo
en,English,ask,ask,vblex,inf,226,0.7386,0.7893,7.46,43,00ff843e1322aa96427ac45f4ad2d7d8,Verbo
en,English,output,output,n,sg,140,0.7387,0.7544,5.7,44,f54980a1a585b197a90fcc1f278c4ac5,Substantivo
en,English,yourself,yourself,prn,ref;p2;mf;sg,113,0.7389,0.7709,6.22,45,21e48a310d38d395aa9fbfdb9965f277,Pronome
en,English,threat,threat,n,sg,113,0.7389,0.7586,5.02,45,ce1e75513a512d1f79b17df97108e6b0,Substantivo
en,English,gone,go,vblex,pp;@past_perfect,185,0.7413,0.7579,7.9,47,a1709e0d7ca0974a30b37138bd049a9a,Verbo
en,English,seemed,seem,vblex,past,194,0.7414,0.7425,8.92,48,344356fca6f70e4f06db3582259dabde,Verbo
en,English,demonstrated,demonstrate,vblex,pp;@past_perfect,148,0.7421,0.7883,11.84,49,98599c867748f0e1bf34f8c31fcd264d,Verbo
en,English,have,have,vbhaver,pres,142,0.7447,0.7972,53.99,50,f249f661bfbbbe08efde68e9482aad64,vbhaver
en,English,young,young,adj,sint,498,0.7457,0.7718,43.63,51,2c8795e15c8b0b2a5f050de8612b2e12,Adjetivo
en,English,eat,eat,vblex,inf;@future,580,0.7517,0.764,81.34,52,67528e277c7b1070e1a3b6c5822f2ca3,Verbo
en,English,such,such,det,ind;sp,346,0.7527,0.7738,5.77,53,86c1aa3e520a4c53b01cb67fb43d4a00,Determinante
en,English,will,will,vaux,pres;@future_perfect,361,0.7541,0.8577,65.93,54,10339cc9b10bb1620f7832626dc0e8a7,vaux
en,English,have,have,vbhaver,inf;@future_perfect,361,0.7541,0.8577,65.95,54,a239f5d5971bf8776597e9155405c7b7,vbhaver
en,English,exercise,exercise,vblex,inf,253,0.7546,0.7682,14.94,56,13ef3a0aef4cdeb70fbce6fba9aacb2b,Verbo
en,English,think,think,vblex,inf;@future,130,0.7562,0.7778,14.78,57,29ab7a9725cf6a9abff4471a41bc88d3,Verbo
en,English,walk,walk,vblex,inf,1036,0.7565,0.7733,56.43,58,3d19f290b5b23aaff70148a09aaa3ce3,Verbo
en,English,violin,violin,n,sg,515,0.7581,0.7764,63.18,59,9aa96845ed20770c1175b655d0628ef7,Substantivo
en,English,raise,raise,vblex,pres,288,0.7584,0.7786,6.06,60,576539c82a879148525bb6c76abc2884,Verbo
en,English,going,go,vblex,pprs,150,0.7587,0.7523,29.05,61,dc44d2cfdb3be61f8ebfbf26229f4ad0,Verbo
en,English,ordered,order,vblex,pp;@present_perfect,208,0.759,0.7946,13.16,62,5668bfd1ea14845ee0097360422b821a,Verbo
en,English,went,go,vblex,past,711,0.7598,0.7764,26.83,63,5c328aa08a17ce1fec5fd112804a9b6c,Verbo
en,English,spoken,speak,vblex,pp;@present_perfect,217,0.7607,0.7914,42.46,64,72f39d170ac7bae02e843155678ce630,Verbo
en,English,seen,see,vblex,pp;@present_perfect,470,0.7612,0.7793,60.8,65,f8dcd150e55137170d1ae54c8c5bf970,Verbo
en,English,leaving,leave,vblex,ger,133,0.7619,0.7814,5.98,66,8b34bc4540bbdb02c7634a03e35f6588,Verbo
en,English,know,know,vblex,inf,444,0.763,0.7938,21.23,67,8af61e1ec978b4b90411b344b3bae681,Verbo
en,English,will,will,vaux,pres;@future,2725,0.763,0.7956,395.54,67,952cb970489f133c24b6c39171b53689,vaux
en,English,come,come,vblex,inf;@future_phrasal,138,0.7636,0.7944,7.93,69,5e0b29a0ff530c3b42e4d4925a669bd8,Verbo
en,English,introduce,introduce,vblex,inf,121,0.7642,0.7914,7.13,70,73eea0838ab80b6de1488c4d6af510b0,Verbo
en,English,offer,offer,vblex,pres,956,0.7643,0.7812,5.76,71,ec3f2a082dcd35c3d59f8b19954c4f6d,Verbo
en,English,these,this,det,dem;pl,563,0.7644,0.7699,10.07,72,8be1488ac7a7ada94a56af3acd3e727b,Determinante
en,English,sight,sight,n,sg,135,0.7646,0.7656,5.25,73,0148266c17053909dbfb5ad22ec40024,Substantivo
en,English,performance,performance,n,sg,201,0.7652,0.8031,6.34,74,136dc3c719b84433c006270e7c11a2f2,Substantivo
en,English,talk,talk,vblex,inf;@past,291,0.7662,0.7876,17.23,75,d1197fbb15b22b00dfa747b60fefb11f,Verbo
en,English,talking,talk,vblex,pprs,214,0.7666,0.7899,16.42,76,bc7dca0f5d3561ab3d35796f847eed07,Verbo
en,English,could,can,vaux,past,105,0.7667,0.8166,9.26,77,e91c0c65dd4c12f8dcb91c75ef8e7019,vaux
en,English,show,show,vblex,inf,201,0.7674,0.7849,8.38,78,c69f02455ee48d64fb88862e76675b31,Verbo
en,English,taken,take,vblex,pp;@past_perfect,147,0.7676,0.7717,8.07,79,62ecdf6ab79886c467b7b3fd4d12745f,Verbo
en,English,allowed,allow,vblex,pp;@present_perfect,146,0.7686,0.7975,6.47,80,db95c228505f21d826c430b168e316dc,Verbo
en,English,walk,walk,vblex,inf;@future,209,0.7695,0.769,21.43,81,25f8dfef9dea5a255e1bd075fd0bf382,Verbo
en,English,go,go,vblex,inf;@past,246,0.7701,0.8204,17.74,82,30ab054e8c827fc52092964e2b7741cb,Verbo
en,English,himself,himself,prn,ref;p3;m;sg,166,0.7707,0.8395,12.95,83,7efc4d33755bf9dc9c21fcb0e1e4ccf5,Pronome
en,English,eat,eat,vblex,inf;@past,453,0.7711,0.7804,34.73,84,bb69a1bc6673d1ba3296dc6bbff7e40d,Verbo
en,English,lost,lose,vblex,pp;@present_perfect,176,0.7714,0.794,16.56,85,ad84e89f117da99c1ba8390ca09022f4,Verbo
en,English,met,meet,vblex,pp,269,0.7721,0.7956,4.38,86,6d2cdf46368a944678c316221a0335aa,Verbo
en,English,introduced,introduce,vblex,pp;@present_perfect,110,0.7724,0.8111,5.7,87,63bc191c8c5f81a4dc287e6f7079399e,Verbo
en,English,obtain,obtain,vblex,inf;@future_phrasal,122,0.773,0.8,9.22,88,7a41e2007ff598a7aff69f97e60ebb62,Verbo
en,English,has,have,vbhaver,pri;p3;sg;@present_perfect,1666,0.7732,0.831,159.88,89,d3ef2ba8c93c2fdf8b07ea95afe06c7d,vbhaver
en,English,turns,turn,vblex,pri;p3;sg,850,0.7734,0.8055,5.78,90,0fadc49b26181061ec3c810ad3002f6b,Verbo
en,English,came,come,vblex,past,414,0.7738,0.7969,14.6,91,ef78496fac570833079767c8fb6eebf3,Verbo
en,English,houses,house,n,pl,155,0.7742,0.7746,1.5,92,cb819423968592444905eb1c95072696,Substantivo
en,English,rained,rain,vblex,past,322,0.7745,0.8021,26.42,93,f060918652df299a3aae400cca597b5d,Verbo
en,English,entered,enter,vblex,past,254,0.7746,0.8102,11.6,94,37eaa39d48ed80e7a66a779ddb7b6051,Verbo
en,English,performed,perform,vblex,past,164,0.7749,0.8082,5.19,95,d76bfa42cac2682fe9a1995d2440100a,Verbo
en,English,waiting,wait,vblex,pprs,171,0.7761,0.8178,8.76,96,264be20b891f47aa12ebc41142457de4,Verbo
en,English,make,make,vblex,inf,393,0.7767,0.7757,18.34,97,46dadbf45e0fba0140d35018aaad913d,Verbo
en,English,assumed,assume,vblex,pp;@present_perfect,112,0.7775,0.8293,5.58,98,006d219f6d6b7724731f28ba3451dabc,Verbo
en,English,advice,advice,n,sg,112,0.778,0.8095,5.15,99,65a5fd1fb3bd994dc4ea5a5c295279d7,Substantivo
en,English,every,every,det,ind;sg,1021,0.7785,0.7882,40.9,100,e8cd19097ba58e56b68ef71097698da6,Determinante
en,English,listen,listen,vblex,inf,319,0.7787,0.8067,14.36,101,e481b16fe0c80f787fc7cdd4279ea732,Verbo
en,English,drinking,drink,vblex,ger,230,0.7793,0.7837,18.85,102,0a65e7128bbbd6e6b2580d07ee2490ef,Verbo
en,English,may,may,vaux,pres,124,0.7798,0.794,12.54,103,9118ab0b4f04fcec12c62666b6977e42,vaux
en,English,obtain,obtain,vblex,inf;@future,108,0.7801,0.7898,9.76,104,00e4f8f167ed916b627b24987bd35d8d,Verbo
en,English,get,get,vblex,inf;@future,138,0.7802,0.7828,13.09,105,6f779aeefae1a7588a916e27ec01aa74,Verbo
en,English,put,put,vblex,inf;@future_phrasal,137,0.7811,0.8084,6.85,106,1197b48c9a57abd40b2d94c3e9290528,Verbo
en,English,have,have,vbhaver,pres;@present_perfect,2912,0.7816,0.8287,311.36,107,019e69c0c7349a49fff531b7c5fc263c,vbhaver
en,English,prize,prize,n,sg,115,0.783,0.8204,7.18,108,72676e48f53bb7c1a86dfd48141669ed,Substantivo
en,English,had,have,vblex,pp;@present_perfect,299,0.7834,0.806,12.7,109,ff5c23e1e9897bf2180cf3d5b4d9c7d4,Verbo
en,English,wishes,wish,vblex,pri;p3;sg,225,0.7841,0.7975,5.13,110,0cc692a1bd8fcf56867a25b593b8510f,Verbo
en,English,whole,whole,adj,,970,0.7843,0.806,6.69,111,d348e548947a90c5c851884c90e1c61f,Adjetivo
en,English,beat,beat,vblex,inf,174,0.7845,0.8101,4.87,112,900bb21756c982ca6b739e2b78849b1e,Verbo
en,English,role,role,n,sg,188,0.7856,0.754,9.15,113,e31f4b8f63e13cfa6aec148dca071b4b,Substantivo
en,English,felt,feel,vblex,pp;@past_perfect,153,0.7857,0.8214,13.06,114,6bac08f85214b588be329ab4b2959f40,Verbo
en,English,drunk,drink,vblex,pp;@present_perfect,168,0.7878,0.8172,19.8,115,8d6765a805601022c898c16cd0312cad,Verbo
en,English,wrong,wrong,adj,,1059,0.7878,0.8075,6.26,115,af3e43a91b19da17486b724fd9159635,Adjetivo
en,English,age,age,n,sg,2885,0.7883,0.808,7.17,117,4e99478b251de36ab35e3f66d28cd048,Substantivo
en,English,spoke,speak,vblex,past,445,0.7884,0.8155,26.69,118,5750c386813ad9a0508a2a6ec2d338bb,Verbo
en,English,turned,turn,vblex,pp;@present_perfect,132,0.7885,0.8429,7.52,119,8b49a07ae264354024d23139093f7a4b,Verbo
en,English,known,know,vblex,pp;@past_perfect,169,0.7899,0.8202,7.47,120,78b377648bc95e143a88c7f592ffb394,Verbo
en,English,though,though,cnjsub,,2980,0.79,0.7962,10.24,121,6df7cec9e2fb3502775ccacbea9f1b59,Conjunção
en,English,forced,force,vblex,pp;@present_perfect,131,0.7901,0.8256,8.18,122,823287fbc32a201479d7d60efd9d592c,Verbo
en,English,mission,mission,n,sg,232,0.7906,0.8187,8.12,123,1519e7db7f899c3fe979c4575377304d,Substantivo
en,English,drink,drink,vblex,inf,1197,0.7909,0.8016,59.67,124,3721f2f47b7b4316d1530b367b0ab8ad,Verbo
en,English,declared,declare,vblex,past,215,0.7912,0.8179,7.13,125,615218eea2077a3d6e527eeaa3e9abd2,Verbo
en,English,used,use,vblex,pp,389,0.7917,0.8153,24.18,126,87d84082289964ad99735a2acc2da2b4,Verbo
en,English,think,think,vblex,inf;@future_phrasal,171,0.792,0.8185,10.31,127,7e92e2ac675d10ffed389eeb696ca7a7,Verbo
en,English,more,more,preadv,,916,0.7924,0.8156,18.09,128,1b71faf0ca5400979bc7f4423ceb8a5c,preadv
en,English,street,street,n,sg,1595,0.7931,0.806,39.15,129,144c9dbb889c9ef9309814cf47f721f9,Substantivo
en,English,played,play,vblex,past,306,0.7943,0.8274,30.59,130,4738a9a1e3843464b1e5f59be71ca4f4,Verbo
en,English,written,write,vblex,pp;@past_perfect,107,0.7944,0.8054,5.57,131,4a3e8ac79335bbbe0b88c78d8b7da21c,Verbo
en,English,tell,tell,vblex,inf,203,0.7945,0.8152,7.1,132,05c1466dab7ee995a87d531ad4a0e0b6,Verbo
en,English,was,be,vbser,past;p1;sg,1180,0.7945,0.8299,5.06,132,9de5d8b1e1c934f0eb4a43e22c916143,vbser
en,English,told,tell,vblex,past,352,0.7949,0.8354,8.62,134,618c5e6c728760a81fda09cfe865ea09,Verbo
en,English,saw,see,vblex,past,1430,0.795,0.8132,76.07,135,3b64a4c607dcfb0094b8fed5c148dfac,Verbo
en,English,opened,open,vblex,pp;@cond_perfect,109,0.7951,0.8227,14.61,136,482a486b01a853a97b414bcc322459d8,Verbo
en,English,did,do,vbdo,past;@past,2157,0.7955,0.8426,168.16,137,753e8197c7350ddaa79d788b7c446eeb,vbdo
en,English,festival,festival,n,sg,2648,0.7958,0.8226,9.6,138,541ebc67306e0544b6a1c3e3fbd51e82,Substantivo
en,English,go,go,vblex,inf;@future,166,0.796,0.8136,39.88,139,1b351e356e6aba4cf57d28dfc9d9c208,Verbo
en,English,paid,pay,vblex,pp;@present_perfect,210,0.796,0.8276,20.21,139,3c9d4fcba6280f54e9eefa8ff61c1ca0,Verbo
en,English,anything,anything,prn,tn;m;sg,494,0.7967,0.8295,21.62,141,65a10add406ea862689ac18d0b999abe,Pronome
en,English,thinking,think,vblex,pprs,232,0.7968,0.8006,21.47,142,58a12a7e034ff0289285237c65aefe7c,Verbo
en,English,perform,perform,vblex,pres,179,0.797,0.8211,4.34,143,88bab26fb9946999418b19b66fec2a27,Verbo
en,English,use,use,vblex,inf;@past,214,0.7971,0.8142,11.75,144,b5185bbf94dbae0e370297aa4e44c3a3,Verbo
en,English,be,be,vbser,inf;@future_phrasal,209,0.7975,0.8026,27.83,145,f4f081c002a36fe7004612f718678fdd,vbser
en,English,favor,favor,n,sg,126,0.7976,0.8177,6.56,146,228e9deb05c3d24a23e7fc8c2385a838,Substantivo
en,English,looked,look,vblex,past,290,0.7977,0.8281,13.07,147,c19698a09c10ab83dd890dafde62fcc7,Verbo
en,English,prevent,prevent,vblex,inf,192,0.7984,0.808,5.92,148,3274bec2ba14efb677b522d1faf6f924,Verbo
en,English,eat,eat,vblex,inf,1731,0.7984,0.8062,98.42,148,cae56c108bf713f94982fcb37423db03,Verbo
en,English,wanted,want,vblex,pp;@present_perfect,161,0.7987,0.8178,6.04,150,39b22516fc415935ee0604c148210eaa,Verbo
en,English,eaten,eat,vblex,pp,268,0.7989,0.8214,9.85,151,02b3f419d705eb9c2bf3fb86606274a6,Verbo
en,English,want,want,vblex,inf,2138,0.7989,0.8127,64.26,151,f81f73fc1c6a7c0b712709d50d14d842,Verbo
en,English,eaten,eat,vblex,pp;@present_perfect,298,0.7995,0.8508,25.17,153,08b6491a4339eaa7b78add1b1bba1c4e,Verbo
en,English,go,go,vblex,inf,1336,0.7999,0.8042,52.01,154,23fa1054437f959fe6697169c0bb9380,Verbo
en,English,even,even,adv,,745,0.8002,0.8215,9.0,155,dbb7591f283beec7f6ef3b4a07cc05a3,Advérbio
en,English,living,living,adj,,762,0.8005,0.8284,4.92,156,2f52fe500c1e113f4682f70478abd697,Adjetivo
en,English,turn,turn,n,sg,132,0.8005,0.8194,6.68,156,b9198c989d2997ac9c0625b2015192d9,Substantivo
en,English,competition,competition,n,sg,106,0.8008,0.8564,5.08,158,90d68f747096240f44c62bd997ce7c7a,Substantivo
en,English,growth,growth,n,sg,128,0.8023,0.8367,5.33,159,460f69a1a7aaebbb9d3103d2a0da9f0f,Substantivo
en,English,talked,talk,vblex,past,405,0.8023,0.8155,17.18,159,baab1f61baefe99831658b05a713227d,Verbo
en,English,check,check,n,sg,409,0.8024,0.8247,5.42,161,4b61bd9f38a162639e2f0bd714acbdeb,Substantivo
en,English,nice,nice,adj,sint,165,0.8028,0.8431,8.65,162,def9501ae58cf389337c8cfc67c81c0d,Adjetivo
en,English,find,find,vblex,inf,245,0.8029,0.8046,23.66,163,a7ee65e9caf6f7559b194952286cd291,Verbo
en,English,do,do,vblex,inf,620,0.8032,0.8231,21.75,164,2c25310c763718c5dccd8c27b8836a46,Verbo
en,English,playing,play,vblex,ger,234,0.8038,0.8262,16.62,165,1c7000d0b6f9b6e42201884ecbcc19ef,Verbo
en,English,be,be,vbser,inf,914,0.8041,0.8181,38.84,166,561e4080e1b9378992982bd9a02771e6,vbser
en,English,wait,wait,vblex,inf;@future_phrasal,139,0.8046,0.8199,6.29,167,3e32db00fc8f1efcdfaea1328808f291,Verbo
en,English,assume,assume,vblex,inf,164,0.8047,0.8219,5.26,168,4494c5c1c9bacf10d7e1c21685bda872,Verbo
en,English,shows,show,vblex,pri;p3;sg,829,0.8048,0.837,6.12,169,877b6330eb50812d222db8cdf8b27295,Verbo
en,English,being,be,vbser,ger,240,0.8052,0.8316,13.33,170,9a09a627c6f1f41602fe91ae51d618de,vbser
en,English,finish,finish,vblex,inf;@future,134,0.8054,0.8125,9.49,171,3cae2f5176733660ed1ba9b2f2a57bab,Verbo
en,English,establish,establish,vblex,inf,151,0.8057,0.8232,9.28,172,516a9830e13c7fc16257a05e977ec750,Verbo
en,English,boat,boat,n,sg,947,0.8057,0.8153,17.75,172,de918d0a400e68973109c489bcadea3a,Substantivo
en,English,members,member,n,pl,168,0.8061,0.8178,5.39,174,a266ae0a2bc2d08805b8ad104464f3e9,Substantivo
en,English,let,let,vblex,past,129,0.8062,0.8251,4.4,175,e3a7b43d92849e83d3f338e491092595,Verbo
en,English,stopped,stop,vblex,pp;@present_perfect,225,0.8066,0.8101,5.44,176,619cc8e731b497ba3ab2ae9f995b5457,Verbo
en,English,leave,leave,vblex,inf,183,0.8069,0.8172,7.61,177,64aee3527e6d9944bafb049f8d0c8654,Verbo
en,English,down,down,adv,,530,0.8079,0.8229,6.38,178,8b4d52babe1c32e0e9d797588605a974,Advérbio
en,English,do,do,vblex,inf;@past,247,0.8085,0.8382,15.96,179,037d9cb9e9f0ea67e5958783cd8f337f,Verbo
en,English,sisters,sister,n,pl,270,0.8089,0.8069,1.21,180,b23eee1b676abddee0be8808f23912c5,Substantivo
en,English,friend,friend,n,sg,1577,0.8092,0.8183,1.89,181,322cd2e6822fbf8deb3fab4085274c72,Substantivo
en,English,potential,potential,adj,,751,0.8093,0.8295,4.49,182,2553812e8426655233659c40f421b4c1,Adjetivo
en,English,friend,friend,n,*numb,646,0.8097,0.8121,5.3,183,005c76e47ebbcd5c0a2c7f2e68c830ee,Substantivo
en,English,myself,myself,prn,ref;p1;mf;sg,115,0.8099,0.84,18.84,184,23c01788b4dd50b016fc6afb2d99f1b9,Pronome
en,English,just,just,adv,,1070,0.81,0.8239,13.75,185,22ae70952558ea3b3e01f94ce3a50bbd,Advérbio
en,English,that,that,det,dem;sg,4939,0.8102,0.8147,197.78,186,5cda37194d9474e70ea2d0f7d4d6beaf,Determinante
en,English,europe,europe,np,loc;sg,371,0.8105,0.815,10.12,187,b1f3ddfd62c6bf5e6ef320e10c6b5c7b,np
en,English,but,but,cnjcoo,,7040,0.8106,0.8241,31.06,188,a721f4d59253aa717be5cda733d1bed9,Conjunção
en,English,that,that,rel,an;mf;sp,2966,0.8106,0.8494,102.48,188,c557b07e2bc9f9477a28c97e4c8112cc,rel
en,English,all,all,predet,sp,823,0.8107,0.8258,32.46,190,450e428ac43a7205f1dca1134aa702fa,predet
en,English,board,board,n,sg,129,0.8115,0.8392,5.32,191,14beceb785b567ad83ceebd9a4fc43e6,Substantivo
en,English,dark,dark,n,sg,132,0.8116,0.8342,5.08,192,94efc5a8607cca231b98b0becc0a3b13,Substantivo
en,English,talk,talk,vblex,inf,321,0.8118,0.8294,13.11,193,d88a5bd7157bf7e7f0f4db2173d4ec2e,Verbo
en,English,music,music,n,sg,342,0.8119,0.8224,19.74,194,9eedd98a29691237d18c127468452836,Substantivo
en,English,arrived,arrive,vblex,pp;@past_perfect,147,0.8124,0.8394,8.01,195,fd630d86300b5bf1dfe31c29172832b0,Verbo
en,English,choose,choose,vblex,inf,207,0.8125,0.8132,4.69,196,f0c30788c5d0eaf2c9680a019ddc6348,Verbo
en,English,anywhere,anywhere,adv,,455,0.8126,0.8437,7.03,197,48a9e11181907fd007bf05d0120e60bd,Advérbio
en,English,officers,officer,n,pl,2186,0.813,0.8257,4.89,198,329f92f2b5f21b18909cbac0afb22769,Substantivo
en,English,herself,herself,prn,ref;p3;f;sg,135,0.8131,0.8669,23.23,199,0598523c3c07ca2dcf57e07ba9860525,Pronome
en,English,part,part,n,sg,302,0.8134,0.8447,22.81,200,d621b1f7e059c8d9aaf02bbc8a7f1a53,Substantivo
en,English,had,have,vblex,pp,240,0.8139,0.8344,11.52,201,1b07f0f7a0c55bf5789cc755e47b5288,Verbo
en,English,paid,pay,vblex,pp,350,0.8151,0.8341,13.53,202,b0f7524f68f8e91cd8e090340418ea16,Verbo
en,English,beat,beat,vblex,past,122,0.8153,0.8316,6.11,203,31ad30730a82dd930420fcd138b57039,Verbo
en,English,reserve,reserve,vblex,pres,267,0.8153,0.8337,5.19,203,5b2ec73215c76c7b3c27f4f1fdf6a23d,Verbo
en,English,tell,tell,vblex,inf;@past,173,0.8155,0.8396,5.39,205,ecc3534a854fc2fcf69cdf39f5fadc7a,Verbo
en,English,play,play,vblex,inf,404,0.8156,0.8108,18.95,206,4469f4fc0a7b58103138f0dbf949f816,Verbo
en,English,evidence,evidence,n,sg,135,0.8158,0.8279,5.95,207,300ea7fa9e083274ab1309ea8d9ef478,Substantivo
en,English,restaurant,restaurant,n,sg,1943,0.8159,0.8268,47.88,208,46a16bfbe06339264594d523fb04bf7a,Substantivo
en,English,exist,exist,vblex,inf,215,0.8159,0.8119,9.25,208,cb812cc308b7ffe73c9d45a007957ae4,Verbo
en,English,accident,accident,n,sg,253,0.8159,0.8517,12.34,208,e3851e12f513ef433d94dbd1bde64863,Substantivo
en,English,see,see,vblex,inf,1414,0.816,0.8217,56.43,211,1849080c74cfc80bb39a5a493e85efe8,Verbo
en,English,day,day,n,sg,1536,0.816,0.8167,1.43,211,e795c2266ebee2f6918d5803b79439ac,Substantivo
en,English,listened,listen,vblex,past,203,0.8165,0.8229,5.01,213,3832be5ffdf28fd19f79917976c534d2,Verbo
en,English,teachers,teacher,n,pl,169,0.8166,0.8177,1.78,214,898ad16afccb2be4dd0a95acbf377a69,Substantivo
en,English,teacher,teacher,n,sg,436,0.8169,0.8217,13.82,215,3c9259ed19b7a4c5e17e040a934e7714,Substantivo
en,English,come,come,vblex,pp;@present_perfect,174,0.817,0.85,6.29,216,34d718615057677925b360ae784b71e8,Verbo
en,English,everybody,everybody,prn,tn;m;sg,469,0.817,0.8274,8.71,216,e17dad881a48c419e4bcd9a15ac73994,Pronome
en,English,road,road,n,sg,657,0.8176,0.8141,6.18,218,ba1b8341ad3e030e24d42a8af67f2a94,Substantivo
en,English,than,than,pr,,2985,0.8177,0.8237,60.37,219,55f674898c44055cab70df9b9e749929,Preposição
en,English,picture,picture,n,sg,145,0.8178,0.8333,7.06,220,06894bb769178b7135e5867b0f4e024f,Substantivo
en,English,off,off,pr,,2284,0.8179,0.8415,8.54,221,1734d233150553e5d03865e03d4f4e56,Preposição
en,English,definitely,definitely,adv,,371,0.8183,0.8279,5.32,222,f64b638cd344d33fc78098e07f080219,Advérbio
en,English,balance,balance,n,sg,112,0.8185,0.8493,3.77,223,73b53fa745b925a085c472528a1e255d,Substantivo
en,English,crop,crop,n,sg,102,0.8186,0.8477,4.13,224,96e36abe529f7b45f74585aeaaeedebe,Substantivo
en,English,lived,live,vblex,pp;@past_perfect,122,0.8189,0.8263,7.59,225,aacf9e2bc6413b903cd223ffedffa594,Verbo
en,English,been,be,vbser,pp;@present_perfect,831,0.819,0.8442,70.18,226,24b1eb8844cc82d56a754e9ae11b69a4,vbser
en,English,prepare,prepare,vblex,inf,157,0.819,0.8419,5.45,226,273d4336d4583bd5a6e773a64347ec9b,Verbo
en,English,garden,garden,n,sg,1054,0.8192,0.8433,26.11,228,000f3063358c188d171d903ec5a7855c,Substantivo
en,English,evening,evening,n,sg,2054,0.8194,0.8284,5.72,229,49431eeac37912aec8eba3dd1b46d6b0,Substantivo
en,English,value,value,n,sg,163,0.8195,0.8097,4.19,230,edce7ffcd6231f9e0457c7681fc8dfed,Substantivo
en,English,congress,congress,n,sg,149,0.8196,0.8468,7.01,231,00602b2e8661dcb34a65779e484a3550,Substantivo
en,English,time,time,n,sg,726,0.8197,0.8212,1.67,232,4ee6dfab944e34346f3d30d2afff2416,Substantivo
en,English,place,place,n,sg,208,0.8197,0.8222,1.67,232,9c06c58436117e26e314979de14404a1,Substantivo
en,English,drink,drink,vblex,inf;@future_phrasal,125,0.8198,0.8502,13.54,234,70d8ee836aa86da0166d21da0013cf15,Verbo
en,English,hotel,hotel,n,sg,2535,0.8198,0.828,43.35,234,a24987b039aebe671b9f5ce11beb2f3a,Substantivo
en,English,taken,take,vblex,pp;@future_perfect,139,0.8199,0.8473,10.66,236,bf2046208a52b684f8aa45926d361c8c,Verbo
en,English,agreement,agreement,n,sg,138,0.82,0.8316,4.5,237,f385771911e1d85363ea9c5b22cd69ee,Substantivo
en,English,last,last,det,ord;sp,837,0.8205,0.8315,29.72,238,53deee7eb08e39566677a68f3aaee419,Determinante
en,English,material,material,n,sg,105,0.8211,0.825,4.34,239,2c4da15570582bf5a15a41df7d9bde51,Substantivo
en,English,money,money,n,sg,1105,0.8212,0.8307,90.86,240,be529320cedf70fbec051eb1aac7c66b,Substantivo
en,English,decided,decide,vblex,pp;@future_perfect,149,0.8216,0.8618,10.88,241,27077d2208136b22b6d2b3dd5bd9a975,Verbo
en,English,look,look,vblex,inf;@future_phrasal,128,0.8216,0.8429,7.2,241,5e1483f23645fc4b0a28206be8a45a12,Verbo
en,English,search,search,n,sg,142,0.8216,0.8348,7.6,241,c43919327d1cedfc0304b10a35738d8a,Substantivo
en,English,drank,drink,vblex,past,1776,0.8216,0.837,18.74,241,e1b4a0ad3364e977fc7e72c6bd0435d5,Verbo
en,English,to,to,pr,,16403,0.8221,0.8319,389.94,245,6d4c572af8022cb4784ce0f8898d1905,Preposição
en,English,go,go,vblex,inf;@future_phrasal,185,0.8222,0.8421,14.42,246,4620d049a58a76b9043512ea3baeadd9,Verbo
en,English,feel,feel,vblex,inf;@future_phrasal,142,0.8222,0.8365,10.35,246,5ce37434310d4886ee8b8dc50d055aab,Verbo
en,English,prepared,prepare,vblex,pp;@present_perfect,121,0.8223,0.8621,6.36,248,281754b9504316b6a0a2a53e687e02ce,Verbo
en,English,boyfriend,boyfriend,n,sg,936,0.8223,0.8328,17.26,248,89f8faba0f8e91b059439456dffaa20d,Substantivo
en,English,performed,perform,vblex,pp;@present_perfect,136,0.8223,0.8287,6.61,248,927ac4ac174622b6571616aa2758e5e3,Verbo
en,English,drain,drain,n,sg,481,0.8224,0.846,7.26,251,ad231a61b4a8a67e56ca86b88a4daf13,Substantivo
en,English,control,control,n,sg,226,0.8226,0.8343,8.88,252,a5ddc475820c98e0506ad0ed05cf8a0f,Substantivo
en,English,country,country,n,sg,1662,0.8228,0.8307,25.05,253,5d48fb7f975f7527f896db8f8f0bc7a8,Substantivo
en,English,discussion,discussion,n,sg,107,0.8229,0.8343,6.45,254,0b444b1ab1779a56f967e695fe935ba7,Substantivo
en,English,kill,kill,vblex,inf,161,0.823,0.8412,6.2,255,49bdf4c8518ab81d8129b47116cdbd0b,Verbo
en,English,running,run,vblex,ger,150,0.8233,0.8582,11.37,256,c7a2d91a3ca0dd0ed8c939686eb9a30a,Verbo
en,English,let,let,vblex,pp;@present_perfect,156,0.8238,0.8549,4.72,257,45dd02b43dd8a00e817b4d95dc965244,Verbo
en,English,person,person,n,sg,159,0.8239,0.8313,1.14,258,571157061a0ce6b14168eca5deec782c,Substantivo
en,English,puts,put,vblex,pri;p3;sg,258,0.8244,0.8627,5.89,259,2c13dd79c03f69b92efaa19b8141169e,Verbo
en,English,true,true,adj,sint,302,0.8244,0.8377,14.86,259,4783047fdf7cf4e6c999a6dcb23e8ac7,Adjetivo
en,English,earth,earth,n,sg,123,0.8245,0.8439,4.85,261,03b77570cda7ab0b7e877b6d5029adc3,Substantivo
en,English,one,one,num,sg,2275,0.8245,0.8285,52.83,261,dd0309fb9cf34f8a2b2e029889c26ec5,Numeral
en,English,one,one,prn,tn;mf;sg,587,0.8247,0.8456,29.24,263,1d1c93284baf977230ae18934fd63f72,Pronome
en,English,respond,respond,vblex,inf,131,0.8251,0.8564,5.65,264,5bfd7d26244b1e8258d886069a71cabe,Verbo
en,English,another,another,det,ind;sg,616,0.8251,0.8407,28.01,264,a11402c9ec4c7a8cec5f74d0bc5b4833,Determinante
en,English,success,success,n,sg,145,0.8253,0.8625,5.37,266,95a1077efaa644cba2dd8b61e86ed1d8,Substantivo
en,English,too,too,preadv,,1677,0.8254,0.8396,20.31,267,1dd74a09fd0d8f23f327ede68b787d0c,preadv
en,English,side,side,n,sg,209,0.8254,0.8459,12.32,267,c70fe3cd096649c75d790dc33314c447,Substantivo
en,English,must,must,vaux,pres,310,0.8255,0.832,30.53,269,87b87d0035a4b5cd8e6b83cc2d65d52f,vaux
en,English,hear,hear,vblex,inf;@past,259,0.8257,0.8682,8.31,270,163f2e9878c6e5792c1f6a63bee7d916,Verbo
en,English,assumed,assume,vblex,pp;@past_perfect,131,0.8261,0.8525,7.22,271,31fef8446f96bcccb16d92bbf59179f9,Verbo
en,English,sharp,sharp,adj,sint,140,0.8262,0.829,3.71,272,4b555725704726ce862a9d8d5c15b921,Adjetivo
en,English,continue,continue,vblex,inf;@future_phrasal,156,0.8263,0.8231,14.2,273,afdd3c1584934ad40530ca281995a0aa,Verbo
en,English,paying,pay,vblex,ger,126,0.8265,0.8478,6.33,274,a6d3be7ffda9269cac1f22d5750153b8,Verbo
en,English,left,leave,vblex,past,190,0.8273,0.841,8.46,275,3a186b6c510bd301f5824fc45b85eda6,Verbo
en,English,eating,eat,vblex,ger,506,0.8273,0.8336,26.0,275,448785b01135bf343001d33570e04bdc,Verbo
en,English,consider,consider,vblex,inf;@future_phrasal,122,0.8273,0.8449,5.96,275,920694988b9c09dcfb29a5302d7b4591,Verbo
en,English,rain,rain,vblex,inf,299,0.8274,0.8502,7.07,278,ef575f71d2988b127339c3db1a2ebcdf,Verbo
en,English,made,make,vblex,pp,329,0.8278,0.8381,5.75,279,2ecb9aa5e696bcd02bb68ab0ab8d4c8a,Verbo
en,English,going,go,vblex,pprs;@future_phrasal,1477,0.8278,0.8721,188.41,279,ba3b3088b3538a62a1e0ef11662d3f2e,Verbo
en,English,same,same,adj,,2671,0.828,0.8383,17.94,281,cf27a39ca3fcc861581ba158307d9b1a,Adjetivo
en,English,given,give,vblex,pp;@present_perfect,150,0.8281,0.849,5.48,282,03b726f26266400be9fcfa311f0996f6,Verbo
en,English,path,path,n,sg,148,0.8283,0.8276,4.98,283,cfd2bce27a2167df040ec72719ad713b,Substantivo
en,English,still,still,adv,,599,0.8283,0.8521,6.79,283,ede6ab035e42c5f5523c73f955f036ac,Advérbio
en,English,written,write,vblex,pp;@cond_perfect,104,0.8285,0.8821,14.32,285,baaff84096e15c24a6026af2a05758ea,Verbo
en,English,subjects,subject,n,pl,156,0.8285,0.8527,11.92,285,e6efc05228b0c12fb702cdc33252133c,Substantivo
en,English,layer,layer,n,sg,414,0.8289,0.8418,5.37,287,e40be162b0c9a34064501a06fd8005c7,Substantivo
en,English,matter,matter,n,sg,236,0.829,0.8431,7.47,288,c8d7c54f9b77f4537bfb6992aefea5d2,Substantivo
en,English,weeks,week,n,pl,354,0.8291,0.828,1.12,289,c7dea7792fc77073e3fb15fea00729fc,Substantivo
en,English,felt,feel,vblex,pp;@present_perfect,112,0.8293,0.858,4.37,290,8292742976fca1ca24094724512ef741,Verbo
en,English,prettier,pretty,adj,sint;comp,162,0.8295,0.8327,5.35,291,0f479404b7c02efafa0f1ff0ec637307,Adjetivo
en,English,costs,cost,vblex,pri;p3;sg,963,0.8296,0.8432,5.69,292,2e7f778b94fcb1e1d3ac00cc1ebeefb0,Verbo
en,English,eat,eat,vblex,inf;@future_phrasal,272,0.8297,0.8542,39.63,293,73520d070e7238b391b92e9bb9d46bd7,Verbo
en,English,arrived,arrive,vblex,pp;@present_perfect,114,0.8299,0.838,7.08,294,7ab791903d6530c895bdad7efd4d956d,Verbo
en,English,trust,trust,n,sg,112,0.8304,0.8553,4.52,295,e5b2adca219eb04c48d24adee6471b0f,Substantivo
en,English,bicycle,bicycle,n,sg,181,0.8313,0.8423,1.25,296,4451a6cad947c6e1ff14e19b69c8c050,Substantivo
en,English,introduced,introduce,vblex,past,122,0.8313,0.8522,7.48,296,72d83de41d52b118a88e0bb76dc587ed,Verbo
en,English,think,think,vblex,pres,1087,0.832,0.842,6.72,298,8511209b77493e62188ed5a4c8bf8421,Verbo
en,English,asked,ask,vblex,pp;@present_perfect,188,0.8321,0.8235,7.84,299,f0ab714f84c5c6746831f1189eaac63d,Verbo
en,English,all,all,prn,tn;mf;sp,472,0.8323,0.8592,12.28,300,c86b848a483c7e26b36c6f81337bd2cb,Pronome
en,English,volcano,volcano,n,sg,127,0.8324,0.8685,9.63,301,3c3b90f7e0edc745898f313619212c12,Substantivo
en,English,into,into,pr,,1723,0.8332,0.8552,11.2,302,21cf1489315d59bd1b84d78fe19c6e03,Preposição
en,English,older,old,adj,sint;comp,303,0.8333,0.8504,25.03,303,394a1fb49de09e8024f7ebcbc5539c5b,Adjetivo
en,English,place,place,vblex,inf;@future_phrasal,108,0.8333,0.8552,6.92,303,b479a4b32e39b2f20de4de1c3a1e3706,Verbo
en,English,on,on,pr,,8447,0.8334,0.8441,94.36,305,4f6c223d0ff30bc272dc9ec0f2d755e5,Preposição
en,English,fail,fail,vblex,pres,654,0.8336,0.8613,6.32,306,3d948b5ad3752447a613da28e9015414,Verbo
en,English,cut,cut,vblex,inf,158,0.834,0.8533,6.45,307,8dd5bb0d549c18b7bdb2fed1bda26b98,Verbo
en,English,many,many,det,qnt;pl,858,0.834,0.8515,15.3,307,c04c049964442e6e1884c56cca1029ab,Determinante
en,English,their,their,det,pos;sp,15502,0.8343,0.8435,18.21,309,4e6eee1689a883a483fe26c82d14e8c9,Determinante
en,English,sitting,sit,vblex,ger,143,0.8345,0.8398,4.43,310,02783eede3626ab13711aa92f74adff0,Verbo
en,English,demonstrated,demonstrate,vblex,pp;@present_perfect,139,0.8345,0.8559,5.1,310,645b0e7d6243e9f3b23bb945a57f0294,Verbo
en,English,previous,previous,adj,,859,0.8346,0.8686,5.95,312,01a7951fd3b4cb17dacdc1a59409cb95,Adjetivo
en,English,those,that,det,dem;pl,1319,0.8346,0.8473,33.75,312,17bff849c2fb6654d3022b0cef3f5b64,Determinante
en,English,this,this,det,dem;sg,3713,0.8348,0.8412,118.9,314,c5e232dcbcddaf153ddcd92e29652b9f,Determinante
en,English,at,at,pr,,9359,0.8348,0.8457,104.76,314,e09b138d58a98c83f120ffbc898ce818,Preposição
en,English,starting,start,vblex,ger,153,0.8349,0.8394,7.79,316,741be583d83c672891b29613e75e6ebf,Verbo
en,English,left,leave,vblex,pp;@present_perfect,155,0.8351,0.8893,10.34,317,dcdd844934ae983eece11ad8c6f885c4,Verbo
en,English,least,least,adv,,467,0.8353,0.8434,6.62,318,1209c6ba1ea08c5fc464e3f763343c58,Advérbio
en,English,put,put,vblex,pp;@present_perfect,190,0.8355,0.8441,9.69,319,d24f21c03c56a364ba29b37bcdfd58c8,Verbo
en,English,friends,friend,n,pl,1918,0.8357,0.8415,2.26,320,7fce5a3c9407811ac7c12885d16df8c4,Substantivo
en,English,that,that,prn,tn;mf;sg,3511,0.8361,0.8466,83.76,321,b060304086223feeab02b99b2501276b,Pronome
en,English,told,tell,vblex,pp;@present_perfect,157,0.8361,0.8456,6.61,321,dd2301d59ec9edb8d65fb36721b1f39c,Verbo
en,English,feel,feel,vblex,inf,206,0.8363,0.8468,7.03,323,2420ec15293a72b407e278fdf0e17117,Verbo
en,English,have,have,vblex,inf;@past,192,0.8364,0.8447,7.31,324,038596c032e2fd29878722b14adf6443,Verbo
en,English,took,take,vblex,past,275,0.8364,0.8521,8.76,324,9c4a3ce285fca708aa6b745990d5e189,Verbo
en,English,away,away,adv,,616,0.8365,0.8554,7.38,326,0e2694b6e1cd456c9c9c1a0478338c7d,Advérbio
en,English,how,how,adv,,104,0.8365,0.8477,21.67,326,798c7832c2d58b97ed5cb22fbeb61bb6,Advérbio
en,English,it,prpers,prn,obj;p3;nt;sg,940,0.837,0.8658,14.97,328,ac1d4d1dd1afb479f815b7a177232a0f,Pronome
en,English,getting,get,vblex,pprs,131,0.8372,0.8548,4.42,329,83ed30b621e4848ae52e6eba3bd77ae4,Verbo
en,English,pretty,pretty,preadv,,711,0.8372,0.8528,7.38,329,d442a02c37ea0e542c62c338eb7063e1,preadv
en,English,men,man,n,pl,28179,0.8374,0.8475,15.19,331,6467457ef675ada64c360e7d17642aaf,Substantivo
en,English,them,prpers,prn,obj;p3;mf;pl,8829,0.8378,0.8619,49.36,332,460df3319771193f63a3f4bb5a5eeef6,Pronome
en,English,achieve,achieve,vblex,inf,188,0.8378,0.8554,6.72,332,50a20f516120e68b3fa0eca8ff87e815,Verbo
en,English,house,house,n,sg,5041,0.8379,0.8474,5.52,334,a2578cbaa067f7c528d5cab5c14cfdb6,Substantivo
en,English,temperature,temperature,n,sg,244,0.8383,0.8534,22.95,335,5cbb1249562e95794a4c4ae0e2d8ae26,Substantivo
en,English,ruling,rule,vblex,ger,133,0.8383,0.843,4.17,335,810776ee8ff514c72f72c0cac6f3ea80,Verbo
en,English,lost,lose,vblex,pp;@past_perfect,171,0.8384,0.8397,16.09,337,f5452e5201df065f9669e63d7ef59e57,Verbo
en,English,fair,fair,adj,sint,188,0.8385,0.8459,5.38,338,ad64e0f172f3ad0b66c83959fc97b192,Adjetivo
en,English,fourth,fourth,det,ord;sp,256,0.8386,0.8635,5.08,339,7de9c436acd51cd353147b00180ae02d,Determinante
en,English,tonight,tonight,adv,,1530,0.8386,0.8552,19.96,339,c36dffd78190f75609f0492187bc9789,Advérbio
en,English,court,court,n,sg,115,0.8391,0.859,4.36,341,0c844abb90993bebacde582ed7301241,Substantivo
en,English,gets,get,vblex,pri;p3;sg,590,0.8391,0.8418,9.54,341,3d07416213650f3fc01fa1952c35c7e7,Verbo
en,English,more,more,adv,,2992,0.8391,0.8584,46.01,341,b53379a805646aea75b2d156ae592dd2,Advérbio
en,English,beach,beach,n,sg,875,0.8392,0.855,9.49,344,80fa96d931f22e78c4a1dd78eff7c9ed,Substantivo
en,English,thousands,thousand,n,pl,337,0.8393,0.8543,5.56,345,0d0a6e75ed92df64f75ef1c51dcd4804,Substantivo
en,English,daughter,daughter,n,sg,590,0.8393,0.8424,1.43,345,4a6ece88c7489908750eb1a78b4d6c75,Substantivo
en,English,indicates,indicate,vblex,pri;p3;sg,276,0.8394,0.8561,6.25,347,52a2231644503c74a540fddc0711ab14,Verbo
en,English,see,see,vblex,inf;@past,434,0.8397,0.8432,17.51,348,a15890595efac9989c92c995d50e3980,Verbo
en,English,there,there,adv,,5575,0.8399,0.8481,70.8,349,426b90bac69326a8a386d7fcea6dd11d,Advérbio
en,English,continue,continue,vblex,inf,216,0.8399,0.8488,14.32,349,4806116ae408c6c85426bd084b8221f3,Verbo
en,English,rain,rain,vblex,inf;@future_phrasal,121,0.8399,0.8698,8.8,349,79c1fc4d26ed7f48ebc0acae92c9fea3,Verbo
en,English,fault,fault,n,sg,144,0.84,0.8445,6.42,352,04ceffb7045c701ef83497e952f0532b,Substantivo
en,English,own,own,adj,,922,0.84,0.8646,6.01,352,8c6480522e3c93b360db679f758b4a2c,Adjetivo
en,English,hair,hair,n,sg,153,0.84,0.8577,9.12,352,ea35cf7172d43cec5ded6357d7a9d24e,Substantivo
en,English,doing,do,vblex,ger,118,0.8401,0.8705,5.56,355,d82b1d02d606d57af586feda2ca86049,Verbo
en,English,walk,walk,vblex,inf;@future_phrasal,168,0.8404,0.8759,10.42,356,0eca037477e1c638febb1c8f751473d1,Verbo
en,English,attorney,attorney,n,sg,1299,0.8406,0.8412,3.98,357,90e0e5bd259a221d973607b2b3c99967,Substantivo
en,English,start,start,vblex,inf;@future,107,0.8408,0.8357,7.17,358,3e873ebcc0702a48204be838b11e5fd3,Verbo
en,English,writes,write,vblex,pri;p3;sg,7668,0.8412,0.852,12.26,359,a6d0c2d14b1f6261741d7840542f7022,Verbo
en,English,deals,deal,vblex,pri;p3;sg,567,0.8413,0.8593,5.77,360,b4f066dd5635d78748aa8d3340292e74,Verbo
en,English,normally,normally,adv,,379,0.8414,0.8494,5.15,361,144d724f02d5f43d4f46bb6e475afed8,Advérbio
en,English,less,less,det,qnt;sg,609,0.8414,0.8456,28.69,361,2e4e123dc090eb0de82a86777fcfba61,Determinante
en,English,come,come,vblex,pres,1177,0.8415,0.8603,8.66,363,2aa345dbdb03b4cae92f7001d51f41a9,Verbo
en,English,six,six,num,sp,856,0.8417,0.8615,15.4,364,12df7ec4833a65fa87e1181ccb0d251d,Numeral
en,English,television,television,n,sg,685,0.8417,0.8461,9.05,364,c048c8f888fcae5aba163208606883b3,Substantivo
en,English,wednesday,wednesday,n,sg,2604,0.8418,0.8583,8.11,366,601be72748838f924f865120aa89fc28,Substantivo
en,English,abroad,abroad,adv,,451,0.842,0.8614,7.63,367,0032946f927663ecef94ffba0a4c487d,Advérbio
en,English,turned,turn,vblex,past,213,0.842,0.8645,7.11,367,b929c613cea4cc1b53db41a9dfc9c9a5,Verbo
en,English,sea,sea,n,sg,533,0.8422,0.8529,81.66,369,2fc96088a57b051a566b7231fdda4948,Substantivo
en,English,moon,moon,n,sg,205,0.8423,0.8571,13.79,370,4236a37f0ba3494e04a4f56fda713dc2,Substantivo
en,English,about,about,pr,,3898,0.8423,0.8524,15.96,370,ab94aae2b451eece63b55c712145ad61,Preposição
en,English,suitcase,suitcase,n,sg,892,0.8424,0.8598,8.71,372,e37ea218d78b3decc66348683deed8f6,Substantivo
en,English,business,business,n,sg,140,0.8425,0.8849,5.96,373,61725fbf012547c85c6fb8f4dc981883,Substantivo
en,English,confidence,confidence,n,sg,113,0.8426,0.8705,4.97,374,de096211ce6b756d651fa7bcbebd1c94,Substantivo
en,English,school,school,n,sg,756,0.8429,0.8521,15.29,375,efb8cbf61941884183ddcd5b9bbb2455,Substantivo
en,English,already,already,adv,,954,0.8432,0.8596,11.84,376,3694fccbb562b7b4e124ae64345f220d,Advérbio
en,English,fell,fall,vblex,past,190,0.8432,0.8851,6.17,376,dec64bcdd53cc8f988de9595cc5b2eb7,Verbo
en,English,earned,earn,vblex,pp;@past_perfect,147,0.8437,0.8578,7.8,378,b6147344b6275e086562c36eb95f2ee1,Verbo
en,English,saying,say,vblex,pprs,163,0.8439,0.854,6.85,379,c13bb09fa9aa08597c4c532f1a996b91,Verbo
en,English,walk,walk,n,sg,130,0.8442,0.8667,4.42,380,39da1b8bd9141971995b7cf688c6f6d2,Substantivo
en,English,obtained,obtain,vblex,pp;@past_perfect,126,0.8442,0.8663,8.56,380,7398f2494615c6cb4dbe18cd776b7b0d,Verbo
en,English,way,way,n,sg,183,0.8442,0.8677,9.18,380,af12ca0966a0c128dbf95d6c35ba50b0,Substantivo
en,English,enough,enough,det,qnt;sp,328,0.8442,0.8786,6.96,380,c56d3bb6f54a04854a3d212d5d7b8ea2,Determinante
en,English,border,border,n,sg,431,0.8442,0.8569,4.69,380,e75275b04dcecffaa53bdf63bb97663f,Substantivo
en,English,appeared,appear,vblex,past,165,0.8445,0.8567,5.85,385,74db105b0c93deea6450a7da0719cf0c,Verbo
en,English,say,say,vblex,inf;@past,249,0.8445,0.8366,13.79,385,b861545b63f1d6d4e64ed1c85ae9bc79,Verbo
en,English,nothing,nothing,prn,tn;m;sg,560,0.8447,0.8449,10.35,387,687ef1fb52bf6855f3ad0f951c97f13d,Pronome
en,English,cook,cook,vblex,inf,407,0.8448,0.8648,12.47,388,28871ea3760d9b7ec0dcaeadf4c10383,Verbo
en,English,urban,urban,adj,,711,0.8448,0.8618,5.1,388,b629bdd7c4e076552de18f335a77acdd,Adjetivo
en,English,like,like,pr,,3078,0.8449,0.8563,11.02,390,025ab8349ba0caa729c4f12cb47fc3be,Preposição
en,English,sandwich,sandwich,n,sg,26929,0.8449,0.8551,13.29,390,1f52d650da1ee41e47ee11caf853e6f4,Substantivo
en,English,when,when,cnjadv,,5814,0.8451,0.8745,38.55,392,fd868ce91afa319feee635bf12c24fa6,cnjadv
en,English,safety,safety,n,sg,112,0.8452,0.8642,5.01,393,07a06b7f43b83fc74fe2d71b1ea728ff,Substantivo
en,English,community,community,n,sg,522,0.8453,0.8601,5.34,394,e3332d04af06b004c86d604c9245d173,Substantivo
en,English,you,prpers,prn,obj;p2;mf;sp,11230,0.8455,0.8581,49.84,395,64fb4435d0bd27297be2771ef6f09865,Pronome
en,English,adds,add,vblex,pri;p3;sg,480,0.8457,0.8513,6.96,396,b47c2df644dd7f5bf2f2e501dedd3594,Verbo
en,English,its,its,det,pos;sp,10351,0.8458,0.8633,18.58,397,0bc5f4a19bfb7338b2b821e211ee2dde,Determinante
en,English,flower,flower,n,sg,100,0.8458,0.8725,2.2,397,20ca6b7c9babce278383d265c1277c06,Substantivo
en,English,parliament,parliament,n,sg,125,0.8459,0.8364,7.16,399,c766ec3843ec49b758349b708abb03f6,Substantivo
en,English,was,be,vbser,past;p3;sg,796,0.8461,0.8577,2.46,400,42572d3d3e21cf5f328bc8a5bcf4d5a4,vbser
en,English,little,little,det,qnt;sg,486,0.8461,0.8589,8.25,400,6fe0b0ab6f73143252152dd513a14b74,Determinante
en,English,yard,yard,n,sg,1015,0.8463,0.8607,27.74,402,38190112101fcde8d59bf1c01e4f2e1b,Substantivo
en,English,leave,leave,vblex,inf;@past,147,0.8464,0.8565,6.19,403,b4ee636eaa0e72b7d4613b971978ca57,Verbo
en,English,never,never,adv,,3119,0.8467,0.8653,77.87,404,4abffb2043012a719182f66371943118,Advérbio
en,English,no,no,det,ind;sp,1122,0.8467,0.8511,15.26,404,95b752cf716c3ac9606febb277883b27,Determinante
en,English,recover,recover,vblex,inf,172,0.8469,0.8425,5.23,406,be2e25b3f618cfb81bb0d37c4402562e,Verbo
en,English,ate,eat,vblex,past,608,0.8471,0.8579,24.08,407,94256143c28ad9010ded87d4ce69a9bd,Verbo
en,English,heard,hear,vblex,pp;@present_perfect,163,0.8471,0.8699,4.77,407,c2ddbb63b16e27a7e8652a0e628e7565,Verbo
en,English,hear,hear,vblex,pres,3904,0.8471,0.8601,8.13,407,e555aad80c8582c98e937c2e01f3baa7,Verbo
en,English,police,police,n,pl,3438,0.8472,0.8524,8.37,410,0371d118c042c6b44ababe667bed2760,Substantivo
en,English,chosen,choose,vblex,pp;@future_perfect,141,0.8472,0.885,8.92,410,5357ac4c648537594a4822a35835387a,Verbo
en,English,much,much,adv,,1715,0.8472,0.8538,18.38,410,e569b53bb2ff9e906cd6bf17a218349f,Advérbio
en,English,college,college,n,sg,278,0.8477,0.8679,5.58,413,c2b12e04050e09a1e4adac33f7cf4292,Substantivo
en,English,far,far,adv,,759,0.8477,0.8643,8.44,413,f8b990962558112003f9a04d41d527c4,Advérbio
en,English,do,do,vbdo,pres,17360,0.8478,0.8637,96.29,415,1fc2f0656f2fe60d027751545f84e7d5,vbdo
en,English,neither,neither,adv,,539,0.8482,0.8754,8.65,416,cd45c2ca8ec724f40e0b3a30868922b0,Advérbio
en,English,set,set,vblex,inf,203,0.8485,0.8626,4.63,417,599e0483f3c4aa592efc09e14166f64b,Verbo
en,English,wanted,want,vblex,past,414,0.8486,0.8598,17.31,418,69b170974c33ecc1fbbd79b7aa6e697a,Verbo
en,English,formed,form,vblex,pp;@cond_perfect,107,0.8486,0.8978,16.5,418,fe99ad80f52dcc56bb9d5182cfe00e2e,Verbo
en,English,recent,recent,adj,,952,0.8488,0.8718,6.49,420,e7b3ef0c6a08f0cfd0e7188b5cc02162,Adjetivo
en,English,show,show,vblex,pres,3710,0.8489,0.8613,8.86,421,9ea1659feead0b483bc16db7af9ea6ff,Verbo
en,English,register,register,n,sg,165,0.8489,0.8723,5.9,421,a6bed6e5ff185d79baf8c119275b89db,Substantivo
en,English,considered,consider,vblex,pp;@cond_perfect,116,0.849,0.903,19.03,423,49f5491f1e44502affbcb061fae350b1,Verbo
en,English,route,route,n,sg,494,0.849,0.8505,3.9,423,bd5206d0f2adc6343c2c1aeb2a08fa58,Substantivo
en,English,basket,basket,n,sg,593,0.8492,0.8578,11.66,425,6f8f67e58ef4ccf6f2510e1abeee9e82,Substantivo
en,English,so,so,preadv,,966,0.8493,0.8526,11.62,426,d27abb5cd2b7d25b51efe43da533b5a6,preadv
en,English,until,until,cnjadv,,3968,0.8494,0.8514,10.69,427,f750632dcb4a82af6d81b7e2a42ad5e1,cnjadv
en,English,purpose,purpose,n,sg,126,0.8495,0.872,5.82,428,1583fced63f9b3398955e0396548ff6b,Substantivo
en,English,accept,accept,vblex,inf,169,0.8496,0.859,5.34,429,aca1d65bc9f2e98d1c2dc40e25965a97,Verbo
en,English,more,more,det,qnt;sp,1154,0.8496,0.8534,41.93,429,b1fedac33258d546df35cbce29a48057,Determinante
en,English,root,root,n,sg,434,0.8496,0.8648,6.24,429,f1f0a3725c9bd0596d9a4cdb65a3701e,Substantivo
en,English,takes,take,vblex,pri;p3;sg,1066,0.8497,0.8492,6.98,432,8436d1cf5780301d32175a8ace37a00f,Verbo
en,English,less,less,adv,,1201,0.8499,0.8666,9.91,433,046985aa60b72e8395302e5c36ebe7cd,Advérbio
en,English,wish,wish,vblex,pres,717,0.85,0.8684,5.42,434,f095b241bf9d210e6c72b88d7478ea08,Verbo
en,English,look,look,vblex,pres,924,0.8501,0.8632,5.84,435,26cb9f58c8bcd8eee08514ffd40d899b,Verbo
en,English,as,as,preadv,,612,0.8502,0.8662,7.66,436,89e24dabcc7a51ef9079418309f5b9f4,preadv
en,English,pay,pay,vblex,pres,5341,0.8502,0.8725,12.49,436,f6046c6b9b9cf8aa728d386c7e6100f5,Verbo
en,English,front,front,n,sg,467,0.8503,0.8694,6.14,438,9ae4625f5a6122c510ddc28906c08473,Substantivo
en,English,say,say,vblex,inf,374,0.8503,0.8684,16.34,438,d1662c4cf7987ac4f27e70c370d4507f,Verbo
en,English,air,air,n,sg,103,0.8503,0.8519,4.08,438,f054e192227d26b918316691291a02d4,Substantivo
en,English,lamp,lamp,n,sg,679,0.8505,0.8699,12.98,441,0b06425f7b6177235a632b3079c616cd,Substantivo
en,English,cups,cup,n,pl,106,0.8506,0.8522,1.28,442,eb66e108f92eb96bc57a14eb0fdc8230,Substantivo
en,English,done,do,vblex,pp;@present_perfect,126,0.8507,0.8691,17.55,443,0aaeb2115c95e4bec721c3b233a54910,Verbo
en,English,felt,feel,vblex,past,250,0.8507,0.8776,5.67,443,bb7577fb6dd1f157e616433ed17a1513,Verbo
en,English,time,time,n,*numb,2360,0.851,0.8468,5.94,445,51699a06e1690baad19bdc779fbe2b94,Substantivo
en,English,exercises,exercise,vblex,pri;p3;sg,254,0.8512,0.884,5.84,446,b8e619c1fbe61fef8c40bac73f6be75a,Verbo
en,English,consider,consider,vblex,inf,201,0.8512,0.8788,6.06,446,d616ffb9b8c89022d7ed38809b11b563,Verbo
en,English,maintain,maintain,vblex,pres,232,0.8513,0.8687,5.56,448,2f2707261c0f62107deaa2d40f2d28cb,Verbo
en,English,effectively,effectively,adv,,303,0.8514,0.8705,5.48,449,32d8134c213df66bbb32a7f12611a69d,Advérbio
en,English,increases,increase,vblex,pri;p3;sg,123,0.8514,0.8692,12.07,449,5f555571e4c816d8f70a602c11374ffa,Verbo
en,English,these,this,prn,tn;mf;pl,537,0.8514,0.8704,7.19,449,6e7589c6b19e910e6f24f8313ab231b9,Pronome
en,English,played,play,vblex,pp;@present_perfect,208,0.8514,0.8561,11.51,449,aedc157444dc876373918c8637e89f35,Verbo
en,English,relationship,relationship,n,sg,494,0.8516,0.8588,4.8,453,c1bf9733efc0f75a2133c1e12ec4c9d3,Substantivo
en,English,recently,recently,adv,,595,0.8517,0.8711,7.39,454,31af5c8318d24d333e978ce120b95d41,Advérbio
en,English,total,total,adj,,587,0.8517,0.8546,4.4,454,3a10c67e304761cc57acc8e496896ae9,Adjetivo
en,English,likes,like,vblex,pri;p3;sg,4592,0.8517,0.8609,6.48,454,dde9652663c4c2772e255c97b4869ad7,Verbo
en,English,introduce,introduce,vblex,pres,228,0.852,0.8568,5.29,457,899554e62ace859e9da172f8c152ab10,Verbo
en,English,private,private,adj,,897,0.852,0.8758,4.69,457,9e1f124b9c19db8bf3b8b1747ea76dff,Adjetivo
en,English,story,story,n,*numb,106,0.8522,0.8657,8.6,459,4d91d4264b1f92fc080777df68b4af49,Substantivo
en,English,swim,swim,vblex,inf,572,0.8524,0.8612,21.8,460,1e7dcbc00315ba13f388fe7ed272db21,Verbo
en,English,enter,enter,vblex,inf,198,0.8527,0.8638,6.69,461,ac9ab36f9dbdd6a32e1e65d18384f002,Verbo
en,English,what,what,prn,itg;m;sp,10041,0.8531,0.856,14.49,462,ea33cb20c4bf46c0913a66e0738b2eda,Pronome
en,English,demands,demand,vblex,pri;p3;sg,210,0.8532,0.8889,5.95,463,8ccce2f4b3fd7f42ff89cde58d4501cd,Verbo
en,English,visit,visit,n,sg,553,0.8534,0.8565,4.62,464,14fd3f833ae3962c21e5da89ee4e930e,Substantivo
en,English,sent,send,vblex,pp;@future_perfect,129,0.8535,0.8659,7.44,465,2446ec459e155de2a54091865a01904b,Verbo
en,English,group,group,n,sg,183,0.8537,0.8649,6.56,466,ee24f9b24ae609fa33a34b02e15e55cd,Substantivo
en,English,back,back,n,sg,148,0.8538,0.8551,9.68,467,2684c3206a39878dc42f0d1639328397,Substantivo
en,English,occasion,occasion,n,sg,104,0.8538,0.8494,4.42,467,2b86d6714699e022c9371bcbbebdeca7,Substantivo
en,English,watch,watch,vblex,inf;@past,151,0.8538,0.8603,6.23,467,69da2669c1ca534b71c4992c18de622f,Verbo
en,English,walked,walk,vblex,pp;@present_perfect,187,0.8541,0.8754,22.36,470,0ea9ccfc71c400be04f39c4e76963fb3,Verbo
en,English,fire,fire,n,sg,202,0.8541,0.871,11.34,470,2103c9b96ab766d4d783e4a9f375314a,Substantivo
en,English,case,case,n,sg,228,0.8542,0.8714,7.47,472,1aab958fc26f3550779736ff7ceebd73,Substantivo
en,English,blame,blame,n,sg,120,0.8542,0.8764,6.46,472,3e9f5e6e9ceacf45e1d6f9933fbe7bcd,Substantivo
en,English,parents,parent,n,pl,4971,0.8543,0.8598,27.93,474,44f26aab67fa8b66afc212eb483c6739,Substantivo
en,English,her,her,det,pos;sp,21558,0.8543,0.8669,36.03,474,5e56b2dcc7cdc8f6cd58854622b45643,Determinante
en,English,soon,soon,adv,,483,0.8543,0.8735,6.82,474,8ecad29425cbee828c49b9b7293ed6b6,Advérbio
en,English,look,look,n,sg,354,0.8545,0.843,113.06,477,f6671fa92de1778de39d0ce613f14ada,Substantivo
en,English,always,always,adv,,1931,0.8546,0.8606,25.8,478,cff2d760888774c8011ed92d80ae3312,Advérbio
en,English,necessarily,necessarily,adv,,450,0.8547,0.8626,4.89,479,9da6e9db9b16280d315637883fe6c70d,Advérbio
en,English,food,food,n,sg,24859,0.8549,0.8612,21.69,480,0bd5d9cd7baaaf384b5344e27d15cecd,Substantivo
en,English,purple,purple,adj,sint,387,0.8549,0.8607,3.21,480,aad15d454fceeb3af4f84d341e2ebe3e,Adjetivo
en,English,like,like,vblex,inf,1269,0.8549,0.8709,28.39,480,ad0ecc49098afecf03d2c60f4a8f539f,Verbo
en,English,sky,sky,n,sg,176,0.8551,0.8716,13.78,483,9436be8b7236eae3bbd91049ab5ebd4d,Substantivo
en,English,issue,issue,n,sg,145,0.8552,0.8343,4.81,484,35b531bb1a67adcf386e6c2789d8e7c4,Substantivo
en,English,someone,someone,prn,tn;m;sg,289,0.8552,0.8645,4.1,484,5ead0d8e82ca48b5d24ea91916d3429d,Pronome
en,English,for,for,pr,,9398,0.8552,0.8589,44.54,484,a5acd980d17d726d1c99e7b974d3f52d,Preposição
en,English,knowledge,knowledge,n,sg,216,0.8553,0.8733,6.27,487,3d5086427a4e0aa4e5ecde950265b4ec,Substantivo
en,English,cup,cup,n,sg,166,0.8554,0.8571,15.44,488,849d9f962a4a6211dd299a7bd5d7089a,Substantivo
en,English,friday,friday,n,sg,3308,0.8557,0.8659,11.5,489,043c22fa1e36f4a32befecfe01ec9ea9,Substantivo
en,English,started,start,vblex,past,410,0.8558,0.8696,10.26,490,1c8441685cb6de93a4e60a5f235120a3,Verbo
en,English,buy,buy,vblex,inf,225,0.8558,0.8817,12.24,490,ebfa1400df742185b7ba16b384ab4156,Verbo
en,English,said,say,vblex,pp;@cond_perfect,107,0.8559,0.893,13.25,492,7bb3a539cfe758c0913debbb4951863c,Verbo
en,English,stop,stop,vblex,inf,271,0.856,0.8551,6.66,493,9d49fb33399909a150607665eee0b1cd,Verbo
en,English,have,have,vblex,inf;@future,172,0.856,0.8814,18.3,493,d6cce963b35b9cb24a0662d2f754aecd,Verbo
en,English,use,use,vblex,pres,3720,0.856,0.8756,6.69,493,fcbfcae6f712ce1a5811726b151ea365,Verbo
en,English,grass,grass,n,sg,212,0.8561,0.8762,13.0,496,e8993f6b6bc4eac42be7e4972d344125,Substantivo
en,English,phone,phone,vblex,inf;@past,153,0.8562,0.8711,5.26,497,925d346847d23a64f6e74f6dbb905af7,Verbo
en,English,bad,bad,adj,sint,283,0.8564,0.8756,5.93,498,5606a32cf339a57b8346aac9c28470ee,Adjetivo
en,English,make,make,vblex,inf;@past,222,0.8565,0.8665,8.29,499,c900c9a574e6a533e039a21c3cfba771,Verbo
en,English,developed,develop,vblex,pp;@present_perfect,126,0.8565,0.8667,6.21,499,e882adc33f8d22c9818f96d6d4858d58,Verbo
en,English,old,old,adj,sint,676,0.8567,0.8594,41.31,501,c59ccb5540df34fe54d6d95419eba06e,Adjetivo
en,English,loves,love,vblex,pri;p3;sg,4154,0.857,0.877,10.5,502,37f80439fe8d5bba46bfe87883d3c887,Verbo
en,English,want,want,vblex,inf;@future,117,0.8572,0.8779,16.58,503,01de0f77d87418ad73eeebd839ab681a,Verbo
en,English,familiar,familiar,adj,,1063,0.8574,0.8712,5.98,504,bc435e019f2172a1793bbcf4c63ffec8,Adjetivo
en,English,night,night,n,sg,1042,0.8577,0.8595,1.83,505,394ef41089bfcb3166bd5e27f3522119,Substantivo
en,English,home,home,n,sg,776,0.8578,0.8742,6.78,506,bbae11b5347ee2bdc29d025b7aa04b23,Substantivo
en,English,put,put,vblex,past,250,0.8578,0.8798,7.33,506,dc6bfa2f0c479a627606939c2acaff1b,Verbo
en,English,crown,crown,n,sg,425,0.858,0.8574,6.19,508,7ed081a322ddc02f7cdd44e20fd47f65,Substantivo
en,English,content,content,n,sg,158,0.8581,0.8703,5.22,509,06ff48c9db53d025dd95610d218a0955,Substantivo
en,English,look,look,vblex,inf;@past,121,0.8581,0.8708,5.79,509,fe7bfc92f7427156e49902177cf9da9d,Verbo
en,English,currently,currently,adv,,508,0.8584,0.8873,6.31,511,b95da970fe95de876bb49d0483b50dba,Advérbio
en,English,determined,determine,vblex,pp;@present_perfect,119,0.8585,0.8772,5.31,512,46f4447c0bd768576bc96148f74ad62d,Verbo
en,English,asks,ask,vblex,pri;p3;sg,288,0.8587,0.883,7.78,513,45432b0a636e84f204c26f905c302dbc,Verbo
en,English,meal,meal,n,sg,8373,0.8589,0.8573,5.3,514,0d7c3234513eea5a732f05f93e8302aa,Substantivo
en,English,assumes,assume,vblex,pri;p3;sg,263,0.8589,0.8761,5.68,514,1c2f13ccc00c30a2aaf7f7d5da40f89a,Verbo
en,English,want,want,vblex,inf;@past,160,0.8589,0.8882,7.22,514,542cf768987b5091abda2ac6b3734750,Verbo
en,English,drink,drink,vblex,inf;@past,302,0.8589,0.8669,19.47,514,777571fb97a09b6c687a0cb8e40c949c,Verbo
en,English,yesterday,yesterday,adv,,2252,0.8589,0.8715,51.96,514,ffcfde4bf4fc1c5f19d9de9cc2bd531c,Advérbio
en,English,suffered,suffer,vblex,pp;@past_perfect,159,0.859,0.8784,7.52,519,23439f503c4195c43d40edc4e4fdf2fb,Verbo
en,English,practice,practice,n,sg,175,0.859,0.8552,5.27,519,44925357057a99b34eb5cad1074e081e,Substantivo
en,English,can,can,vaux,pres,2256,0.8591,0.8759,193.21,521,32d10b7ed0bea958c60a915710434dfe,vaux
en,English,hot,hot,adj,sint,152,0.8592,0.8629,5.09,522,8d22e5225063fefd2ab253bac646d160,Adjetivo
en,English,this,this,prn,tn;mf;sg,1283,0.8594,0.8684,63.11,523,e96176f2d628cf4a22ef1d3f85fd6b00,Pronome
en,English,women,woman,n,pl,21888,0.8596,0.8774,13.59,524,390ca9c2868c14c5616c460e4f31762c,Substantivo
en,English,wearing,wear,vblex,pprs,148,0.8596,0.8661,4.67,524,4da00ab75f107dfcf881c2342b9c4844,Verbo
en,English,stayed,stay,vblex,past,135,0.8596,0.8967,6.11,524,52781a6fc0a0acf2d06a18406897018d,Verbo
en,English,faith,faith,n,sg,101,0.8597,0.8846,8.99,527,074e39593712fbf64cf87bf614067f66,Substantivo
en,English,place,place,n,*numb,433,0.8597,0.851,3.43,527,4816f3c4526888a8bc0b0b586c7c1eee,Substantivo
en,English,bigger,big,adj,sint;comp,173,0.8599,0.8917,5.4,529,4d26cf859e11cf6fc8a32e2a317dd9e6,Adjetivo
en,English,other,other,det,ind;sp,510,0.86,0.8679,25.56,530,f181f417d0ec8276be43135da8b891cb,Determinante
en,English,counts,count,vblex,pri;p3;sg,257,0.8601,0.8822,5.62,531,9624521d84476494c1a808c524203653,Verbo
en,English,great,great,adj,sint,260,0.8603,0.8668,5.17,532,ee7c3c79f3699847562d76691ecceb67,Adjetivo
en,English,son,son,n,sg,1479,0.8604,0.8652,1.45,533,f0ec8639d92cb8a7e5590f55f4699fd3,Substantivo
en,English,decision,decision,n,*numb,304,0.8604,0.8294,5.02,533,f81cb83cb800f778da62841915a3563a,Substantivo
en,English,thursday,thursday,n,sg,2722,0.8605,0.8789,9.63,535,1ef8584238711d338df3a962b045cec7,Substantivo
en,English,towards,towards,pr,,2563,0.8605,0.8808,11.01,535,8b7b63bc927017462cc5aeee3f42f091,Preposição
en,English,girlfriend,girlfriend,n,sg,971,0.8605,0.8658,15.82,535,e5fab737d4716f5fe6c1481995904144,Substantivo
en,English,wife,wife,n,sg,1820,0.8606,0.8742,9.35,538,a2f0858c8cb005fdfa34554cc2c236b0,Substantivo
en,English,appear,appear,vblex,inf,168,0.8606,0.8597,4.83,538,cbdb71cdcf9e4715771206e1c0b0b94c,Verbo
en,English,by,by,pr,,3839,0.8607,0.8722,13.41,540,76705195e02350473a62a2c266118a22,Preposição
en,English,big,big,adj,sint,1234,0.8608,0.8468,70.28,541,1af03eac36fc44960a928e7c0cceabe2,Adjetivo
en,English,fits,fit,vblex,pri;p3;sg,329,0.8608,0.8857,6.72,541,2c09ea651f0890cfaafac89406a89105,Verbo
en,English,something,something,prn,tn;nt;sg,554,0.8608,0.8711,11.53,541,33e725f4f2ae9f388ce13d8d33b9d41a,Pronome
en,English,large,large,adj,sint,193,0.861,0.8714,6.87,544,1c722a2cc95ea26d2312b3efba37540c,Adjetivo
en,English,count,count,vblex,inf,187,0.861,0.8682,5.78,544,5ce213bcdeee67a44e873745ed532d7f,Verbo
en,English,however,however,adv,,493,0.861,0.8743,5.28,544,7516f83b380520f4a3222a23aac07e12,Advérbio
en,English,much,much,det,qnt;sg,390,0.861,0.8703,6.85,544,90ad4bcb3c4d975d8345dfdcae0fb618,Determinante
en,English,keep,keep,vblex,inf,302,0.8611,0.8673,8.09,548,195ac2a19e6232c514495fec629a7e88,Verbo
en,English,got,get,vblex,pp;@present_perfect,230,0.8612,0.8635,8.15,549,958f0bdaa15db41c2e13f9d41d9f7579,Verbo
en,English,out,out,pr,,2535,0.8612,0.8755,8.58,549,a910803436b37162b8162ca3120e75d5,Preposição
en,English,gave,give,vblex,past,309,0.8612,0.8754,12.94,549,f134381cfb487010a3eea8d770aa101b,Verbo
en,English,apply,apply,vblex,inf,172,0.8619,0.8792,5.49,552,a419b374e44b734857bf57b228c63689,Verbo
en,English,reading,read,vblex,ger,282,0.862,0.8604,11.28,553,21d3847ce24368687d95e7522edf551f,Verbo
en,English,liked,like,vblex,past,266,0.8622,0.8882,8.82,554,1f2c2e2f4ca4f93a7ba9d1694bd599d2,Verbo
en,English,make,make,vblex,inf;@future,115,0.8623,0.8927,8.85,555,a9584c06e9b8a68dea399e9f5ba44b4b,Verbo
en,English,chair,chair,n,sg,576,0.8624,0.8799,9.44,556,072455af0c8d778b6e5f465a7414d252,Substantivo
en,English,appears,appear,vblex,pri;p3;sg,316,0.8624,0.8835,7.62,556,7baa6b0e257489aea0deaebe6f74af58,Verbo
en,English,house,house,n,*numb,492,0.8625,0.8413,7.27,558,815f870042db6a756e13d5f63a6993d9,Substantivo
en,English,touched,touch,vblex,past,315,0.8625,0.8624,7.19,558,a30d0bfbb11696aee1e1eaaba0a32509,Verbo
en,English,many,many,prn,tn;mf;pl,461,0.8626,0.8674,8.36,560,66e2e3c804ca50a8110c529eb7122d68,Pronome
en,English,daughters,daughter,n,pl,131,0.8626,0.8657,1.33,560,7617b8997de5ed66879150cb2592fb86,Substantivo
en,English,whose,whose,rel,aa;mf;sp,391,0.8626,0.8813,11.02,560,bd9b0dd95bdd857d4b93657753e8da72,rel
en,English,produced,produce,vblex,pp;@present_perfect,105,0.8627,0.8667,4.92,563,0cb5fc1b2548862d003d66bf66136fd9,Verbo
en,English,addition,addition,n,sg,314,0.8627,0.8667,4.88,563,3d9756ad3bf05ec59fc2d75e6994159e,Substantivo
en,English,happen,happen,vblex,inf;@past,113,0.8627,0.8857,6.32,563,b70266241b0e77baddbfae686ad82e8f,Verbo
en,English,afraid,afraid,adj,,752,0.8628,0.871,7.02,566,0026e0c4c4ea2d3adfee4e9343e849d9,Adjetivo
en,English,tell,tell,vblex,pres,3589,0.8629,0.8781,6.37,567,78ee7df0afe172bfa262ba9fdd2f4815,Verbo
en,English,pan,pan,n,sg,588,0.863,0.8741,7.19,568,1fa0250a9286ddaa12dc55c4e89c0609,Substantivo
en,English,thinks,think,vblex,pri;p3;sg,264,0.863,0.8808,8.09,568,2ef6d4af7dbd8c651f1b44cc73ba3622,Verbo
en,English,sheet,sheet,n,sg,380,0.863,0.8687,5.56,568,7d3ad2fe0d1b2a5419a0bc84f06cff1f,Substantivo
en,English,sponge,sponge,n,sg,472,0.8632,0.8781,6.07,571,626202270343e73dea91e768c409acb8,Substantivo
en,English,define,define,vblex,inf,174,0.8632,0.8776,5.7,571,d95458746069b775ccfc610d419c84ff,Verbo
en,English,add,add,vblex,inf;@past,146,0.8634,0.876,5.92,573,fe24e487a6e45b3887d17c7e09b69f73,Verbo
en,English,your,your,det,pos;sp,23156,0.8635,0.8709,43.34,574,be2ec2c393a6049b9e1928af32c3cf08,Determinante
en,English,passed,pass,vblex,pp,245,0.8636,0.8662,6.21,575,3e485a17f27e15b9dd4d280f9bdc2be0,Verbo
en,English,reach,reach,vblex,inf,243,0.8636,0.8812,10.95,575,4c1d20208d00b8b0bd6aa55a1e37e018,Verbo
en,English,financing,finance,vblex,ger,102,0.8636,0.8699,6.4,575,8df9bf6a3ca8f88f803d4a2ecc9d32f0,Verbo
en,English,wooden,wooden,adj,,638,0.8638,0.9027,9.04,578,3e87f8125b8be754b1d09356902b9336,Adjetivo
en,English,right,right,n,*numb,596,0.8639,0.8525,3.97,579,0c63974a093ddb76ed23c7f9794fdd6b,Substantivo
en,English,not,not,adv,,44261,0.8639,0.8842,153.42,579,33a7fd42f74b2d2b1110f1b0c8b6db38,Advérbio
en,English,get,get,vblex,inf,236,0.8641,0.8799,6.29,581,bf300dd06cb30df9738ed4eb532f79c4,Verbo
en,English,seven,seven,num,sp,811,0.8644,0.8698,14.62,582,81a00ae14e4cfea4614bb9f7bb4fe659,Numeral
en,English,health,health,n,sg,118,0.8645,0.8732,4.42,583,216ab307a60e49e9a67ce81f064c2903,Substantivo
en,English,writing,write,vblex,ger,159,0.8646,0.883,5.86,584,ada27b93e7f01327145cc5fcb0be86dd,Verbo
en,English,father,father,n,sg,8573,0.8647,0.8738,35.58,585,b5703f031d95869a0e1145e2ac6fbc6c,Substantivo
en,English,radio,radio,n,sg,677,0.8648,0.8799,11.45,586,bc2b476084ab9430d926f2ebfd4217ef,Substantivo
en,English,car,car,n,*numb,818,0.8648,0.8605,15.12,586,dfa82fe84bb76bec51fec49fb0856404,Substantivo
en,English,lives,live,vblex,pri;p3;sg,505,0.8648,0.8787,14.41,586,fdc6a6b66bea64c5fee54c569d162e56,Verbo
en,English,tuesday,tuesday,n,sg,4267,0.8649,0.8742,17.98,589,563cc940cf4f3edeecc73ee5e6ab45d1,Substantivo
en,English,phone,phone,n,*numb,399,0.8649,0.8612,6.09,589,817508acdc034ad82f185102e5e5ca02,Substantivo
en,English,answers,answer,vblex,pri;p3;sg,738,0.8652,0.8719,4.89,591,4d4aed588cf902f759a4d85200009ac6,Verbo
en,English,scissors,scissors,n,pl,700,0.8652,0.8706,11.87,591,bf7ef6d74583352dcf5d8135e7941060,Substantivo
en,English,tired,tired,adj,,2479,0.8654,0.8767,15.02,593,0a0fb7e1b81f43549d62cf738869323a,Adjetivo
en,English,crib,crib,n,sg,536,0.8654,0.8904,8.25,593,3a41db3cc1d2d95dc59aca1ada578778,Substantivo
en,English,of,of,pr,,10420,0.8655,0.8728,64.52,595,4daf95de94354cb42e50957b96a745d8,Preposição
en,English,comb,comb,n,sg,724,0.8656,0.8858,13.52,596,2376f47c2342d2c586240beb00c881b9,Substantivo
en,English,late,late,adv,,550,0.8657,0.8797,5.36,597,1b924c4e39db1a5d0ea6dfac169497f8,Advérbio
en,English,collection,collection,n,sg,157,0.8658,0.8661,5.71,598,ad86f07144e23e3062963d959858c3e0,Substantivo
en,English,represents,represent,vblex,pri;p3;sg,257,0.8658,0.8863,6.44,598,cb4541b9463bbbe8a16d871bddab630d,Verbo
en,English,germany,germany,np,loc;sg,534,0.8658,0.8949,5.6,598,f798eef7b5df54411243120819fe0db9,np
en,English,wants,want,vblex,pri;p3;sg,7160,0.8659,0.8755,15.69,601,c89df1e3370573e88df637fe3eedc15d,Verbo
en,English,cooked,cook,vblex,pp,268,0.8659,0.8902,6.92,601,fb2bdd856fcc811740747e3b6900568a,Verbo
en,English,allows,allow,vblex,pri;p3;sg,656,0.8661,0.8815,4.49,603,833d6c19d9d0ee5ff1bde8b10559533d,Verbo
en,English,meet,meet,vblex,inf,178,0.8661,0.865,4.56,603,c80eb2225862c5704632fe954dffd081,Verbo
en,English,glass,glass,n,*numb,385,0.8662,0.8663,5.73,605,3bd8cc08d7fee183909a517c0b51ba60,Substantivo
en,English,watched,watch,vblex,past,193,0.8662,0.8733,10.33,605,84ef3d813a1fd61e776459b4bf154255,Verbo
en,English,run,run,vblex,inf,638,0.8664,0.8695,15.5,607,3a68f1a73ffcf5b0f465d63926781822,Verbo
en,English,theater,theater,n,sg,176,0.8665,0.8821,9.09,608,79b69b6afe7504da50f3312c036d1248,Substantivo
en,English,expressed,express,vblex,past,186,0.8665,0.8701,6.84,608,c9fc7612fdec72d7a9e2a5f66f2e9192,Verbo
en,English,twice,twice,adv,,422,0.8665,0.8707,6.03,608,d81d94c51553d0ff72403df5deaa9d11,Advérbio
en,English,chosen,choose,vblex,pp,292,0.8666,0.8807,5.79,611,950e1cb0e639edb9f48a8aaa996af1a5,Verbo
en,English,wait,wait,vblex,inf,155,0.8666,0.8745,5.88,611,d7f308687df99973d6c404e77508dda2,Verbo
en,English,city,city,n,sg,868,0.8669,0.8719,1.29,613,7bf0a5eb3369050d86172a7502b0ee08,Substantivo
en,English,kind,kind,n,sg,160,0.867,0.8824,13.24,614,4d6af7c51c8943694ff693757f48acf7,Substantivo
en,English,watch,watch,n,sg,551,0.867,0.8862,8.34,614,620e84479703029552a18a128b5f6341,Substantivo
en,English,finish,finish,vblex,inf;@future_phrasal,138,0.8671,0.8542,11.7,616,2a40b506c86997f47cf92812253e568b,Verbo
en,English,church,church,n,sg,143,0.8671,0.8857,1.62,616,eac2dd3c3742edae18d2b3418918e794,Substantivo
en,English,castle,castle,n,sg,667,0.8673,0.8734,9.09,618,7e3a48f920a7a0dc9f9afb9d7f683aa7,Substantivo
en,English,others,others,prn,tn;mf;pl,279,0.8674,0.8753,7.15,619,4b552d2334605ec4caa96ca34820b23b,Pronome
en,English,duck,duck,n,sg,16394,0.8674,0.8748,16.0,619,ebc831d3a05751d0fbbd3495158aa038,Substantivo
en,English,following,follow,vblex,pprs,176,0.8675,0.8616,8.48,621,4a50ccb61ed7987f8e3569871f5b7f9b,Verbo
en,English,have,have,vblex,inf,18022,0.8675,0.8817,45.6,621,4adf5cd40d521b02a9cc241bf3adc6bb,Verbo
en,English,was,be,vbser,past;*pers;sg,197,0.8676,0.8717,7.79,623,e9abc29ed238e29c72ade442bfeffa27,vbser
en,English,avoid,avoid,vblex,inf,243,0.8677,0.8725,6.79,624,135e0c3caf64f6e8020e5d65235ef0bd,Verbo
en,English,eats,eat,vblex,pri;p3;sg,91640,0.8679,0.8841,65.09,625,928787744a962cd4ec55c1b22cedc913,Verbo
en,English,informed,inform,vblex,past,362,0.8679,0.8794,9.22,625,c1a0574cd7ee379f0f157b08c1063b00,Verbo
en,English,continue,continue,vblex,inf;@future,120,0.8681,0.8549,13.72,627,df32a47cacfa570d487608914c2ba436,Verbo
en,English,result,result,n,sg,122,0.8682,0.8836,4.25,628,816e9420a97e8d22ccae22610af4bece,Substantivo
en,English,talk,talk,vblex,pres,779,0.8682,0.8739,6.15,628,e35a9db5692415795f36448f6dff95d2,Verbo
en,English,phone,phone,n,sg,466,0.8682,0.8642,1.24,628,eb405205fe232a3236bedc42065e3345,Substantivo
en,English,lecture,lecture,n,sg,331,0.8683,0.867,4.94,631,2627b8b437f653e9d83ecca78276326e,Substantivo
en,English,uncle,uncle,n,sg,4342,0.8683,0.8758,19.89,631,6ebf63388bb649a3293217adf5571217,Substantivo
en,English,walked,walk,vblex,past,190,0.8684,0.8984,11.02,633,2d07ff7364f2f8a75682ab733c9db18f,Verbo
en,English,bowl,bowl,n,sg,564,0.8685,0.8851,7.97,634,98030cf13dbb289b52e2e994134ad146,Substantivo
en,English,hearing,hear,vblex,pprs,125,0.8687,0.8908,4.14,635,4451a2aa5090b970ba1a52c5e8777a19,Verbo
en,English,here,here,adv,,2535,0.8689,0.8767,26.32,636,6e793f30ba6c5889b901b168ee9ea818,Advérbio
en,English,desk,desk,n,sg,665,0.869,0.8826,10.25,637,a81e47281b3efa147ddefa498a09a359,Substantivo
en,English,through,through,pr,,1284,0.869,0.8828,8.54,637,b75e678fd29fb2881e4eb9438d8b271c,Preposição
en,English,believe,believe,vblex,inf,221,0.8693,0.8814,15.43,639,88ccc36cff3cc7a827ec3877d77c58ac,Verbo
en,English,relation,relation,n,sg,101,0.8694,0.8539,7.32,640,1c4fa1e49b6686a9cefd36677b33782e,Substantivo
en,English,blue,blue,adj,,11987,0.8694,0.8811,16.96,640,2bd555878cbc70d270dee5ef42420fa6,Adjetivo
en,English,cannot,can,vaux,pres,244,0.8696,0.8965,110.25,642,3a25fe9622f7e2a8f5399762d7207c8a,vaux
en,English,france,france,np,loc;sg,557,0.8696,0.8878,5.82,642,7ac5b615a5c4ce3ae542bb0b1318b649,np
en,English,met,meet,vblex,pp;@present_perfect,113,0.8699,0.8718,5.84,644,6573a0ba879c0ccf2ba01f6a66d90ac0,Verbo
en,English,table,table,n,sg,1439,0.8702,0.8818,23.46,645,fa8aaf5453ae2dedb3fb0670cacfe1fd,Substantivo
en,English,expensive,expensive,adj,,694,0.8705,0.8862,5.44,646,e2b48e264e46d96e88977bbdebbe9432,Adjetivo
en,English,term,term,n,*numb,139,0.8705,0.8743,4.3,646,e4f4681c1e2802b1cb8359e16948558f,Substantivo
en,English,start,start,vblex,pres,742,0.8707,0.8867,4.88,648,1546ab43aa587436bdc953f15e0232a4,Verbo
en,English,newspapers,newspaper,n,pl,12916,0.8707,0.878,7.15,648,7b2e60314cad24be935a55062cb7f65e,Substantivo
en,English,speak,speak,vblex,inf;@past,249,0.8708,0.8723,7.67,650,93717a8b573f7a34e16a9f5344fa49c5,Verbo
en,English,black,black,adj,,13395,0.8709,0.8784,32.4,651,109cddf825db4d8e0d00d19b2c3cb1b3,Adjetivo
en,English,sign,sign,vblex,pres,819,0.8709,0.8764,5.29,651,656b0c03c5f4032f092a6e76c5d47b4d,Verbo
en,English,lose,lose,vblex,inf,172,0.8709,0.8848,5.3,651,b10d5000e96134f13997ba4da46906e1,Verbo
en,English,efficient,efficient,adj,,894,0.871,0.877,5.01,654,2de14d969637e911bac932513c9482bc,Adjetivo
en,English,who,who,prn,itg;m;sp,12855,0.871,0.8832,16.97,654,da166f3d66b929683ac6611b33a79f8a,Pronome
en,English,tells,tell,vblex,pri;p3;sg,290,0.871,0.8896,4.94,654,e4853470d21378b990136a0f9fe13a1d,Verbo
en,English,enough,enough,adv,,662,0.8711,0.8862,6.86,657,3ee8b0a26a1ad3625256f211f66f6b55,Advérbio
en,English,sees,see,vblex,pri;p3;sg,6190,0.8712,0.8832,15.75,658,7872afde4b6afddaad589ab644dd8d48,Verbo
en,English,kept,keep,vblex,past,197,0.8714,0.8837,4.99,659,4f0170785cf4443aa3755e52091cded1,Verbo
en,English,job,job,n,sg,3014,0.8719,0.8794,7.99,660,eee8ec127c1ba6f4751097e40977b587,Substantivo
en,English,especially,especially,adv,,457,0.872,0.8711,6.01,661,cd2e2d4c8953aeb7c4840b7932aabf94,Advérbio
en,English,student,student,n,sg,245,0.8721,0.878,1.32,662,2acd69fd75719cfe7dbf2ac3f793e9a5,Substantivo
en,English,a,a,det,ind;sg,123099,0.8721,0.8907,148.49,662,827a8ecb89f9b59ac5c29b620a5d3ed6,Determinante
en,English,approximately,approximately,adv,,533,0.8722,0.8915,6.9,664,884243eabd822f0285f0a2a6eb3e719b,Advérbio
en,English,later,later,adv,,577,0.8726,0.8717,5.92,665,7fbaebba7a544b4b58900f7890508b4e,Advérbio
en,English,along,along,pr,,672,0.8726,0.8908,4.53,665,b543ab3211a272564f47a1dfcf16c746,Preposição
en,English,some,some,det,qnt;sp,908,0.8727,0.8841,19.29,667,12fbb861d936fae34fe9cfc1bd0dd378,Determinante
en,English,window,window,n,sg,982,0.8727,0.8754,14.06,667,31d920e21466f018b72a0ecebb70a270,Substantivo
en,English,top,top,n,sg,802,0.8729,0.8886,9.1,669,7c0de50f5d060a3d6dfe3e77f65b2ab6,Substantivo
en,English,place,place,vblex,inf,200,0.8729,0.8885,6.74,669,815829d265ef5af334cb4318b494ce2b,Verbo
en,English,formed,form,vblex,pp;@past_perfect,160,0.8729,0.9003,7.59,669,b3f314fd0c8b85b63d7a0a2eefffe2ce,Verbo
en,English,seen,see,vblex,pp,335,0.873,0.8845,12.39,672,887463dde21f294f258a818867f1f0ab,Verbo
en,English,people,person,n,pl,126,0.873,0.8849,1.37,672,a2b4bbf93bc466191938d94d915e3fcb,Substantivo
en,English,nor,nor,cnjcoo,,3866,0.8731,0.8661,10.06,674,1c7f1ef10f944f13c6e1664d97fc66e8,Conjunção
en,English,child,child,n,sg,21359,0.8732,0.8767,18.74,675,100164559946674138e97c1e3830ccf4,Substantivo
en,English,rain,rain,n,sg,184,0.8733,0.8592,11.56,676,b985550f1d2abcb53a735311b5239c20,Substantivo
en,English,and,and,cnjcoo,,59933,0.8734,0.8857,50.85,677,0d9244f805fd55af1281a1bcb1a2cba6,Conjunção
en,English,each,each,det,ind;sg,485,0.8734,0.8928,22.06,677,80dc560acedfda3661ccfb39f21a5a53,Determinante
en,English,support,support,vblex,pres,3695,0.8735,0.8884,8.2,679,1957d66b29b980ca108c3cd18722821e,Verbo
en,English,does,do,vbdo,pri;p3;sg,14949,0.8736,0.8794,32.31,680,577853bea646e596a8bd041fb781718a,vbdo
en,English,party,party,n,sg,463,0.8736,0.8762,1.37,680,7349408911e654df00b6392b3878c1f6,Substantivo
en,English,find,find,vblex,pres,2537,0.8737,0.8857,6.54,682,20ea5151ddf71842b413fa85663e9a7f,Verbo
en,English,read,read,vblex,inf,449,0.8737,0.8824,44.67,682,35eea5a7fca92c2b687b1002adfc4786,Verbo
en,English,mother,mother,n,sg,5638,0.8737,0.8798,35.75,682,8604eb68cfbda564312fe40ff4d5fdb0,Substantivo
en,English,backpack,backpack,n,sg,958,0.8737,0.8829,14.2,682,f5853ea6f34c284316daaf26ea57182a,Substantivo
en,English,movie,movie,n,*numb,111,0.8739,0.8784,2.09,686,b2cd24987b3e156c6bbcdadc0778e5b8,Substantivo
en,English,heart,heart,n,sg,110,0.8742,0.8912,4.15,687,59793b8b4669902082f299c22b401c4d,Substantivo
en,English,match,match,n,sg,164,0.8742,0.8754,5.93,687,7c199af41640a19476e844ec2bc9c4e9,Substantivo
en,English,remember,remember,vblex,inf;@past,113,0.8743,0.9015,5.57,689,1aec3ba7fc67e3f33cc09b2f771d1d05,Verbo
en,English,called,call,vblex,pp;@present_perfect,103,0.8746,0.8837,4.24,690,cab909f8505e69ba26cdb60f2d7ee73d,Verbo
en,English,everyone,everyone,prn,tn;m;sg,290,0.8748,0.8876,7.04,691,504a2ba56376c2c1454723ee896d5c9f,Pronome
en,English,',',apos,,9629,0.8749,0.8963,14.76,692,d3619a3e50c3b522703d66166855d3bf,apos
en,English,reduced,reduce,vblex,pp;@present_perfect,176,0.875,0.8849,7.73,693,204407e09d26a8561a0773ee034cfdd5,Verbo
en,English,shirts,shirt,n,pl,14458,0.8753,0.885,12.12,694,94ce583e381ddf3a295d51b9578fdfe5,Substantivo
en,English,professor,professor,n,sg,306,0.8753,0.8786,5.36,694,a0d4697ac88dde99562d9de638c7da7d,Substantivo
en,English,as,as,pr,,4316,0.8753,0.8837,7.75,694,cf21eeedcb9627d0d657b958b45d1e2b,Preposição
en,English,arrive,arrive,vblex,pres,283,0.8753,0.8848,7.92,694,eb120603c4b40da64bec19e1e051fbc5,Verbo
en,English,telephone,telephone,n,sg,431,0.8754,0.8814,5.53,698,393c423155abc522faf6bac86cd3e863,Substantivo
en,English,love,love,vblex,inf;@past,187,0.8754,0.8944,5.73,698,6b84ae039f5ad8bfff9629a3fa251aa9,Verbo
en,English,taken,take,vblex,pp;@present_perfect,186,0.8754,0.8796,5.78,698,e110649f85473509655749d087538a19,Verbo
en,English,treatment,treatment,n,sg,138,0.8756,0.8915,4.23,701,592f2f803d2db1e4cda06f09e86d4e01,Substantivo
en,English,parties,party,n,pl,634,0.8757,0.8811,1.14,702,683d523250ae2700f22534f618f32068,Substantivo
en,English,building,building,n,*numb,353,0.8758,0.875,2.82,703,cf8d5b4b473ac1b971058b9640952ec2,Substantivo
en,English,else,else,adv,,465,0.8763,0.8918,6.29,704,335095490e8c9843d23d82df9d1272e3,Advérbio
en,English,reached,reach,vblex,past,221,0.8764,0.8907,7.65,705,16849f7c84450e13d864046c2c8e0640,Verbo
en,English,completely,completely,adv,,542,0.8764,0.89,5.6,705,d1a4760e4a5b9d56a4300a60f362fc63,Advérbio
en,English,want,want,vblex,pres,11823,0.8765,0.8792,34.05,707,d7d669520d89eac36cf587ccae7681a8,Verbo
en,English,once,once,adv,,920,0.8766,0.8924,9.86,708,b7734a9e942f3e39f2d20b72bb598add,Advérbio
en,English,possibly,possibly,adv,,246,0.8766,0.875,4.48,708,bb223511baf3f9cf98658c12f7420dd7,Advérbio
en,English,raining,rain,vblex,ger,144,0.8767,0.9,4.43,710,95e21f0fb2758e2e1c1dfac02d769e4e,Verbo
en,English,go,go,vblex,pres,5882,0.8768,0.8794,9.54,711,66c11e49dde905787ba0b8c8b7f85115,Verbo
en,English,been,be,vbser,pp,274,0.8768,0.883,6.48,711,c24378e01f55740fb1f26a50e71aeb1d,vbser
en,English,sleep,sleep,vblex,inf,559,0.8772,0.892,28.03,713,59009858b3cb366312befa58c0004342,Verbo
en,English,well,well,adv,,2167,0.8773,0.8895,22.19,714,efd1bf64096cdecc2ac7bf5c96badb9e,Advérbio
en,English,brown,brown,adj,sint,392,0.8776,0.883,3.06,715,b63c83eb353f28af77a94b5214cb1bd1,Adjetivo
en,English,beautiful,beautiful,adj,,1032,0.8776,0.8851,6.83,715,cb695e9d5004ede9aab7925bf0fc5de5,Adjetivo
en,English,period,period,n,sg,2163,0.8778,0.8874,5.71,717,5f83b369d617e25beb750e9930a5e797,Substantivo
en,English,in,in,pr,,14102,0.8779,0.8851,99.9,718,7489751fe9a37e9c8f03e2e4562b8d03,Preposição
en,English,also,also,adv,,1142,0.8779,0.8871,9.86,718,9057a1c1deac19da984def346b0a2806,Advérbio
en,English,coming,come,vblex,pprs,142,0.8783,0.9154,4.71,720,f7b56be6a78b859050403162668d1c6a,Verbo
en,English,sets,set,vblex,pri;p3;sg,370,0.8787,0.8906,4.81,721,901f427caaa6ba68e47afc8a48ca0843,Verbo
en,English,possible,possible,adj,,1352,0.8787,0.8868,5.96,721,fa00f789ee5b0e41473255cff5448411,Adjetivo
en,English,turn,turn,vblex,pres,734,0.8788,0.8942,5.16,723,12a3862113cf0007b7100e19e8027f21,Verbo
en,English,presents,present,vblex,pri;p3;sg,277,0.8788,0.8796,5.61,723,f7d8a9cff3064a21c396f1bbe146c521,Verbo
en,English,security,security,n,sg,119,0.8789,0.8876,3.91,725,741882f09d4086505efa990a19cc2f02,Substantivo
en,English,world,world,n,sg,204,0.8789,0.881,11.39,725,9ca4c1431cf9c140752f87e79708d221,Substantivo
en,English,cars,car,n,pl,256,0.8789,0.8801,1.08,725,e799e82e28917babdf8a3f005a543a7e,Substantivo
en,English,add,add,vblex,inf,260,0.879,0.8771,6.44,728,66945ba210c86b5641f4a1225260344b,Verbo
en,English,newspaper,newspaper,n,sg,29497,0.8793,0.8867,18.56,729,e16c578226476ae646530b6356f9b0ad,Substantivo
en,English,opened,open,vblex,pp;@past_perfect,159,0.8795,0.8893,5.74,730,263272b943e38d566ef53486ad5c8358,Verbo
en,English,think,think,vblex,inf,239,0.8796,0.8984,7.96,731,9c8d0eda09609f2aaed4dddb118b2f49,Verbo
en,English,village,village,n,sg,424,0.8797,0.8862,4.0,732,3a912852c77ae9f4143b1689a41fa1ec,Substantivo
en,English,today,today,adv,,3951,0.8797,0.8934,57.56,732,5abb5aca87c59b9040e6579c511f1f12,Advérbio
en,English,everything,everything,prn,tn;m;sg,745,0.8798,0.8971,17.36,734,26300bb0eb025bd056744fd8de9745d9,Pronome
en,English,given,give,vblex,pp;@past_perfect,139,0.8801,0.8986,7.76,735,eadf5d847a8014bb80cf9d3cc4dd59f8,Verbo
en,English,regional,regional,adj,,881,0.8802,0.9084,5.93,736,1d9a5017f57bc4627dabd207369b72b4,Adjetivo
en,English,let,let,vblex,inf,292,0.8802,0.9017,14.52,736,786fd7ec20df0a309961f05fc969076f,Verbo
en,English,suffered,suffer,vblex,pp;@present_perfect,149,0.8803,0.8702,5.77,738,74d1cd6b23202a7c60d1e68281673869,Verbo
en,English,small,small,adj,sint,579,0.8804,0.8889,78.66,739,3b6ad8feb25703b12d6049d11640d0e0,Adjetivo
en,English,hand,hand,n,sg,124,0.8804,0.9053,1.31,739,404a39ec95413d40d2f9a89e1e5e43f5,Substantivo
en,English,new,new,adj,sint,399,0.8805,0.8834,14.08,741,5fc5f94e1c9024eae9823f4c4e2b26e0,Adjetivo
en,English,weather,weather,n,sg,105,0.8806,0.9,5.57,742,4acc173252fb6def7028a7a8cdcaeb05,Substantivo
en,English,has,have,vblex,pri;p3;sg,10162,0.8808,0.8964,16.38,743,c00649d7a795a4ad88d646ecab3cc07d,Verbo
en,English,him,prpers,prn,obj;p3;m;sg,13801,0.8811,0.8974,57.91,744,51fb73a04c05d6b9cc036aafd897a0ec,Pronome
en,English,girls,girl,n,pl,28324,0.8811,0.897,17.18,744,b573a2ebb834b1346202143003738756,Substantivo
en,English,wear,wear,vblex,pres,654,0.8811,0.8941,2.79,744,d22716fe617c596cc7d5a2482bd9415f,Verbo
en,English,bottle,bottle,n,sg,1046,0.8812,0.895,11.67,747,ab2046125b77c0b4328c26ac1fbf6bf5,Substantivo
en,English,won,win,vblex,pp;@present_perfect,153,0.8813,0.891,5.19,748,56866946314caeaa9e72ed878e9a148a,Verbo
en,English,car,car,n,sg,2421,0.8813,0.8889,2.22,748,8ecec387979ed2572bf4261c4766c5d4,Substantivo
en,English,told,tell,vblex,pp,293,0.8813,0.8929,4.64,748,a5059832c2ebb8856a69be1779a64ff4,Verbo
en,English,start,start,vblex,inf;@future_phrasal,138,0.8816,0.8864,7.17,751,27b7370aad5838e9c105af56962a127c,Verbo
en,English,students,student,n,pl,743,0.8817,0.8869,1.61,752,e40211f21d5235bee620ae9762efe03f,Substantivo
en,English,rains,rain,vblex,pri;p3;sg,3380,0.8818,0.8882,6.21,753,b727be07720aaaaae3a0f26b7bcbf304,Verbo
en,English,anybody,anybody,prn,tn;m;sg,321,0.8818,0.8918,6.37,753,cac2890cd8e57577a00cb29beae11c9a,Pronome
en,English,read,read,vblex,pres,36329,0.8818,0.887,23.21,753,efc2c65bd3a2ab7e0e2d4db65e290699,Verbo
en,English,with,with,pr,,11411,0.8819,0.8912,50.12,756,781b81760d3030454f97f95d142db777,Preposição
en,English,kitchen,kitchen,n,sg,1002,0.8819,0.896,12.15,756,a46c9000b26f91a77d1a450bd125c0e2,Substantivo
en,English,glass,glass,n,sg,381,0.8819,0.8808,2.27,756,ef415fda5bf7ef14d2501e9acc050f5c,Substantivo
en,English,discovered,discover,vblex,pp;@cond_perfect,111,0.8821,0.893,17.22,759,46f49faada1046a03328c4f701506764,Verbo
en,English,younger,young,adj,sint;comp,169,0.8821,0.8906,7.04,759,6beb354a0065cb8aab84260b1ead9d77,Adjetivo
en,English,three,three,num,sp,1773,0.8822,0.892,30.08,761,3ab110813111153c812b0413194ff50c,Numeral
en,English,again,again,adv,,553,0.8823,0.8962,10.82,762,37781524f1d4d4dbff177b138f237e72,Advérbio
en,English,orange,orange,n,sg,22781,0.8823,0.8887,13.42,762,ca886bc339ea78c58abea6250665ad49,Substantivo
en,English,apples,apple,n,pl,16239,0.8825,0.889,11.44,764,797df85fa241f274d166630d082e6db3,Substantivo
en,English,mirror,mirror,n,sg,620,0.8826,0.8982,17.33,765,c067b30848811938e51f0b67e7abf7dc,Substantivo
en,English,on,on,adv,,1069,0.8829,0.8979,11.68,766,8e143b899f137cd223c8a45fe2665e88,Advérbio
en,English,book,book,n,sg,29521,0.8829,0.8934,36.27,766,dbfcff53f62c7064cd3af7e2838936f1,Substantivo
en,English,resolve,resolve,vblex,inf,181,0.8831,0.8874,5.9,768,194e6caf4c4350c2830e7714f95309ea,Verbo
en,English,allow,allow,vblex,pres,574,0.8831,0.8803,4.42,768,3c2ea8d46dca9ff5b248d00c03563a8a,Verbo
en,English,doctors,doctor,n,pl,338,0.8831,0.8854,1.24,768,509959f3050264285fe4cb8029d6b384,Substantivo
en,English,bird,bird,n,sg,16504,0.8832,0.8892,15.61,771,f254244207240db11107ffbe433d1e0e,Substantivo
en,English,making,make,vblex,pprs,184,0.8833,0.8867,11.51,772,d73c20ec5d96791f2cf9039864cdc325,Verbo
en,English,degree,degree,n,sg,148,0.8834,0.9,4.26,773,848c745f6f93d765c6b6bafad6f601df,Substantivo
en,English,serve,serve,vblex,inf,184,0.8836,0.8797,7.24,774,4f3c6e9e7e56c0ef45a47d7c6e40ea63,Verbo
en,English,gone,go,vblex,pp;@present_perfect,126,0.8836,0.8976,5.59,774,8e38319e39f5d6c61367076bf9587a6f,Verbo
en,English,battery,battery,n,sg,667,0.8839,0.8911,5.97,776,6da2ca498b5168a1358d05e38f869a4f,Substantivo
en,English,tv,tv,n,acr;sg,574,0.884,0.8851,7.32,777,3145b377e305548ca3e832020ea81ea3,Substantivo
en,English,prison,prison,n,sg,390,0.884,0.9058,6.12,777,683436b0e8291ff20cba9d1a0cec11ee,Substantivo
en,English,magazine,magazine,n,sg,549,0.884,0.8976,79.68,777,a03e4989c57003ff2552d440c6ca7c39,Substantivo
en,English,bed,bed,n,sg,1026,0.884,0.8823,15.99,777,ac8ba1f80de370ddc77ba8de28a02457,Substantivo
en,English,woman,woman,n,sg,55125,0.8841,0.8997,31.96,781,375662ec82debfdebd8215b147848cc7,Substantivo
en,English,string,string,n,sg,322,0.8841,0.8865,4.19,781,61fb5b33c510c9242aceff6be5715f28,Substantivo
en,English,engine,engine,n,sg,582,0.8841,0.8889,6.51,781,cd83635a01fa21f485cb4e9aa8025987,Substantivo
en,English,roof,roof,n,sg,406,0.8844,0.8917,5.34,784,203c3a56a2e23e1f33cae18df86a4bb5,Substantivo
en,English,reduce,reduce,vblex,inf;@future_phrasal,101,0.8845,0.8837,5.93,785,7b5a18a0991de8b41235da01d1a142eb,Verbo
en,English,ago,ago,adv,,792,0.8846,0.9024,8.36,786,0a27664dca412ad3c185ae7efc8b97a0,Advérbio
en,English,discover,discover,vblex,inf,156,0.8846,0.8967,6.42,786,300c6ebd64d1c2034bd096bafa87f6ed,Verbo
en,English,march,march,n,sg,2900,0.8846,0.8978,7.67,786,b27a47dc355c4dad47bbe03694744455,Substantivo
en,English,student,student,n,*numb,2250,0.8847,0.884,5.58,789,5c5254c4cd17bbd9323c59c2b138c28d,Substantivo
en,English,ask,ask,vblex,pres,761,0.8847,0.8918,4.87,789,f73fd207323509cc1a7b5e5dbc15b8e1,Verbo
en,English,represent,represent,vblex,pres,282,0.8849,0.8955,5.44,791,8458d75fc1aba07dc54f937822e25f6b,Verbo
en,English,consider,consider,vblex,pres,889,0.8849,0.9037,5.39,791,d05af64f9110a30ebb4eb77afc07649d,Verbo
en,English,rich,rich,adj,sint,162,0.885,0.9212,6.17,793,a2b93c27dc431ae3917aa260739ebebe,Adjetivo
en,English,believes,believe,vblex,pri;p3;sg,327,0.8851,0.9033,9.2,794,d7840cbbe0562c45c7148cf8d59b4aaf,Verbo
en,English,then,then,adv,,759,0.8852,0.906,10.87,795,6ba7375eec8413dccef70acf4dbf92f1,Advérbio
en,English,shirt,shirt,n,sg,18187,0.8852,0.8896,13.89,795,b493941dee612f9cb734318c210ab257,Substantivo
en,English,keys,key,n,pl,582,0.8853,0.8852,1.51,797,09508877f692f53e2cbb1b5fd1c45e9a,Substantivo
en,English,presented,present,vblex,pp;@present_perfect,112,0.8853,0.904,6.49,797,993c8aa6aa4138027d43f8b00b1bf91d,Verbo
en,English,doctor,doctor,n,*numb,2314,0.8854,0.8848,5.05,799,ed588295e0876a6a4de0031500516dfc,Substantivo
en,English,her,prpers,prn,obj;p3;f;sg,8706,0.8856,0.9062,49.19,800,803fb3436c1cd9be8aeef58b5698083d,Pronome
en,English,me,prpers,prn,obj;p1;mf;sg,19629,0.8857,0.9022,100.15,801,e1edf7bdcb3008f65fdf18db27d3dd7d,Pronome
en,English,boss,boss,n,sg,2471,0.8858,0.8878,6.24,802,f4559b5d5185904b2ae3f32e651a48ef,Substantivo
en,English,now,now,adv,,1808,0.8858,0.8917,13.44,802,fa5a880013033706b07123139f8f2489,Advérbio
en,English,knew,know,vblex,past,188,0.8859,0.8997,7.07,804,1ca93f46ccf3bf6cf9db0942ccf8212c,Verbo
en,English,league,league,n,sg,127,0.886,0.8826,4.86,805,54181f496c8036d0d864857c67f42d9d,Substantivo
en,English,film,film,n,sg,114,0.886,0.8712,5.1,805,d6a415f9c8181e51f3e8bb18335d00b0,Substantivo
en,English,alive,alive,adj,,757,0.8862,0.9072,4.85,807,8c1d755e644e10998e09fccabd7597c5,Adjetivo
en,English,person,person,n,*numb,646,0.8862,0.8905,4.32,807,9de9e561789b62f17cb61e342366262a,Substantivo
en,English,wood,wood,n,sg,148,0.8863,0.905,6.45,809,baa11c5e4d53fd5a23459cf69d014db9,Substantivo
en,English,walking,walk,vblex,ger,591,0.8863,0.895,17.5,809,edf0553ae1e43d42b592f751c5d81eb4,Verbo
en,English,are,be,vbser,pres,69063,0.8865,0.8951,71.36,811,a617ed646a251e339738ce62b84e61ce,vbser
en,English,had,have,vblex,past,256,0.8867,0.9042,12.14,812,8babb84cf276822af265c6886effeeb9,Verbo
en,English,library,library,n,sg,440,0.8867,0.8791,7.65,812,e2bd7f42b6c1e3eb89a073f2a9437a27,Substantivo
en,English,need,need,vblex,inf,237,0.8868,0.886,4.73,814,880c0a7c02dd3caba6d7bebdb2cb2197,Verbo
en,English,ever,ever,adv,,588,0.8868,0.9076,6.54,814,b011cfb5fe75c6c239cac9a4d9c3949f,Advérbio
en,English,sleep,sleep,vblex,inf;@future_phrasal,104,0.8868,0.8743,8.75,814,e0ba5e82c053810076c7e7e96cc0439f,Verbo
en,English,name,name,n,sg,188,0.8869,0.8976,6.57,817,c13ce459170fcf652799c8be8b0955e6,Substantivo
en,English,his,his,det,pos;sp,18105,0.887,0.8934,29.47,818,17632879145d3e2737d11a3a5053dd50,Determinante
en,English,cup,cup,n,*numb,417,0.8873,0.8955,4.56,819,9b3882bce4f3a0d77af900e0aa5fec96,Substantivo
en,English,leaves,leave,vblex,pri;p3;sg,410,0.8873,0.8983,7.47,819,b6ceeda2901b228cce5b4d0e259e3974,Verbo
en,English,brother,brother,n,sg,2304,0.8875,0.8918,5.29,821,3ca92b520aa363de5655ee36d6daed5d,Substantivo
en,English,finds,find,vblex,pri;p3;sg,246,0.8876,0.8959,5.99,822,43740ecd8862346d63c98116846f79de,Verbo
en,English,cultural,cultural,adj,,835,0.8876,0.8992,6.43,822,9cf0df1f0f731535b162cd82d6368f14,Adjetivo
en,English,recover,recover,vblex,inf;@future_phrasal,123,0.8879,0.8971,6.54,824,2486b681d6af23cad187d530c76f34f9,Verbo
en,English,saturday,saturday,n,sg,3815,0.8881,0.9053,11.38,825,3ddc95b54e62a3ea12da5fd8105f59e0,Substantivo
en,English,makes,make,vblex,pri;p3;sg,843,0.8882,0.8994,5.41,826,1a7d3d80baa7305b24bcd3dac58582b3,Verbo
en,English,obtained,obtain,vblex,past,380,0.8882,0.892,11.17,826,2b9943f4f6cb31da16dc6d5158993a96,Verbo
en,English,letter,letter,n,sg,613,0.8882,0.8851,1.24,826,5b39549a1e9bedb73fa6ec8d57fdf05e,Substantivo
en,English,offers,offer,vblex,pri;p3;sg,753,0.8882,0.9042,5.06,826,d022ff8c5658a95b9bfeb7166a8b0821,Verbo
en,English,showed,show,vblex,past,228,0.8882,0.9091,6.57,826,dd9c80632a9181e16b0dfc4bd183307e,Verbo
en,English,supported,support,vblex,past,179,0.8882,0.9103,6.6,826,e75303e9bee4328651d7363c1d90613c,Verbo
en,English,allowed,allow,vblex,past,178,0.8885,0.9016,4.59,832,645939af04843ed9a126dac315c9a6b8,Verbo
en,English,an,a,det,ind;sg,43580,0.8887,0.9003,33.36,833,142ad0f32d08728de0f9955df5b83f32,Determinante
en,English,only,only,adv,,833,0.8887,0.9032,15.64,833,4a4c57cc0632cb297e94efc594db617a,Advérbio
en,English,around,around,pr,,2485,0.8888,0.8937,7.5,835,c7fbcd33042659c66ff2ffcd138e0677,Preposição
en,English,sandwiches,sandwich,n,pl,12493,0.8889,0.8983,12.16,836,8b6401409f89715543edb1e0c707c162,Substantivo
en,English,importance,importance,n,sg,386,0.8889,0.8423,134.48,836,b5c79cfdde528d45d9a4072bb21ea7c2,Substantivo
en,English,indicated,indicate,vblex,past,196,0.889,0.8997,5.31,838,a7a4accc8ef435cdc42261b09c2c9189,Verbo
en,English,hears,hear,vblex,pri;p3;sg,5163,0.889,0.8911,8.12,838,af7deb709ced392081c14270864e43dc,Verbo
en,English,whenever,whenever,cnjsub,,3229,0.8891,0.912,17.34,840,a12914b821497cf027e9a10443a50e76,Conjunção
en,English,dream,dream,vblex,pres,280,0.8892,0.9018,5.78,841,36b8e182edadf1f081735072aaaa3d53,Verbo
en,English,sick,sick,adj,sint,200,0.8893,0.9011,14.18,842,8a1d773861943b46796b4d1c6493c493,Adjetivo
en,English,present,present,vblex,inf;@past,140,0.8894,0.9032,8.78,843,3bd01c2b41d3a93a162c7593a828ae12,Verbo
en,English,strength,strength,n,sg,196,0.8895,0.8779,27.81,844,0b98c18a4160063b0ca8d3cf579ddf7f,Substantivo
en,English,stopped,stop,vblex,pp,282,0.8896,0.9005,6.01,845,56e5f25b6700a1c10324339fa69489a2,Verbo
en,English,edge,edge,n,sg,317,0.8896,0.904,4.22,845,b5eafe5aa6fa5ada1bb05f26d48fb411,Substantivo
en,English,smaller,small,adj,sint;comp,158,0.8896,0.9079,5.33,845,e4d465ec6815416bb392a55fc64cc8a7,Adjetivo
en,English,meat,meat,n,sg,11136,0.8899,0.9029,7.12,848,e4f82622081279ba8af9b7cd6b43259c,Substantivo
en,English,reference,reference,n,sg,120,0.89,0.8884,4.56,849,be5f25c8e588bf32868ae33dd70f2928,Substantivo
en,English,develop,develop,vblex,inf,173,0.89,0.8897,4.98,849,d6a29044d887546f62044414a69fa87b,Verbo
en,English,like,like,vblex,inf;@past,197,0.89,0.9217,10.05,849,e8e602b9f4e2b22ef3b80c2af352c1dc,Verbo
en,English,tried,try,vblex,past,323,0.8901,0.9076,5.93,852,e53907ab368932afea21c8133b0c7671,Verbo
en,English,require,require,vblex,pres,663,0.8903,0.902,4.13,853,406c0f6269e652d2eb70a14f4da1fccc,Verbo
en,English,finished,finish,vblex,past,312,0.8903,0.899,9.79,853,8d0a30808b5f0acc34ce2023fe7c24fb,Verbo
en,English,increase,increase,vblex,inf,207,0.8905,0.8962,7.57,855,1628e7934dddb062d771b9d673b3ce17,Verbo
en,English,appear,appear,vblex,pres,241,0.8905,0.9091,5.42,855,212fb2446194a599e6402adaeb5060f3,Verbo
en,English,see,see,vblex,inf;@future_phrasal,105,0.8905,0.8986,7.54,855,5663008dae6a96a208bfe03e1aabe74b,Verbo
en,English,document,document,n,*numb,404,0.8907,0.8893,6.53,858,887dcc8d1473b188b87c6f3b15ce7be8,Substantivo
en,English,form,form,vblex,inf,187,0.8908,0.8986,6.21,859,19f5ca8d1dc80ba70448ef34d15b2615,Verbo
en,English,clock,clock,n,sg,612,0.8908,0.8961,7.25,859,d66dc205f29ce80e00cc1eb612bbbf7e,Substantivo
en,English,nine,nine,num,sp,558,0.8909,0.8904,5.85,861,27f9565818f71285d9953cf3330ef1b4,Numeral
en,English,red,red,adj,,20339,0.8909,0.8981,20.53,861,8c8952fbf398f996438f9fd5a27f9d38,Adjetivo
en,English,very,very,preadv,,2822,0.891,0.9058,35.7,863,7d481c3b4f96a3a05ab7795a82124d2e,preadv
en,English,died,die,vblex,pp;@future_perfect,130,0.891,0.917,6.55,863,83304ee83f3147433099fe3d832fb956,Verbo
en,English,us,prpers,prn,obj;p1;mf;pl,9819,0.891,0.9155,64.68,863,c032182c0ffb744c963ec83c937a26f4,Pronome
en,English,airport,airport,n,sg,582,0.8911,0.9014,7.89,866,05a555fc9ac3c2ee5c48be59f3698b7c,Substantivo
en,English,up,up,pr,,1168,0.8911,0.8979,8.42,866,e1f9d2bf9d8ffd2bfb55710f698d6dd3,Preposição
en,English,life,life,n,sg,181,0.8913,0.9034,1.3,868,3db778d6d088597ec3c9d25d6dfd4478,Substantivo
en,English,rose,rose,n,sg,126,0.8913,0.8939,6.13,868,d6aa34514aa963e987034a93480b23d7,Substantivo
en,English,reads,read,vblex,pri;p3;sg,20054,0.8914,0.8986,28.36,870,335fe9380e553c323369a8509bcc00f6,Verbo
en,English,ship,ship,n,sg,549,0.8915,0.8986,5.2,871,af30e9f37ad58bf6b62b3e3fbeff6bfa,Substantivo
en,English,touch,touch,vblex,inf,459,0.8916,0.9009,9.56,872,2142fe44da374d16f41e73c393d23c79,Verbo
en,English,present,present,vblex,pres,807,0.8917,0.9019,5.57,873,a597b259295b55777f8c2881d7319c1e,Verbo
en,English,dog,dog,n,sg,31107,0.8917,0.9025,31.28,873,c3c416ec9a16d9ec6f7b96236c5b49e2,Substantivo
en,English,error,error,n,sg,124,0.8919,0.8958,5.3,875,28c8651f37258efa9a831942f36b2f9f,Substantivo
en,English,strawberry,strawberry,n,sg,17006,0.8919,0.8951,8.94,875,bb7ca1ff45b2ac26c875c4e764b48935,Substantivo
en,English,final,final,adj,,926,0.892,0.9113,6.78,877,1f589cb87c447622bf78d481e89d93e4,Adjetivo
en,English,profile,profile,n,sg,123,0.892,0.8866,4.35,877,8f71b89642eec605e67e571b2761ed9c,Substantivo
en,English,write,write,vblex,pres,7753,0.8922,0.8997,16.84,879,7b5af39f73b05b5646396d85314a436e,Verbo
en,English,seems,seem,vblex,pri;p3;sg,949,0.8922,0.9019,7.28,879,b9b8ade18ad037fe7913317f71a0ad37,Verbo
en,English,motor,motor,n,sg,401,0.8923,0.8934,5.89,881,642d438ad6a6e19048b8482d73ba43ad,Substantivo
en,English,looking,look,vblex,ger,145,0.8923,0.8939,6.04,881,d395ea923a63e8acdb3f791c0a962046,Verbo
en,English,worst,bad,adj,sint;sup,179,0.8923,0.9049,5.73,881,f42d591553367edb79ce45ccc448e570,Adjetivo
en,English,best,good,adj,sint;sup,299,0.8924,0.8869,9.84,884,1d70f078645b3f1210bc863531783f9c,Adjetivo
en,English,week,week,n,sg,1041,0.8925,0.8912,1.19,885,304fec3ad06eb8e63080eef2b1e34ff8,Substantivo
en,English,fish,fish,n,sg,36068,0.8925,0.8917,18.96,885,91e1f511d532b80f8ef3fca752f3a237,Substantivo
en,English,love,love,vblex,inf,495,0.8925,0.9091,15.6,885,dabeff7a08fb63164e9f86ef804519cc,Verbo
en,English,good,good,adj,sint,1742,0.8926,0.9027,86.35,888,13ef24400682a983b7a065c998ae50d7,Adjetivo
en,English,better,good,adj,sint;comp,385,0.8926,0.88,9.29,888,9fc831c2d7e627bba06b772b950e25bf,Adjetivo
en,English,day,day,n,*numb,2061,0.8926,0.8959,5.32,888,e68b6e78f7e271d2221c2ea2451c8b9c,Substantivo
en,English,between,between,pr,,4896,0.8927,0.8997,28.77,891,7db6cb705cd5fecf3fa67ee708c8854b,Preposição
en,English,follow,follow,vblex,pres,712,0.8927,0.9134,5.32,891,ba0c0c4ac1f4172ddd910f1981d21432,Verbo
en,English,document,document,n,sg,144,0.8927,0.8856,1.35,891,c3fbdee5a08bc87314f1ffc4ae4cc6d6,Substantivo
en,English,they,prpers,prn,subj;p3;mf;pl,64371,0.8929,0.8989,64.35,894,0a7ad985b6b19b5cfb4723f207220a3d,Pronome
en,English,sing,sing,vblex,pres,189,0.8929,0.9274,7.56,894,f6961332f09e344a1aaf88703eb3096a,Verbo
en,English,play,play,vblex,inf;@past,174,0.893,0.8949,6.55,896,c156ffb0a845e486ffb94b3ad7261071,Verbo
en,English,put,put,vblex,pres,239,0.8931,0.9028,8.27,897,59102881589724d433351061c804d3cd,Verbo
en,English,my,my,det,pos;sp,52476,0.8934,0.8972,146.87,898,1e1f8d730c4ba99ad2873a7608324cf6,Determinante
en,English,tomorrow,tomorrow,adv,,2524,0.8936,0.9054,45.58,899,4fbb6a7657b52acc93ffa3b8a2b3bf9d,Advérbio
en,English,sister,sister,n,sg,2412,0.8936,0.894,2.98,899,a9fc1f324c0d7c99f5cf1c91d3f1ce07,Substantivo
en,English,medicine,medicine,n,sg,337,0.8937,0.9,16.31,901,49be13e31443271f28a234ace28cb91c,Substantivo
en,English,box,box,n,sg,473,0.8939,0.9025,6.25,902,0669084819c5dd99c5f714ab7f672456,Substantivo
en,English,pants,pants,n,pl,12295,0.894,0.9025,8.29,903,dffd11bf98be1b8f39a5f2ae5e8a9568,Substantivo
en,English,returned,return,vblex,pp;@future_perfect,133,0.8941,0.9103,6.38,904,83f7c583e0518e26225f2786d992ff8d,Verbo
en,English,plan,plan,n,sg,133,0.8941,0.907,3.75,904,883e220c44bd9272db5dfdd7bab55126,Substantivo
en,English,sum,sum,n,sg,265,0.8943,0.9081,4.17,906,daa12100dbef10f68bfd4acf8ddfcef6,Substantivo
en,English,numbers,number,n,pl,128,0.8945,0.8903,1.2,907,3a185fe1174df58e9b801b3456f2f023,Substantivo
en,English,win,win,vblex,inf;@future_phrasal,100,0.8947,0.9103,5.44,908,369bb519430ec19184799e66c99b7d6f,Verbo
en,English,or,or,cnjcoo,,7173,0.8947,0.9145,24.11,908,80148baf63314508961d9df0d6f5afcb,Conjunção
en,English,happening,happen,vblex,pprs,151,0.8948,0.8864,4.87,910,a727928cad0cec3eec6d84a2f84edc27,Verbo
en,English,years,year,n,pl,447,0.8949,0.8945,1.06,911,2c2822525a09dc46423af7cbb67fce0d,Substantivo
en,English,internet,internet,n,sg,201,0.8949,0.8956,5.18,911,987cf539941480ee58607e8714a12e79,Substantivo
en,English,which,which,det,itg;sp,8563,0.8949,0.8988,11.01,911,a94a938b71c9bd3352c0811cb5f94d72,Determinante
en,English,problem,problem,n,sg,195,0.8951,0.8939,1.93,914,11e389e8a879d08cdadfb70f57126614,Substantivo
en,English,try,try,vblex,pres,808,0.8951,0.9048,5.21,914,97ff5233ac5b25a158b75d0daa8f0933,Verbo
en,English,author,author,n,sg,2124,0.8953,0.9059,4.58,916,af9415aa82d46169f489573971ac6f59,Substantivo
en,English,comments,comment,n,pl,135,0.8954,0.9005,7.06,917,79145015c9039c554137b805a3787e84,Substantivo
en,English,from,from,pr,,6591,0.8955,0.9003,25.88,918,9b33a8b823bfac8c6c810804cde5bd7a,Preposição
en,English,right,right,n,sg,165,0.8955,0.8989,1.07,918,ba677804129d5c850e88ac0c8506528d,Substantivo
en,English,official,official,adj,,852,0.8955,0.91,5.32,918,ce79095c17cae2c02df55a3492125af1,Adjetivo
en,English,man,man,n,sg,60326,0.8956,0.9044,32.63,921,b974624f112084b39586380fe4aaf32a,Substantivo
en,English,build,build,vblex,inf,175,0.8959,0.9018,4.1,922,b6153d3018b2679294491cbd63c558bb,Verbo
en,English,produces,produce,vblex,pri;p3;sg,285,0.8959,0.8936,5.39,922,c07d6f5732987de1e76dd8ed8e7b91b6,Verbo
en,English,denied,deny,vblex,past,117,0.896,0.9075,6.89,924,6425f56491910004cb88ef702df995fd,Verbo
en,English,called,call,vblex,pp;@future_perfect,133,0.896,0.9158,7.32,924,78af0d4efc86dd5a3c4c9a7124f82574,Verbo
en,English,sun,sun,n,sg,176,0.896,0.898,7.59,924,bf15d4b047607462a890f3d083d27147,Substantivo
en,English,thing,thing,n,*numb,404,0.8962,0.8912,6.02,927,4078e730841ec2277f4c59e109a87ff7,Substantivo
en,English,two,two,num,sp,3113,0.8963,0.9004,47.81,928,50b8fc9570bc3b7ee199ea9663e23d5f,Numeral
en,English,read,read,vblex,inf;@future_phrasal,143,0.8963,0.9156,17.34,928,b1179442ee1daec07fdebeaecfc4e0b8,Verbo
en,English,rice,rice,n,sg,40866,0.8963,0.8998,23.91,928,b314eb04f77f9a6f277a4f6546d51287,Substantivo
en,English,weak,weak,adj,sint,105,0.8965,0.9073,3.46,931,17fc798b6d6b0fa6b40b7b9cf9417bc2,Adjetivo
en,English,train,train,n,sg,1209,0.8965,0.9055,12.86,931,4cc610dd8b6b8795c80b539f86ba6ab3,Substantivo
en,English,over,over,pr,,2255,0.8966,0.9086,12.25,933,eb30cbfa1de02d148b2e79da75841501,Preposição
en,English,answer,answer,vblex,inf;@past,155,0.8968,0.9209,5.88,934,6ff4f1621ecadcd6dd5a7e6892745fcb,Verbo
en,English,thing,thing,n,sg,289,0.8968,0.8939,6.79,934,e4b2c07cb3c5ce11444052137355a6ed,Substantivo
en,English,bit,bit,n,sg,2239,0.8969,0.9072,8.3,936,6909190763d72ec8624110d0fb200d75,Substantivo
en,English,produced,produce,vblex,pp;@past_perfect,126,0.897,0.9027,10.43,937,f39c34b2ae62e1b8017a8c12ee6cf21e,Verbo
en,English,dogs,dog,n,pl,19850,0.897,0.9072,10.94,937,f8fdb9076b95ddccaccdbad286b0b558,Substantivo
en,English,important,important,adj,,1438,0.8971,0.9082,9.03,939,1ff2b754583fde366e98a85a98412c1e,Adjetivo
en,English,speak,speak,vblex,inf,648,0.8971,0.9045,20.37,939,bc7e4a72a1091489e5e239732acdf276,Verbo
en,English,neighborhood,neighborhood,n,sg,341,0.8971,0.9167,4.82,939,ecb399f37a86545e6f87ec4c61a3a73d,Substantivo
en,English,our,our,det,pos;sp,29941,0.8972,0.9069,34.65,942,2b97dce464f0a69324ffd2955a7eff1f,Determinante
en,English,skirt,skirt,n,sg,12599,0.8972,0.8989,9.57,942,b8b55f8044c9109cc9c06da459568e7c,Substantivo
en,English,know,know,vblex,inf;@past,146,0.8973,0.9023,9.1,944,c886014e35c19ab0d026fffa0ffb7f0c,Verbo
en,English,september,september,n,sg,2720,0.8973,0.9034,6.82,944,db791b724207271ae29dbe9f108f0044,Substantivo
en,English,siblings,sibling,n,pl,2142,0.8974,0.9053,6.4,946,f0bd815e69fde7a143183ba73e607118,Substantivo
en,English,bicycle,bicycle,n,*numb,764,0.8975,0.8953,6.27,947,3af8b340c22223d083219f1eaa7b0add,Substantivo
en,English,channel,channel,n,sg,116,0.8975,0.9159,9.77,947,d5af77827f4f395c41b2d83b47143f84,Substantivo
en,English,different,different,adj,,1583,0.8977,0.9025,8.11,949,b84c62a98f8a74d426aba21dc61632c2,Adjetivo
en,English,profession,profession,n,sg,1793,0.8978,0.9085,4.72,950,444d9b791951de06bd1b5662ac8aa643,Substantivo
en,English,created,create,vblex,pp;@future_perfect,112,0.8981,0.9218,7.3,951,79d4810ac7080f5c335659471a5166f2,Verbo
en,English,take,take,vblex,inf,228,0.8982,0.9057,6.82,952,8d9796c746edfddaf6fdb7615e68bc10,Verbo
en,English,explains,explain,vblex,pri;p3;sg,248,0.8983,0.8976,5.01,953,7e4a9fa77bc6a77cb29cc3bfb3e7ca54,Verbo
en,English,cat,cat,n,sg,31404,0.8984,0.9085,25.07,954,6b945b144608aa4e5b254baf20e2be77,Substantivo
en,English,the,the,det,def;sp,30161,0.8984,0.9136,34.43,954,d5efc552aaea3109eb5388aa1ec8673d,Determinante
en,English,room,room,n,*numb,402,0.8984,0.9023,3.53,954,f4ded1da13cbfa116b3a7d6703962022,Substantivo
en,English,class,class,n,sg,180,0.8986,0.9136,1.22,957,81fc538a4f5872778a5a09dc8e8b32dd,Substantivo
en,English,both,both,det,ind;pl,256,0.8986,0.9129,6.04,957,bc306f4c216c239366bf1f49af6a296b,Determinante
en,English,drinks,drink,vblex,pri;p3;sg,57518,0.8987,0.9069,44.75,959,01669d9689c5cf2ec04c58a893f02ab6,Verbo
en,English,baby,baby,n,*numb,636,0.8988,0.9042,4.45,960,1b8428cc9ecb52f7f4e9d30cda66ec38,Substantivo
en,English,opposite,opposite,adj,,669,0.8989,0.9099,4.33,961,3688235a6f388e25dfb299a6291a9edf,Adjetivo
en,English,hospital,hospital,n,sg,220,0.8989,0.8917,8.13,961,fb6430066cbb7050dfa46ac0ee40d868,Substantivo
en,English,spend,spend,vblex,pres,265,0.899,0.915,7.54,963,3a5e28f163b947d9e0557bff794c94ab,Verbo
en,English,work,work,vblex,inf;@past,158,0.8991,0.9059,5.52,964,32ebeb6a00ada95fcfbd9b713cfc23fc,Verbo
en,English,receives,receive,vblex,pri;p3;sg,275,0.8991,0.9218,6.84,964,d990f1571076c2afeb9862c61f2526c8,Verbo
en,English,city,city,n,*numb,445,0.8991,0.895,3.8,964,e00d5fd30eb8c418680c426a848abbe9,Substantivo
en,English,count,count,vblex,pres,359,0.8992,0.9028,5.62,967,a56bd54ffb1025b61758e95e18e8b4d6,Verbo
en,English,explanation,explanation,n,sg,327,0.8992,0.9055,4.93,967,d3694f36d6eb498355cb04c47f6562e8,Substantivo
en,English,those,that,prn,tn;mf;pl,494,0.8993,0.9052,6.2,969,cb8a8225ee734ad80f660b522411fb6e,Pronome
en,English,conference,conference,n,sg,586,0.8995,0.9018,5.69,970,365d7a483a79965661eb6d2b82bbb234,Substantivo
en,English,chain,chain,n,sg,389,0.8995,0.9193,6.59,970,ce9dd111f033b217c56438dc4f3c12c2,Substantivo
en,English,hope,hope,n,sg,137,0.8996,0.9099,5.04,972,3cfd783516b85a3bb5306b917cd97913,Substantivo
en,English,type,type,n,sg,217,0.8996,0.9211,8.24,972,f9335693790c492ee8ec8bd90bc1e9f9,Substantivo
en,English,girl,girl,n,sg,59105,0.8997,0.9105,29.05,974,547bb1812414cec172b0afef5ca93fce,Substantivo
en,English,if,if,cnjsub,,4392,0.8997,0.9067,12.19,974,dc1e5b7d01d76c0719ee823c6b9c5b1f,Conjunção
en,English,aunt,aunt,n,sg,3736,0.8998,0.9111,18.77,976,46341b7c7585f24c7f59ddfd73e02fa9,Substantivo
en,English,it,prpers,prn,subj;p3;nt;sg,48820,0.8998,0.9023,33.01,976,c7cdabd85f63506807f8d856897a2089,Pronome
en,English,cats,cat,n,pl,22568,0.8999,0.918,15.35,978,c2931f12f84e49c84d224cbbdc8a504b,Substantivo
en,English,design,design,n,sg,155,0.9,0.8831,7.28,979,19eefa45b39b52679c64d95ff946a852,Substantivo
en,English,short,short,adj,sint,187,0.9,0.9094,5.7,979,2f08fc53c3616958c575a9dd5e4fa290,Adjetivo
en,English,amount,amount,n,sg,210,0.9,0.914,4.3,979,ae16425e4fe31dda1c8e1f7d4bafa910,Substantivo
en,English,study,study,vblex,inf,140,0.9001,0.9095,11.71,982,2c130f2e5eeaecaa2ea18827f491a3b5,Verbo
en,English,beef,beef,n,sg,14910,0.9002,0.9067,7.7,983,b1d3c09c2fbf94a1bfa279ea186b9a12,Substantivo
en,English,consult,consult,vblex,inf,207,0.9002,0.9091,7.77,983,f618e2e97b2b1700ce41a3939bb35cac,Verbo
en,English,june,june,n,sg,2529,0.9004,0.9061,8.18,985,103f6339b11202f32c1340b9fda6c56b,Substantivo
en,English,class,class,n,*numb,1207,0.9004,0.892,4.99,985,9e4adc6c7e45f8f99b590c51a82886fc,Substantivo
en,English,bank,bank,n,sg,524,0.9006,0.9078,5.16,987,3213d1106ca838290fb85af2553b0082,Substantivo
en,English,supports,support,vblex,pri;p3;sg,287,0.9006,0.9067,6.76,987,6214e566c43eaf30a2b0a95d3e552116,Verbo
en,English,door,door,n,sg,996,0.9007,0.9056,21.84,989,6f07ae77f26bae40e06dc1e8e90046e3,Substantivo
en,English,listen,listen,vblex,pres,2673,0.9007,0.8995,5.03,989,b830ca5fa936b0cff94fe712d6847f29,Verbo
en,English,finish,finish,vblex,inf,173,0.9008,0.9017,5.47,991,ae8d3297eeff73e9f3931c6a6973e02f,Verbo
en,English,we,prpers,prn,subj;p1;mf;pl,74614,0.9008,0.9052,70.52,991,b968b069e4e2c04848e9f8924e34c031,Pronome
en,English,tries,try,vblex,pri;p3;sg,416,0.9009,0.9157,14.09,993,92a1958cff9926895affe7af378f53fa,Verbo
en,English,follow,follow,vblex,inf;@past,161,0.9011,0.8913,7.7,994,9b73e7fecb25f569d14ba75b5fd83811,Verbo
en,English,birth,birth,n,sg,1973,0.9011,0.905,5.22,994,ff8c68bd60583bd938ea52595b36d878,Substantivo
en,English,letters,letter,n,pl,355,0.9014,0.8995,1.12,996,b419b622e357665b1f4fa0073a9c5ea2,Substantivo
en,English,any,any,det,ind;sp,448,0.9016,0.9094,10.32,997,791999e58f17fdd40d6ee18425a8d25f,Determinante
en,English,few,few,det,qnt;pl,1171,0.9017,0.9058,7.09,998,592775d33ae026dd083ec15ee686942f,Determinante
en,English,feel,feel,vblex,inf;@past,154,0.9018,0.9198,6.29,999,0afceb588a7df2467d54bb70445adaaf,Verbo
en,English,ill,ill,adj,sint,247,0.9021,0.9011,9.15,1000,6e2165fe6a3b60a2c55d74b422b2aeb3,Adjetivo
en,English,create,create,vblex,inf,171,0.9021,0.9083,4.42,1000,f0204b3458fcc4ddee5211892466165c,Verbo
en,English,answer,answer,vblex,inf,150,0.9022,0.9205,6.21,1002,6f6fe24c6b17abf8a1f6374fd81c209a,Verbo
en,English,stage,stage,n,sg,2675,0.9022,0.9099,5.38,1002,d53ef58031aa5a330da0ec04cb8b217d,Substantivo
en,English,hate,hate,vblex,pres,128,0.9023,0.9162,2.89,1004,e14184743a6f6d7474d5eb2f40f43a8f,Verbo
en,English,brother,brother,n,*numb,2044,0.9024,0.9002,5.92,1005,33edaaffdad5491d67ed5ade87394b40,Substantivo
en,English,eat,eat,vblex,pres,66569,0.9024,0.9079,45.21,1005,a826c47947d68549fa81e19cafa57ba0,Verbo
en,English,bread,bread,n,sg,48581,0.9025,0.906,31.12,1007,5e29d77697d23070a1fb92eb6c90e9b6,Substantivo
en,English,commission,commission,n,sg,489,0.9026,0.9091,5.24,1008,b1b5231a21bce08b2f86b5b47a4abebd,Substantivo
en,English,teeth,tooth,n,pl,121,0.9026,0.9138,4.48,1008,bca6b3ebb36ddc5442c05e4cd931114b,Substantivo
en,English,lets,let,vblex,pri;p3;sg,1118,0.9027,0.9048,18.71,1010,664493de34e9d3053be66fc77a3e7ed6,Verbo
en,English,visits,visit,vblex,pri;p3;sg,232,0.9028,0.9207,5.77,1011,33e7dfa6710e46b9188e5d4e640345f0,Verbo
en,English,office,office,n,sg,152,0.903,0.8974,1.08,1012,02526697b4a3f47139e600ad080ca610,Substantivo
en,English,daughter,daughter,n,*numb,2068,0.903,0.908,4.8,1012,ce899039295f9cb39e3567b44c487052,Substantivo
en,English,agree,agree,vblex,inf,102,0.9033,0.9148,4.04,1014,507b1a8e6ea3fd05c4ef470e0499ffea,Verbo
en,English,feel,feel,vblex,pres,1044,0.9035,0.9093,6.55,1015,0e38de7c261a4377bfc5cf1666458cad,Verbo
en,English,mix,mix,vblex,pres,383,0.9035,0.9119,5.67,1015,f34be3ccd4454a41b2e4f753e08cd636,Verbo
en,English,cooked,cook,vblex,past,243,0.9037,0.9225,5.21,1017,78c4329bbe3671708837247e98b6f651,Verbo
en,English,monday,monday,n,sg,3189,0.9038,0.9127,10.28,1018,93bce7507d07faa46b1fbc9671ca32b6,Substantivo
en,English,computer,computer,n,sg,792,0.9038,0.9154,9.09,1018,eb94d71d2ab1d501b230eee9d287fe73,Substantivo
en,English,change,change,vblex,inf,242,0.9039,0.9055,5.69,1020,38ccb42fa42bb107645c6075b1fbb3ef,Verbo
en,English,months,month,n,pl,1627,0.9039,0.9055,1.28,1020,3f8cf5ab1ec154ce7b64c30ca2d28e5a,Substantivo
en,English,square,square,n,sg,379,0.9041,0.9067,4.22,1022,533de95f82a173c66d668d653fad3791,Substantivo
en,English,together,together,adv,,577,0.9041,0.9133,6.42,1022,85dcfa1c4df20d151f7bb171aa04530b,Advérbio
en,English,special,special,adj,,1116,0.9042,0.9158,6.61,1024,d70617063e4c822f77fb79ed7d355b33,Adjetivo
en,English,call,call,vblex,pres,905,0.9043,0.9187,6.09,1025,def0d5139732f5d872c44a64565eed0a,Verbo
en,English,determined,determine,vblex,pp,282,0.9044,0.9074,6.23,1026,444a2474c28c9536cc78e0c780c94e31,Verbo
en,English,letter,letter,n,*numb,434,0.9044,0.9045,7.18,1026,4d797642fdbd42aa8c8ca873b1539795,Substantivo
en,English,musical,musical,adj,,744,0.9044,0.8999,4.71,1026,9438cd3da7b390813e302c453db2d6f7,Adjetivo
en,English,whom,whom,rel,an;mf;sp,387,0.9044,0.9198,10.65,1026,fecde9c00351873b9fab7864afd1442f,rel
en,English,yet,yet,adv,,576,0.9047,0.9186,7.13,1030,2d54ff4622b28832bc4afb12c1b1404f,Advérbio
en,English,night,night,n,*numb,2358,0.9047,0.9083,5.6,1030,37201b89e4ea908d51ccf43058c701b0,Substantivo
en,English,committee,committee,n,sg,644,0.9048,0.9112,6.81,1032,f8bcf66f78b6825ff3929fb55c4227af,Substantivo
en,English,minimum,minimum,adj,,666,0.9049,0.9093,5.15,1033,a6734a0af54a53efca9744fed25f1f11,Adjetivo
en,English,interested,interest,vblex,pp,277,0.9051,0.9032,4.45,1034,0af1fca63d6c714031d5b4d1972a0685,Verbo
en,English,know,know,vblex,pres,3334,0.9051,0.9122,8.37,1034,65d6f70d776d8b8ae160cb7252cdc20a,Verbo
en,English,comes,come,vblex,pri;p3;sg,1070,0.9052,0.9111,6.33,1036,0994fd6347018123d2b848cc0ac0309d,Verbo
en,English,sweet,sweet,adj,sint,180,0.9052,0.8889,5.58,1036,2a63608e2680b931e5e2f22bfff6fb5f,Adjetivo
en,English,advantage,advantage,n,*numb,482,0.9052,0.8803,91.42,1036,6afc7bdd723d870e833f75f37085162a,Substantivo
en,English,bear,bear,n,sg,15640,0.9053,0.916,15.04,1039,7dd6b30fc37ca73482a4d629bd93dac0,Substantivo
en,English,offer,offer,vblex,inf,243,0.9053,0.9141,6.68,1039,8103741f16fcee1466b543548781a776,Verbo
en,English,increase,increase,vblex,pres,611,0.9054,0.9211,5.61,1041,3062f4654354d1c7821ad16137f5219c,Verbo
en,English,pure,pure,adj,sint,168,0.9054,0.9088,5.2,1041,33b2835ef310689ebe398d798c7fa9b3,Adjetivo
en,English,usually,usually,adv,,431,0.9054,0.9159,5.78,1041,3edcfae2bcb5fb3e82a0f43943a7bc00,Advérbio
en,English,happy,happy,adj,sint,230,0.9054,0.9107,11.98,1041,73d6b9ee9a4d1ec39688b57a2dd3bc54,Adjetivo
en,English,walk,walk,vblex,pres,7458,0.9054,0.9098,10.94,1041,e41e0391916896ce8d865838f59022b6,Verbo
en,English,rest,rest,n,sg,107,0.9055,0.9091,5.88,1046,2be0146c0e0dae1b172f46db92edb5a0,Substantivo
en,English,visit,visit,vblex,inf,119,0.9055,0.9289,4.86,1046,626a26426c8b59e77f9936f74350778f,Verbo
en,English,try,try,vblex,inf,180,0.9056,0.9137,6.48,1048,4ad9be27959bc6fe715bd27eab7dd3b8,Verbo
en,English,staff,staff,n,sg,1613,0.9056,0.9089,3.51,1048,5af080acc2f10aa64cb6909656e85c28,Substantivo
en,English,children,child,n,pl,21837,0.9056,0.9109,27.85,1048,6e1c0e08775739d1199b562cd3a2e738,Substantivo
en,English,youth,youth,n,sg,471,0.9056,0.9071,4.91,1048,cf1d2df330cc5a26188457b94076b552,Substantivo
en,English,sorry,sorry,adj,sint,128,0.9056,0.9163,7.4,1048,e921b352182518d83dd88981cb6453cd,Adjetivo
en,English,tourist,tourist,n,sg,696,0.9057,0.9116,11.47,1053,566abe9998d4dac732f7b51d251e6207,Substantivo
en,English,information,information,n,sg,133,0.9059,0.9018,8.79,1054,1a98a367eacb2cfffd0c0d1729e5464e,Substantivo
en,English,foot,foot,n,*numb,101,0.9059,0.9037,3.91,1054,b32ebad432bf8219361b68dc79f38c42,Substantivo
en,English,sometimes,sometimes,adv,,530,0.9059,0.9225,6.04,1054,fbe67675995a14ca58c2add83bfeb82e,Advérbio
en,English,morning,morning,n,sg,3890,0.9061,0.913,11.79,1057,03b4dc0d4f3687f700b89fd636758868,Substantivo
en,English,say,say,vblex,pres,3333,0.9062,0.9191,7.31,1058,b468896bf9b7ff188e1bf466b84675c0,Verbo
en,English,you,prpers,prn,subj;p2;mf;sp,29416,0.9063,0.9095,22.06,1059,d08cf940a72a6e1df3a6ae6bbd9f100f,Pronome
en,English,white,white,adj,sint,16843,0.9063,0.908,19.7,1059,f42865f53c4d50746ed9bb08fe1fdfd8,Adjetivo
en,English,milk,milk,n,sg,48624,0.9064,0.9083,33.59,1061,55f383178cf0fdc463ef1ebf91bd288d,Substantivo
en,English,idea,idea,n,sg,186,0.9064,0.9124,1.35,1061,754624172e72c96413dae1868c85668a,Substantivo
en,English,help,help,vblex,inf,123,0.9065,0.9424,3.75,1063,44945ecff9362fef6dc59e8408b11e19,Verbo
en,English,per,per,pr,,534,0.9065,0.901,9.69,1063,698d3c69786678c8d171adcc4653d8b4,Preposição
en,English,read,read,vblex,pp,300,0.9065,0.9117,7.02,1063,cacfec82337693293cf6760d824ef6af,Verbo
en,English,husband,husband,n,sg,3320,0.9065,0.9168,16.03,1063,d241cf80b2938ee47c4bc4ebfc77930d,Substantivo
en,English,flowers,flower,n,pl,213,0.9069,0.9113,1.61,1067,ba7b7573f7d28e37027c365d4a5703c6,Substantivo
en,English,because,because,cnjadv,,4053,0.907,0.9241,16.8,1068,0cd82646c611fbd2bc0e6a0e9f2ad218,cnjadv
en,English,requires,require,vblex,pri;p3;sg,292,0.907,0.9159,5.66,1068,720e3776416017dd5ceb09d6e381ede2,Verbo
en,English,is,be,vbser,pri;p3;sg,97738,0.9071,0.9154,132.57,1070,97e922f780d628eac638bea7a02bf496,vbser
en,English,finally,finally,adv,,492,0.9072,0.9168,5.91,1071,5d18cd4fabff702610801f518e44c713,Advérbio
en,English,brothers,brother,n,pl,577,0.9073,0.9091,1.54,1072,f8a30f76f66c915fc4f94252aef81bcf,Substantivo
en,English,announced,announce,vblex,past,174,0.9079,0.9112,6.35,1073,e1a6b64d2b069ae196fa3457e2f967ba,Verbo
en,English,cooked,cook,vblex,pp;@present_perfect,124,0.908,0.9249,7.47,1074,3e5fcb9ebce115a789a75d9e142662e9,Verbo
en,English,remember,remember,vblex,inf,214,0.9081,0.9251,6.54,1075,65bf6c3ba0156fae1f1b0007724192ae,Verbo
en,English,alternative,alternative,n,sg,117,0.9081,0.9026,3.64,1075,96612602c2af2a330c592bd0aa8e1964,Substantivo
en,English,tongue,tongue,n,sg,118,0.9082,0.8963,4.77,1077,d7a4dac165830729f935ea85e7764ca9,Substantivo
en,English,cause,cause,n,sg,120,0.9083,0.9124,5.59,1078,05d822d70754e682c7693a7150d5eb9a,Substantivo
en,English,sell,sell,vblex,inf,208,0.9083,0.9098,4.88,1078,2d491adc31ec72177253ad0eebc0e482,Verbo
en,English,noise,noise,n,sg,103,0.9083,0.9139,6.64,1078,6c0ed9654b71fa27d1fa117158a9e756,Substantivo
en,English,welcome,welcome,adj,,823,0.9084,0.9233,5.41,1081,502401ed8fd20da22cc2d76c3f43328c,Adjetivo
en,English,skirts,skirt,n,pl,11893,0.9084,0.9163,8.46,1081,f857a8c1b24263f0b007ae82c24c008d,Substantivo
en,English,west,west,n,sg,479,0.9086,0.9115,4.8,1083,56393aea813d2528e36fbd99fca2491d,Substantivo
en,English,teacher,teacher,n,*numb,366,0.9086,0.9034,5.55,1083,e0391871fc43e15b095bb7323c98ae94,Substantivo
en,English,mark,mark,vblex,pres,630,0.909,0.9181,4.33,1085,621442498e8c1378ce99d1e2705b841f,Verbo
en,English,ease,ease,n,sg,284,0.909,0.9085,112.56,1085,77b7fa89b5f3e3625f12aaf99b398691,Substantivo
en,English,motorcycle,motorcycle,n,sg,941,0.909,0.9172,7.46,1085,88b4ca9b2c769a10529b6648958ac62c,Substantivo
en,English,education,education,n,sg,381,0.9091,0.9179,5.1,1088,062151ab00e9503968d15b4cee82958d,Substantivo
en,English,books,book,n,pl,14791,0.9091,0.9203,10.75,1088,f6fd61a3465e663d4a6a7128570a59d1,Substantivo
en,English,language,language,n,sg,184,0.9092,0.9212,4.83,1090,572e48782525c648b4e40af0e27a9fde,Substantivo
en,English,dust,dust,n,sg,540,0.9093,0.9193,8.43,1091,3d96ad4f4bf6909c5763bef6a168b923,Substantivo
en,English,departure,departure,n,sg,636,0.9094,0.9244,10.71,1092,ed7f926a26e30ba5eeb581f7c6dcd198,Substantivo
en,English,august,august,n,sg,3605,0.9096,0.9153,9.59,1093,b060c7530d3249ae65eab81e48e7df62,Substantivo
en,English,about,about,adv,,852,0.9097,0.918,6.53,1094,35e4ed5811c8fd0c747c3752e424905e,Advérbio
en,English,documents,document,n,pl,109,0.9098,0.904,1.15,1095,10cf979c3173bb5f996877eb83024872,Substantivo
en,English,why,why,adv,itg,9672,0.9098,0.915,11.1,1095,42a04e2ae9d5fa727980f034f19ae877,Advérbio
en,English,make,make,vblex,pres,3889,0.9098,0.9176,8.82,1095,b6e575d3d2118f0fe81b554220f87fde,Verbo
en,English,machine,machine,n,sg,490,0.9098,0.909,5.36,1095,cfba9f33249843103a4c1dd6050dacdf,Substantivo
en,English,eight,eight,num,sp,484,0.9099,0.9208,7.61,1099,e2858a4e6b8da948d1faf238980151ea,Numeral
en,English,necessary,necessary,adj,,1129,0.9101,0.9188,9.69,1100,013847d897db3a32e994b9f6484ec486,Adjetivo
en,English,where,where,rel,adv,416,0.9101,0.9283,12.73,1100,674b0762f9937018d8f13f542b06cb09,rel
en,English,open,open,vblex,inf,130,0.9103,0.9375,8.45,1102,eaeeffefb5cb91774015cdf31815d818,Verbo
en,English,clothes,clothes,n,pl,8150,0.9105,0.9148,6.28,1103,5c1f70dd4ac671161963d4adbd17d725,Substantivo
en,English,write,write,vblex,inf,432,0.9105,0.9229,10.39,1103,7e1a1451a3ea6dd2bc12eae0e9750566,Verbo
en,English,birds,bird,n,pl,11341,0.9105,0.9217,9.99,1103,a8b4c0f9fab0d467c1803f1cb90adf5d,Substantivo
en,English,water,water,n,sg,50101,0.9106,0.9193,41.02,1106,c52ab45d4e22ee7580041911159e3c0c,Substantivo
en,English,afternoon,afternoon,n,sg,4678,0.9107,0.9115,10.01,1107,e0aa39569dc04dde716999653ed53a0e,Substantivo
en,English,working,work,vblex,ger,113,0.9108,0.8994,4.81,1108,4684b6bb8f08b7ed8dc2553f81101595,Verbo
en,English,when,when,adv,itg,7956,0.9108,0.9143,10.29,1108,aaf58e27968fec878d5a055ba7475be3,Advérbio
en,English,like,like,vblex,pres,11290,0.9109,0.9115,22.71,1110,e5f2357532c98ffe4d56cd17b08fbb02,Verbo
en,English,site,site,n,sg,364,0.911,0.9236,4.42,1111,1e01272d78e9023cf12d80466c832705,Substantivo
en,English,flower,flower,n,*numb,103,0.911,0.9126,5.75,1111,9af5185872714ebcaebe60715f85301b,Substantivo
en,English,where,where,adv,itg,12637,0.9111,0.9154,17.98,1113,a6f949fa049279ad56980bfe6cf500f4,Advérbio
en,English,teaching,teach,vblex,ger,227,0.9112,0.9078,5.2,1114,8c7d80dfd8a5b9049031eb0e10e14854,Verbo
en,English,writer,writer,n,sg,2045,0.9113,0.9126,5.25,1115,3afc6d812aa6ea3a4220d10f86a705c9,Substantivo
en,English,lost,lose,vblex,past,179,0.9114,0.9357,6.34,1116,d2526181b8925e173581ed17ec2974c6,Verbo
en,English,shut,shut,vblex,inf,143,0.9114,0.9149,5.42,1116,eb9ab108bc54c8b7f740b02cde5b76ac,Verbo
en,English,eye,eye,n,*numb,113,0.9115,0.8917,5.35,1118,63b917807e7e582ad83e0780644afcb4,Substantivo
en,English,fill,fill,vblex,pres,279,0.9115,0.9242,4.82,1118,951e97b140efa8ed9f21e4b09492f6a7,Verbo
en,English,spoon,spoon,n,sg,797,0.9117,0.9193,8.48,1120,af6b32e3c82417b90a9559419836f3da,Substantivo
en,English,giving,give,vblex,pprs,182,0.9121,0.9268,44.65,1121,64b9561badffc326a007ad40e67c6bfc,Verbo
en,English,see,see,vblex,pres,5407,0.9121,0.9152,12.63,1121,93ae36a89a469b659333b902b769ec80,Verbo
en,English,belong,belong,vblex,inf,181,0.9122,0.9255,6.31,1123,621649b13164630ced3da1e1bf78088c,Verbo
en,English,million,million,num,sp,256,0.9122,0.9253,3.61,1123,af8a9f3edf4122ff4492e951fb281e98,Numeral
en,English,added,add,vblex,past,164,0.9122,0.9114,7.63,1123,d6232e31b4b5df7fe1023a1dc6028aeb,Verbo
en,English,body,body,n,*numb,114,0.9123,0.9185,3.48,1126,7fe44f3c72c18c9486b0a9270ed5726f,Substantivo
en,English,work,work,n,sg,2215,0.9123,0.9175,4.53,1126,d2fd07337d16c1241feef18f2dbc3b07,Substantivo
en,English,goes,go,vblex,pri;p3;sg,5736,0.9125,0.9187,8.21,1128,7820d868bac53055406806fa8b2d4ac3,Verbo
en,English,says,say,vblex,pri;p3;sg,3670,0.9126,0.9254,8.99,1129,b405b9a3c581d4305c0326378d7c4b0d,Verbo
en,English,happened,happen,vblex,past,170,0.9127,0.9175,8.75,1130,7d2b4c9c09cc39e095db24a7a060a509,Verbo
en,English,without,without,pr,,3538,0.9127,0.9243,15.58,1130,87eed73ea0af0f2f1f82808034433536,Preposição
en,English,wine,wine,n,sg,25587,0.9127,0.9208,20.31,1130,c9fb923e49d5cba24b5afb9ee1cff2a9,Substantivo
en,English,really,really,preadv,,747,0.9127,0.9224,6.51,1130,eac914431ff33944bd3ac1571aa92f62,preadv
en,English,powder,powder,n,sg,461,0.9129,0.9224,7.09,1134,94cf4b7c9ae577d7cff4fc8bb2fc6fe4,Substantivo
en,English,nation,nation,n,sg,411,0.913,0.9226,5.53,1135,8d25515d6a359d2ce24405dd5af9c68e,Substantivo
en,English,whose,whose,prn,itg;mf;sp,7620,0.9131,0.9164,9.53,1136,487ce8262508986af0cba5beeb89e127,Pronome
en,English,soup,soup,n,sg,17593,0.9131,0.9179,8.26,1136,caf87ffb7428eb2a20712222890aa8d1,Substantivo
en,English,sleep,sleep,vblex,pres,5476,0.9132,0.9312,9.83,1138,9c2869c9ee9e46c450ad325ba3048261,Verbo
en,English,wheel,wheel,n,sg,340,0.9132,0.91,4.53,1138,adf0649641c9096cfae9142c16b63f21,Substantivo
en,English,cooks,cook,vblex,pri;p3;sg,6438,0.9132,0.9209,8.9,1138,e5cff356d2bafc587fbc1029a1441249,Verbo
en,English,protection,protection,n,sg,127,0.9134,0.9153,4.02,1141,05f9be8726858cf2b51ec526aa3f347d,Substantivo
en,English,bathroom,bathroom,n,sg,634,0.9134,0.9219,6.79,1141,5a9f4b0b15f776a0969a77b4da979a98,Substantivo
en,English,juice,juice,n,sg,20034,0.9135,0.9207,13.14,1143,165dc4d4b42c9d825cb913541fdd09a7,Substantivo
en,English,come,come,vblex,inf,185,0.9135,0.9203,5.12,1143,94f77c85798f0338113fa429b97594cd,Verbo
en,English,improve,improve,vblex,inf,191,0.9136,0.8963,5.0,1145,242d3f0b480e163a86f5d23a683164ca,Verbo
en,English,reserves,reserve,vblex,pri;p3;sg,228,0.9136,0.9188,5.57,1145,67650de484f3e879550ae082cea8d298,Verbo
en,English,interesting,interesting,adj,,700,0.9136,0.929,5.45,1145,a1cd4d1203516423ddad398d8fc237e5,Adjetivo
en,English,sad,sad,adj,,980,0.9137,0.9397,11.11,1148,21c9c7d36cb4d6fe20a0fe42fdd5b357,Adjetivo
en,English,mountain,mountain,n,sg,130,0.9138,0.9128,4.93,1149,8b17eaaff4d2c81ddb45fa00dc79879a,Substantivo
en,English,previously,previously,adv,,387,0.9139,0.9227,4.86,1150,c16868a82934c46c53929d9d6cbfd684,Advérbio
en,English,model,model,n,sg,380,0.914,0.9157,1.13,1151,2cd813db9d58f18ca0e79411c3321713,Substantivo
en,English,solution,solution,n,*numb,126,0.914,0.9157,4.17,1151,84408dde7e3eb76519018fc0912c48c6,Substantivo
en,English,phase,phase,n,sg,2162,0.914,0.9153,5.75,1151,c76d36f47e394429d9c14d2088e4a85c,Substantivo
en,English,ours,ours,prn,pos;mf;sp,437,0.9142,0.925,6.41,1154,f58eb921983e1180fab243be5c808f6d,Pronome
en,English,beer,beer,n,sg,16563,0.9143,0.922,10.03,1155,92545dc760008a4cdb29e841e6121952,Substantivo
en,English,shoes,shoe,n,pl,15949,0.9143,0.9195,13.27,1155,dfc953d62306359e46f8fe77fe4fa6c8,Substantivo
en,English,nobody,nobody,prn,tn;m;sg,360,0.9145,0.9201,12.26,1157,69480f8508a48889b736da3cdabe0ad9,Pronome
en,English,zone,zone,n,sg,569,0.9145,0.9176,6.01,1157,a22e954363bc2812493f94d81d6782ac,Substantivo
en,English,includes,include,vblex,pri;p3;sg,779,0.9146,0.9311,5.73,1159,52ca0d40ba70bba5f828fb3cddf25909,Verbo
en,English,flag,flag,n,sg,460,0.9147,0.9161,7.45,1160,ce2371e61266aea4c474ea20262b7ead,Substantivo
en,English,called,call,vblex,pp;@past_perfect,135,0.9147,0.9234,8.41,1160,d16f126a495dab49364d5dddde8b5884,Verbo
en,English,fruit,fruit,n,sg,26278,0.9148,0.9126,10.54,1162,65e5296142d056fd1403e95fb027f107,Substantivo
en,English,deliver,deliver,vblex,pres,167,0.9148,0.9294,5.41,1162,81cd01d9bce5400cd67fe75e6ddfa0a4,Verbo
en,English,explained,explain,vblex,past,202,0.9149,0.9121,5.53,1164,77abe25b2a0710062720c315a05d20f1,Verbo
en,English,year,year,n,sg,2345,0.915,0.9235,1.64,1165,aaa3ab61cb6f335351b2a94b545eb5b9,Substantivo
en,English,painting,paint,vblex,ger,109,0.915,0.9029,6.9,1165,cc198e2e4d368f5fecf2585491a2c454,Verbo
en,English,fish,fish,n,pl,247,0.915,0.9203,9.94,1165,d490e5927dddd1a76007b38fa17d91c7,Substantivo
en,English,take,take,vblex,pres,2211,0.9151,0.9138,7.59,1168,338cfcfc23b83a6ad5a10d66c16a2c8a,Verbo
en,English,public,public,n,sg,544,0.9151,0.9162,4.7,1168,4dc56cd6496ee9259db6844baca58109,Substantivo
en,English,starts,start,vblex,pri;p3;sg,528,0.9151,0.9296,12.82,1168,8e446a0deadfea49105f38cd7f678f92,Verbo
en,English,figure,figure,n,sg,124,0.9151,0.9171,7.6,1168,ca6a70bc7cd433ff43601c77d470d0b4,Substantivo
en,English,menu,menu,n,sg,16412,0.9152,0.9214,27.25,1172,cb8bd106befcf7d388d0a06a1d467212,Substantivo
en,English,son,son,n,*numb,2040,0.9152,0.9206,4.46,1172,f4ed93bd40e1a41b7a0307b743255aa2,Substantivo
en,English,industrial,industrial,adj,,716,0.9153,0.9159,4.41,1174,125747908cbcfcbcbda296a57d2a124b,Adjetivo
en,English,president,president,n,sg,187,0.9153,0.9189,13.42,1174,c04b61c3ed7d8724b436ce8d75bb8f2a,Substantivo
en,English,am,be,vbser,pri;p1;sg,54131,0.9155,0.9167,43.06,1176,80765ae2a08ba6812a4ab9df607b97d2,vbser
en,English,work,work,vblex,inf,224,0.9156,0.9114,6.93,1177,fe39bf260c0fa64fc9aecc7b6ddbacc6,Verbo
en,English,what,what,det,itg;sp,9613,0.9158,0.9212,9.84,1178,bfb6c681b3a663e8586cb4b875e80ea2,Determinante
en,English,employment,employment,n,sg,1461,0.9159,0.9249,4.16,1179,92dc12a5943338efb606c9d1ae8be91c,Substantivo
en,English,property,property,n,*numb,389,0.916,0.9193,2.48,1180,3934c573e8220518880face3739e588f,Substantivo
en,English,received,receive,vblex,pp;@future_perfect,125,0.916,0.9312,6.98,1180,c9ca46e702dbf3e414074250605728e2,Verbo
en,English,convenient,convenient,adj,,823,0.9161,0.9255,7.87,1182,9b3f20722dbf802ba4b04a694d96f9e6,Adjetivo
en,English,pressure,pressure,n,sg,100,0.9167,0.9197,3.99,1183,11abdf1b55e682b9671c818a1864e78d,Substantivo
en,English,want,want,vblex,inf;@future_phrasal,114,0.9167,0.9408,11.25,1183,2949dcefbd5c67df7d4f7776f83273f6,Verbo
en,English,neck,neck,n,sg,131,0.9167,0.9222,3.62,1183,4af174c16ce341a2f5b3a0a44d6d236d,Substantivo
en,English,finished,finish,vblex,pp;@present_perfect,162,0.9167,0.9266,4.45,1183,7bdf8d892a916e09361cc5f56341de1d,Verbo
en,English,obtain,obtain,vblex,inf,173,0.9167,0.9211,6.27,1183,aab283df59a70cc31d62b73433faf2c6,Verbo
en,English,meter,meter,n,sg,316,0.9167,0.9192,5.7,1183,d576562a3b316de78f07bc62cc9f90f2,Substantivo
en,English,vision,vision,n,sg,138,0.9167,0.9296,5.44,1183,ef0a725562bb01ffba9c67f4487a4b1e,Substantivo
en,English,news,news,n,pl,135,0.9168,0.9293,14.12,1190,b69c9097523d0df4b6239db811d98bf0,Substantivo
en,English,february,february,n,sg,3623,0.9169,0.9225,9.7,1191,01cc48f809e020f1dcbd4d33969395d2,Substantivo
en,English,hour,hour,n,sg,3972,0.9171,0.9202,9.96,1192,0315628d912d1eb5729f1c9a226d1c13,Substantivo
en,English,produced,produce,vblex,past,207,0.9171,0.9138,6.32,1192,da183ee5959184616f2262269c501099,Verbo
en,English,fine,fine,adj,sint,332,0.9171,0.9101,9.98,1192,dfdc6dcdd7a20e3cb2ade348aa268080,Adjetivo
en,English,almost,almost,adv,,827,0.9172,0.934,6.53,1195,5fcd1e8af64ecd8ea8a8e1e22655fbb0,Advérbio
en,English,honor,honor,n,sg,101,0.9175,0.9333,5.9,1196,606ff0e9b3496410b38e418b8de784b7,Substantivo
en,English,coats,coat,n,pl,9798,0.9175,0.9216,8.06,1196,608ad881489ab4fa4117a91ebd83d502,Substantivo
en,English,watching,watch,vblex,pprs,155,0.9175,0.9144,6.66,1196,b94c1187e54282be0fbb3aa4a9a7bbbb,Verbo
en,English,majority,majority,n,sg,253,0.9177,0.9205,4.67,1199,aa73b5d3db6e0cb5ad7593237139a471,Substantivo
en,English,test,test,n,sg,231,0.9177,0.9129,4.36,1199,d8fb66d83b9daf33ff1f7fe9fc455f6d,Substantivo
en,English,paint,paint,n,sg,458,0.9177,0.9236,5.79,1199,e0f16aac69604dd44c7c0a90d0293476,Substantivo
en,English,yellow,yellow,adj,sint,12667,0.9178,0.9203,11.9,1202,d3655c4c158db4993a9ae4f199d95c5e,Adjetivo
en,English,transportation,transportation,n,sg,592,0.9178,0.9247,4.82,1202,e68fdcbddf346e021c9cee7b5b77b14d,Substantivo
en,English,novel,novel,n,sg,449,0.9179,0.9257,7.33,1204,25673d353743c788f7ba7d433632ae52,Substantivo
en,English,need,need,vblex,pres,3524,0.9179,0.9216,6.92,1204,2b0972f94b2b020542e239219cc9f9ff,Verbo
en,English,chicken,chicken,n,sg,27202,0.9179,0.9224,13.34,1204,ef1f94c0e977e97bd02772867e9110f1,Substantivo
en,English,answered,answer,vblex,past,158,0.918,0.9346,6.73,1207,69031f88ba0edba1ff2581355b996d2b,Verbo
en,English,apple,apple,n,sg,43213,0.918,0.9176,37.49,1207,aa94db3b587c7027e8505c25f6fc8ed9,Substantivo
en,English,turtles,turtle,n,pl,14616,0.9181,0.9281,10.19,1209,02f223d35274044da61fd6ed8a1729ab,Substantivo
en,English,walks,walk,vblex,pri;p3;sg,8688,0.9181,0.9262,14.36,1209,5de541943c119590cd3b725f0882afeb,Verbo
en,English,seriously,seriously,adv,,395,0.9182,0.9183,5.13,1211,3a07232ec8831d656c0e7a3ef0405f47,Advérbio
en,English,suit,suit,n,sg,6951,0.9182,0.9218,6.45,1211,ee0a8cae0cb4894d36c194b8862a927f,Substantivo
en,English,strike,strike,n,sg,102,0.9183,0.9366,4.1,1213,fa0d5f29f25eac75b61c50b7f90408db,Substantivo
en,English,searches,search,vblex,pri;p3;sg,642,0.9184,0.9259,5.55,1214,6ce0d8bce415aea2f505dcea49684bc0,Verbo
en,English,free,free,adj,sint,192,0.9184,0.9317,5.01,1214,6e5b252c99c593c1e4dbe4512c29f658,Adjetivo
en,English,impact,impact,n,sg,135,0.9185,0.9286,4.75,1216,06a0db10b125a10e7fedc0679e950fd0,Substantivo
en,English,near,near,pr,,2056,0.9185,0.9321,14.09,1216,0f187d980fa396588cc8c5bcb94100fb,Preposição
en,English,problem,problem,n,*numb,133,0.9187,0.9151,8.96,1218,caceb60a05604ef33cc81dd09ae66067,Substantivo
en,English,appointment,appointment,n,sg,2653,0.9189,0.9263,5.99,1219,397d3ba30ddcbdfb605c9514b86e25f3,Substantivo
en,English,excellent,excellent,adj,,980,0.9189,0.9218,6.74,1219,4184b29c4a845aca9404d79fb91c23ed,Adjetivo
en,English,alone,alone,adj,,400,0.9191,0.9231,8.1,1221,04db29eca4a847aff26df10c18929933,Adjetivo
en,English,week,week,n,*numb,2061,0.9191,0.9224,5.26,1221,d069fce38200a8f1a3428858aae7525c,Substantivo
en,English,sure,sure,adj,sint,140,0.9192,0.9216,6.45,1223,2d2c36d55dda5cb4393159a5291239bd,Adjetivo
en,English,company,company,n,*numb,574,0.9192,0.8949,4.46,1223,3bacb3ee54438d526e516830c9b86634,Substantivo
en,English,face,face,n,sg,126,0.9193,0.9222,4.22,1225,22d31d893b1a192e100a29336d416918,Substantivo
en,English,change,change,n,sg,133,0.9195,0.9196,5.56,1226,d5715441541f28291456f0a9cdcdb589,Substantivo
en,English,have,have,vblex,inf;@future_phrasal,226,0.9196,0.9198,12.32,1227,45ed1e343f4f8a7919e8e25d7c42fdff,Verbo
en,English,lips,lip,n,pl,100,0.9197,0.9273,9.48,1228,02b2afe0a18e09185079a0eef32e5fc3,Substantivo
en,English,explain,explain,vblex,inf,150,0.9198,0.9223,5.16,1229,48b564d92df19ebbf7832193a1a3ce5f,Verbo
en,English,boys,boy,n,pl,29290,0.9198,0.9295,18.64,1229,e296b8e7737593b36ec7583275c790fe,Substantivo
en,English,map,map,n,sg,981,0.9199,0.9189,11.48,1231,04c43ccdf68b412c337686cb652e09e2,Substantivo
en,English,have,have,vblex,pres,24970,0.9199,0.9235,42.24,1231,2179fd8c281cec0879b28ef81510bf9d,Verbo
en,English,responsible,responsible,adj,,986,0.9202,0.9268,6.32,1233,2979e2eee11783e9de839c164f6fd334,Adjetivo
en,English,delivers,deliver,vblex,pri;p3;sg,181,0.9202,0.9333,4.88,1233,460e1d7693bda8c28f732a4068c448cf,Verbo
en,English,workers,worker,n,pl,2290,0.9202,0.9241,6.0,1233,4e8a8392bd9249331c11a5c6b84f33f3,Substantivo
en,English,south,south,n,sg,443,0.9202,0.9231,4.33,1233,5d0892d09864f00c314ef515251a77eb,Substantivo
en,English,live,live,vblex,inf,220,0.9203,0.9221,7.27,1237,4e99ab9cca1664c522221ab26c9989ad,Verbo
en,English,open,open,adj,,1597,0.9203,0.9245,7.08,1237,95c13a471ffeac3e4503c34f9c18b390,Adjetivo
en,English,knows,know,vblex,pri;p3;sg,263,0.9203,0.9174,7.61,1237,aabc09db2aeebc588d44c81fb7882802,Verbo
en,English,mouth,mouth,n,sg,113,0.9204,0.9189,3.7,1240,b34217376442e0f051939422af19bb0c,Substantivo
en,English,found,find,vblex,pp;@future_perfect,131,0.9205,0.9315,8.05,1241,4b0b1d3ac611263c8ac80e86b5a42866,Verbo
en,English,goal,goal,n,sg,129,0.9205,0.9196,3.62,1241,ad36e87fa0b66b7422688ad41aad5975,Substantivo
en,English,modern,modern,adj,,788,0.9207,0.9281,5.48,1243,7c011bc5f3bf26fdadf69ae0a929daf0,Adjetivo
en,English,physical,physical,adj,,605,0.9207,0.9119,3.94,1243,df31282cbcac417fdfa4872dc710bfbf,Adjetivo
en,English,cook,cook,vblex,pres,7480,0.9208,0.9237,12.16,1245,7b7ea3778c08002e2fee0a4bcf7e4729,Verbo
en,English,he,prpers,prn,subj;p3;m;sg,18584,0.921,0.9257,10.22,1246,16f2acaffe30cb9a81f422674d398df4,Pronome
en,English,call,call,vblex,inf,130,0.921,0.931,6.67,1246,24599797a9d4243ffba93e810dec8964,Verbo
en,English,professional,professional,adj,,828,0.9211,0.9285,5.54,1248,eda1a3a62f976e7ad1c94e8a84950f02,Adjetivo
en,English,meaning,mean,vblex,ger,171,0.9211,0.9242,4.92,1248,fa9cb23e449c72e2d3110f611a52259a,Verbo
en,English,pool,pool,n,sg,619,0.9212,0.9277,6.83,1250,7cc943ad594d73edd18fdc3b6e819735,Substantivo
en,English,drink,drink,vblex,pres,60219,0.9212,0.9221,38.22,1250,cdfecc9247566d40bb964a218c54c783,Verbo
en,English,agree,agree,vblex,pres,377,0.9213,0.9343,6.18,1252,3dd6f84e8201bae272cdd13708131bcf,Verbo
en,English,month,month,n,sg,2197,0.9214,0.9233,1.29,1253,06f82513d22cdcf817378f4da4990438,Substantivo
en,English,training,train,vblex,ger,217,0.9214,0.9181,5.67,1253,7017e9fdf8e552abe6e55784f8a5d7d8,Verbo
en,English,stay,stay,vblex,inf,180,0.9214,0.9259,5.32,1253,860f3dec661054e064d5f3147803cabc,Verbo
en,English,main,main,adj,,761,0.9215,0.937,5.38,1256,4935d46b8b14b21d81d901e0df5df656,Adjetivo
en,English,game,game,n,sg,113,0.9215,0.9286,6.87,1256,c46bc012a8edbf89be6ba6ddd69e9003,Substantivo
en,English,song,song,n,*numb,104,0.9215,0.913,3.52,1256,dd1eba113cdfa3a30500b1d57365f414,Substantivo
en,English,next,next,adj,,1240,0.9216,0.9354,4.98,1259,c96730a6157b32cfc3e97416c8658693,Adjetivo
en,English,summer,summer,n,sg,4255,0.9217,0.9224,11.05,1260,8d479b7e8746897912de9dc374882fdf,Substantivo
en,English,hope,hope,vblex,pres,849,0.9217,0.9332,5.57,1260,ca73088a75d46c0764615658fd6b89d7,Verbo
en,English,idea,idea,n,*numb,303,0.9218,0.9209,3.25,1262,c004a3e75df15df668d9934bd7d85ffa,Substantivo
en,English,boy,boy,n,sg,55303,0.9219,0.9242,28.1,1263,0b92ea6f088f642e9aaa8c2acc7d7b0a,Substantivo
en,English,word,word,n,*numb,755,0.9219,0.909,5.39,1263,a3ff709cdeb92590bf7565cf1cee5886,Substantivo
en,English,gives,give,vblex,pri;p3;sg,267,0.9219,0.9321,6.22,1263,bd94867e18114842bea098179ab87dfe,Verbo
en,English,strong,strong,adj,sint,208,0.9222,0.9354,7.25,1266,66e49658375f4f60f4f444eb781f801c,Adjetivo
en,English,may,may,n,sg,4048,0.9223,0.9247,9.09,1267,64ed3781535dc08c6c0444f7c566c5a8,Substantivo
en,English,use,use,vblex,inf,142,0.9223,0.9312,4.49,1267,b941c4ff55c8affcf4aebffd45c759c0,Verbo
en,English,airplane,airplane,n,sg,745,0.9223,0.9282,8.49,1267,ef26977545e02af25bc018de51f03711,Substantivo
en,English,begin,begin,vblex,inf,164,0.9223,0.9207,4.57,1267,f7da157b8ddf6993537e7fed994a8d58,Verbo
en,English,produce,produce,vblex,inf,204,0.9224,0.9219,6.08,1271,d1968840a90d17c8001432432282d085,Verbo
en,English,presentation,presentation,n,sg,227,0.9225,0.9211,5.77,1272,0ba6882ade7545a84ba779d718047962,Substantivo
en,English,month,month,n,*numb,2208,0.9226,0.9205,8.09,1273,1f7d2b4c228aa024ab1a24f78a875a89,Substantivo
en,English,national,national,adj,,878,0.9226,0.9347,4.2,1273,45c4a45cb2293aa0d21755ae6419aebd,Adjetivo
en,English,artists,artist,n,pl,1996,0.9226,0.9266,6.12,1273,c6810c7dd23809bc3fcc5e888f619acf,Substantivo
en,English,historical,historical,adj,,675,0.9227,0.9288,4.57,1276,2e5512339d9e491c12a8ebce306bf203,Adjetivo
en,English,institute,institute,n,sg,403,0.9227,0.9293,9.17,1276,40bbbac6625be2e294f93880f1287c40,Substantivo
en,English,doctor,doctor,n,sg,1337,0.9228,0.9232,1.2,1278,03902c883d9976527d954724c24b0109,Substantivo
en,English,pair,pair,n,sg,258,0.9228,0.9257,5.39,1278,da6d88c34f8fc292c1ccc9325220fb3b,Substantivo
en,English,horse,horse,n,sg,20237,0.9228,0.9315,16.1,1278,e5a11511dda58f5feb9e25bbf8aa3aca,Substantivo
en,English,long,long,adj,sint,264,0.9229,0.9194,6.86,1281,0198a70fd08d4caa85e4dc1249dd0345,Adjetivo
en,English,press,press,n,sg,134,0.9229,0.9397,5.25,1281,6f4110ad8e246d6a1896e8c0bf911961,Substantivo
en,English,talks,talk,vblex,pri;p3;sg,349,0.9229,0.9216,8.5,1281,f054f0d44ed26fb4dcae65319a1572c4,Verbo
en,English,under,under,pr,,2054,0.9231,0.9299,8.8,1284,7e3f831e81d78f36dd2ea5fc0ff9611a,Preposição
en,English,listens,listen,vblex,pri;p3;sg,3624,0.9231,0.9243,6.78,1284,dee7f0cc0d1acb31e6a7fb62a3553c72,Verbo
en,English,paper,paper,n,sg,553,0.9231,0.9376,7.46,1284,fa68a581cf64a989c909ac1f64e08db0,Substantivo
en,English,ducks,duck,n,pl,10149,0.9231,0.9295,7.49,1284,fc37775015029e1d39f073eda2852b82,Substantivo
en,English,direction,direction,n,sg,143,0.9232,0.91,8.45,1288,1ad6e8baecadf51f79d47ed51b89eb77,Substantivo
en,English,history,history,n,sg,166,0.9232,0.9331,6.02,1288,66a5c29db01796a3644af0de4261db74,Substantivo
en,English,hats,hat,n,pl,14988,0.9233,0.9288,9.98,1290,7dab41a78fec1de7eea6f4e0f5173f3a,Substantivo
en,English,plate,plate,n,sg,20872,0.9233,0.9296,9.92,1290,ab5609e6c607e5642664fed06ffa0713,Substantivo
en,English,plan,plan,n,*numb,538,0.9236,0.9233,4.97,1292,751660caec022c8ad67e7c50958a2748,Substantivo
en,English,foundation,foundation,n,sg,529,0.9236,0.9262,5.3,1292,82708983a2887111589699b9234a7335,Substantivo
en,English,sister,sister,n,*numb,1736,0.9237,0.922,4.95,1294,55a185fa7ff711effa4b6d9dd2c44cf1,Substantivo
en,English,wins,win,vblex,pri;p3;sg,238,0.9237,0.9262,5.39,1294,6e3bf8ff6735f3c99777b8c8c964d349,Verbo
en,English,she,prpers,prn,subj;p3;f;sg,25782,0.9238,0.9253,26.09,1296,65e39bd07057893f74d8db10b367f7aa,Pronome
en,English,future,future,adj,,856,0.9239,0.9341,5.08,1297,5422dcf96f46e76e1de81de762be8e36,Adjetivo
en,English,call,call,vblex,inf;@future_phrasal,111,0.9239,0.9122,5.3,1297,a9501e470af418612d7c3dd76bc91c76,Verbo
en,English,popular,popular,adj,,1027,0.9241,0.9339,6.08,1299,da5401cc1e8ab70286fb3beffe9deb84,Adjetivo
en,English,thank,thank,vblex,pres,1877,0.9241,0.9248,16.1,1299,e12e176302bb7055e90f0b421e1e5f92,Verbo
en,English,pass,pass,vblex,pres,607,0.9244,0.9318,5.01,1301,0ad9df66048dfdca40004cde402ffddc,Verbo
en,English,break,break,vblex,inf;@future,108,0.9244,0.9312,5.85,1301,110da19868f1dd1d38472b197f807cc1,Verbo
en,English,condition,condition,n,*numb,329,0.9245,0.9242,3.95,1303,eabb9776ccd9e4d11f7f1d598506e671,Substantivo
en,English,chapter,chapter,n,sg,385,0.9247,0.9295,4.74,1304,617cfe1bc37fefa2636773126ee5ed2a,Substantivo
en,English,continued,continue,vblex,past,189,0.9247,0.941,6.15,1304,667bae5eaa8f08f06c436bd1f53b6c5e,Verbo
en,English,yours,yours,prn,pos;mf;sp,6895,0.925,0.9294,23.54,1306,5553a0dd1adb8ab01dcff49a7a2190e0,Pronome
en,English,open,open,vblex,pres,920,0.9251,0.9192,5.64,1307,8d239fb8b1c31bdcf7f085f1dd7071da,Verbo
en,English,forget,forget,vblex,inf,159,0.9251,0.9289,6.41,1307,ddac4a31de5d1200fc19d79701a3886e,Verbo
en,English,normal,normal,adj,,1079,0.9252,0.9357,5.95,1309,37deb1decca0f7fa5954a95d262cfb9a,Adjetivo
en,English,sunday,sunday,n,sg,2688,0.9252,0.9188,9.07,1309,82b40d8c604557dfe2c074418520187d,Substantivo
en,English,key,key,n,*numb,375,0.9253,0.9251,4.93,1311,d7c6d8fb2404f09e0eb11af94d128462,Substantivo
en,English,pay,pay,vblex,inf,343,0.9255,0.9308,9.83,1312,1a84cba513576f528ed84be6dbffd03e,Verbo
en,English,miss,miss,vblex,inf,122,0.9255,0.9257,3.79,1312,23d1aef6e3eff7a2913f8f717817e310,Verbo
en,English,tail,tail,n,sg,10989,0.9257,0.9321,12.08,1314,0e9f09196d4abc6a5ae82dd6d8772c95,Substantivo
en,English,cheese,cheese,n,sg,24938,0.9257,0.9241,10.97,1314,74b2ac77cf1b5c548dee1241dd3667b9,Substantivo
en,English,serves,serve,vblex,pri;p3;sg,232,0.9257,0.9365,5.93,1314,adc121866f5b85b89d3eab7a9f2e2d99,Verbo
en,English,bell,bell,n,sg,558,0.9258,0.9259,7.33,1317,ab70fef7edc9e7a5161d54faead3f613,Substantivo
en,English,closed,close,vblex,pp;@present_perfect,139,0.9263,0.933,5.45,1318,887046c649095f45c1ed5977a2e8a288,Verbo
en,English,room,room,n,sg,163,0.9264,0.9314,1.23,1319,dd83452fe0a545bc5a35ca98056fdb02,Substantivo
en,English,underground,underground,n,sg,470,0.9264,0.931,5.86,1319,f61a755d69db8ba63f35ebed8d925ad7,Substantivo
en,English,among,among,pr,,3242,0.9266,0.9361,11.39,1321,805dbcfa1b6f0319d3f6c4cf23d86987,Preposição
en,English,give,give,vblex,pres,773,0.9268,0.9354,5.58,1322,bce6c6ffece32f2c9553528a6d10d06c,Verbo
en,English,five,five,num,sp,1328,0.9268,0.9293,15.09,1322,e788633ef8f61b8ea49cc9df75eae28c,Numeral
en,English,please,please,adv,,18579,0.927,0.9227,8.27,1324,ee83763629a0d5a538c07e65bfd65593,Advérbio
en,English,wears,wear,vblex,pri;p3;sg,689,0.9273,0.9283,2.51,1325,90ac0b7f2a604a00fb4666f2bd134c8e,Verbo
en,English,while,while,cnjadv,,3875,0.9275,0.9414,29.3,1326,139766d14e48fe6a5e9182e27ae7aa0b,cnjadv
en,English,run,run,vblex,pres,4955,0.9276,0.9403,7.95,1327,045788738bf4ca45ef8d7659c385611f,Verbo
en,English,offered,offer,vblex,past,209,0.9278,0.9377,7.53,1328,6f2c4f1f5be8bfe8bf67825f5187b074,Verbo
en,English,save,save,vblex,pres,722,0.9279,0.9355,5.21,1329,9a9808286ea5808427cbc4a389873b70,Verbo
en,English,improvement,improvement,n,sg,201,0.9279,0.9265,4.59,1329,c3c6d8385fd42a084f455826d45d32c5,Substantivo
en,English,company,company,n,sg,125,0.928,0.932,1.18,1331,a05bd8419b30cc7519afdd2ec023ef1c,Substantivo
en,English,import,import,vblex,pres,190,0.9281,0.931,4.58,1332,f35dee8a3c4727f7451faeb1e2a4ab05,Verbo
en,English,tower,tower,n,sg,534,0.9282,0.9254,5.18,1333,f1e23ce1f4142ff3d68c3787349455f7,Substantivo
en,English,call,call,n,sg,113,0.9285,0.933,5.34,1334,941de2c03d80fb06cc7ba1611bb39fca,Substantivo
en,English,code,code,n,sg,497,0.9286,0.9387,6.03,1335,55d768e6c32a2afd1da753f84bd1857f,Substantivo
en,English,november,november,n,sg,2225,0.9286,0.9356,7.18,1335,844f5cfb64fe8da937c268f87938156b,Substantivo
en,English,couple,couple,n,sg,455,0.9286,0.9361,5.31,1335,a8f450de59bc3d23341916eaf4a47fea,Substantivo
en,English,entrance,entrance,n,sg,105,0.9286,0.9367,8.62,1335,bea6a9794e1ba8a204ff0bbb886522fb,Substantivo
en,English,hard,hard,adj,sint,161,0.9287,0.9509,4.53,1339,14b8e6aa5b26f8f496d0467ce362fd09,Adjetivo
en,English,orange,orange,adj,,6378,0.9288,0.9342,7.95,1340,384ecdedd0e8caea25f8ba4e2798bf2b,Adjetivo
en,English,museum,museum,n,sg,477,0.9288,0.9223,5.4,1340,59ff4e154662e4341a2af3ddbc0f3c57,Substantivo
en,English,creates,create,vblex,pri;p3;sg,234,0.9293,0.9289,5.94,1342,831272f16468df5763697cd2409c31cd,Verbo
en,English,coat,coat,n,sg,10727,0.9294,0.9312,7.76,1343,733404922a439bcf40584b61a027a3f9,Substantivo
en,English,hear,hear,vblex,inf,328,0.9294,0.9363,11.75,1343,ab8cce955990a94f8cd4da90364e63d3,Verbo
en,English,electric,electric,adj,,747,0.9295,0.9345,4.73,1345,07e69ac1613ea0610a0e65285c87320c,Adjetivo
en,English,made,make,vblex,past,224,0.9295,0.9286,5.04,1345,54040e675c388de3a16ab6ba727ef811,Verbo
en,English,note,note,n,sg,427,0.9295,0.9286,7.89,1345,9a11e99865dc883fc7b39919d4d1876c,Substantivo
en,English,union,union,n,sg,164,0.9295,0.9221,7.12,1345,e2f2f451e4bbaf5f0c0b41a4f2545d34,Substantivo
en,English,ten,ten,num,sp,612,0.9296,0.9272,9.15,1349,1cf213b4b7fdff424fc512c61738bf6b,Numeral
en,English,taking,take,vblex,pprs,117,0.9297,0.9429,5.14,1350,41e635883532d6484490f7b9c3218346,Verbo
en,English,drive,drive,vblex,inf,172,0.9297,0.9382,5.81,1350,a6123cae1cd2ead967f6b6c97d6e3cfe,Verbo
en,English,break,break,vblex,inf;@future_phrasal,121,0.9298,0.9298,6.41,1352,3411b4a55c365fbdfd6ada47600c3eae,Verbo
en,English,culture,culture,n,sg,482,0.93,0.9371,4.97,1353,967ccfa39310a308815718c45dc751be,Substantivo
en,English,shoe,shoe,n,sg,11249,0.93,0.9344,10.21,1353,f7dded473c36727058c6ed58f0bbd88e,Substantivo
en,English,hat,hat,n,sg,16835,0.9301,0.9316,13.19,1355,bd51ddeb540514b183c538b3a79cb7a4,Substantivo
en,English,absolutely,absolutely,adv,,512,0.9302,0.9535,6.13,1356,3c3f79baa7425a47f07bc8aabd57c3ee,Advérbio
en,English,no,no,adv,,13437,0.9304,0.9204,5.89,1357,18204d89f24410e93d66889c7c7399d7,Advérbio
en,English,military,military,adj,,682,0.9304,0.9458,5.46,1357,dc8890005d3fed9acd1d49f8826e7f5b,Adjetivo
en,English,offer,offer,n,sg,102,0.9306,0.9276,4.77,1359,76b348e848e24f61239e8a541f3bb8ef,Substantivo
en,English,grade,grade,n,sg,130,0.9308,0.9317,5.55,1360,de8be5a5fcf6e5b163052adec331edcd,Substantivo
en,English,procedure,procedure,n,sg,116,0.931,0.9333,4.81,1361,eb0b2827e5251bb628d46bd659e2d354,Substantivo
en,English,i,prpers,prn,subj;p1;mf;sg,34129,0.9311,0.9243,23.04,1362,678bfa5d0ccd050c12395a792abaff12,Pronome
en,English,exactly,exactly,adv,,345,0.9311,0.9366,4.92,1362,7f879d9aecc492a3d6412a52020061dd,Advérbio
en,English,north,north,n,sg,504,0.9312,0.9329,5.12,1364,493d4347b69abc949a6ce6b33594d97b,Substantivo
en,English,audience,audience,n,sg,379,0.9312,0.9311,4.13,1364,a7dbeb94dd67e83662ecef454b9fb41e,Substantivo
en,English,called,call,vblex,past,177,0.9313,0.9444,4.98,1366,bbd0028a4098895b4df74eea318e8e99,Verbo
en,English,breakfast,breakfast,n,sg,17236,0.9314,0.9318,7.93,1367,151bdacf1c5d3f8f5b9e60b6eca8e4db,Substantivo
en,English,ideal,ideal,adj,,638,0.9317,0.9472,5.61,1368,6ccd2d5d29431f023e92423a1c568541,Adjetivo
en,English,number,number,n,*numb,363,0.9318,0.9356,3.34,1369,d1d70318510a62940d1df74c2358d841,Substantivo
en,English,hate,hate,vblex,inf,110,0.9318,0.9264,4.23,1369,dc338d9f6e60f26649c319813a27c59b,Verbo
en,English,wish,wish,n,sg,140,0.9321,0.9412,4.65,1371,b2920b3747c70ff866025d5b1403391c,Substantivo
en,English,message,message,n,*numb,140,0.9321,0.9186,4.41,1371,bdb9cd84a54f07057e8041fc144f6520,Substantivo
en,English,elephants,elephant,n,pl,12757,0.9322,0.9382,7.05,1373,8e2f03617a85d97f126dfb2293e7a368,Substantivo
en,English,speaks,speak,vblex,pri;p3;sg,5582,0.9322,0.9366,9.47,1373,b3b9b7bffd04bf9c17953bc644f25f1c,Verbo
en,English,days,day,n,pl,133,0.9323,0.9275,1.14,1375,46d1fdd0d6d790d1435d0a646576710c,Substantivo
en,English,example,example,n,*numb,281,0.9324,0.9352,2.61,1376,15d7688e7d30e5db3662a997e8eb5f48,Substantivo
en,English,which,which,prn,itg;m;sp,7494,0.9324,0.9352,9.31,1376,4f5b0cd71bfa77c08eb61bb64522c8b4,Pronome
en,English,bag,bag,n,sg,438,0.9325,0.9417,6.01,1378,2a05707df9644287614dcf0aaa6835ad,Substantivo
en,English,green,green,adj,sint,11535,0.9325,0.9359,11.72,1378,9ac50d1a5c324745349d3833e979d720,Adjetivo
en,English,university,university,n,*numb,324,0.9326,0.9341,4.66,1380,1ea014ef1b22b9eb0ab4717c3981d0c2,Substantivo
en,English,suffer,suffer,vblex,inf,178,0.9326,0.9306,4.89,1380,b7b9471077ce9b332804cd9f95b65584,Verbo
en,English,french,french,adj,,1105,0.9328,0.9375,7.31,1382,697673b545e387c2b01b113d062bc825,Adjetivo
en,English,plays,play,vblex,pri;p3;sg,4548,0.9329,0.9409,6.73,1383,3e799dfe21b2ef7136996b40826a00b4,Verbo
en,English,authority,authority,n,*numb,1970,0.9332,0.9326,3.6,1384,39b470cef7e07a6caf91a2feb1e4dcfd,Substantivo
en,English,king,king,n,*numb,2344,0.9332,0.9338,4.71,1384,70e98eb960fda018d9fc48461b535e7e,Substantivo
en,English,crab,crab,n,sg,13507,0.9332,0.9391,14.14,1384,bf608564b6e7c672a96cd7d1bb1d5f3f,Substantivo
en,English,plane,plane,n,sg,647,0.9332,0.9247,7.2,1384,c3be409a2ec48846b72a0836422deef1,Substantivo
en,English,season,season,n,sg,2458,0.9332,0.9358,5.52,1384,f7095dcea0988ce2804cef021054d15e,Substantivo
en,English,dress,dress,n,sg,8864,0.9334,0.9349,6.92,1389,6d67c94cb5df94bae1d8f5f101db72a7,Substantivo
en,English,continues,continue,vblex,pri;p3;sg,283,0.9334,0.9328,5.46,1389,e2fa820dcb02e6f1fff6ff725241175d,Verbo
en,English,park,park,n,sg,533,0.9335,0.9369,7.32,1391,18d7af40db4a8364b38de981c0d64e12,Substantivo
en,English,ground,ground,n,sg,347,0.9335,0.9383,4.45,1391,53650685ea324117e55a7d161dc81abd,Substantivo
en,English,thanks,thanks,ij,,9097,0.9335,0.9336,4.51,1391,e35dd18fb95a8b59046eec582942fa64,ij
en,English,how,how,adv,itg,8580,0.9337,0.9379,9.21,1394,4c998c157e95ac0978968b1de762afbc,Advérbio
en,English,look,look,vblex,inf,159,0.9338,0.9344,5.04,1395,0cb193e457fbff50fbc4fc0fe9e045ee,Verbo
en,English,signs,sign,vblex,pri;p3;sg,253,0.9338,0.9409,6.16,1395,fb09ad57040ab9388c490fc0a3aab6cf,Verbo
en,English,list,list,n,sg,154,0.9339,0.9317,5.14,1397,0ab2025f59e5405237ad531875720293,Substantivo
en,English,'s,'s,gen,,7663,0.9339,0.9408,18.21,1397,78b9b97a0aaf3ce9102280144c693fd5,gen
en,English,start,start,vblex,inf,210,0.934,0.936,6.37,1399,0f7eb1148eb51baff0838690b16d8bc9,Verbo
en,English,network,network,n,sg,128,0.9342,0.9395,6.04,1400,3633cfdf72dda24e4aa9dc0b324fd5fd,Substantivo
en,English,valley,valley,n,sg,390,0.9343,0.943,5.21,1401,6deeac626ec679a6927a36ecab014a37,Substantivo
en,English,soldiers,soldier,n,pl,2508,0.9343,0.9363,6.25,1401,ee69658dde1e21017f96727926bcd30e,Substantivo
en,English,ask,ask,vblex,inf;@past,125,0.9344,0.9391,4.78,1403,655b74b76a752971f2e96bcbccaca408,Verbo
en,English,decided,decide,vblex,past,186,0.9344,0.9435,6.44,1403,b086765b98e686c34ae83761640f9012,Verbo
en,English,coast,coast,n,sg,388,0.9345,0.9421,5.85,1405,7824bf279aa27758bf5b831d9dabb852,Substantivo
en,English,response,response,n,sg,140,0.9345,0.9484,5.17,1405,cc889ca6b81dfc8f963d8e83b716998d,Substantivo
en,English,during,during,pr,,2796,0.9345,0.9408,8.11,1405,e734350b47fef261a55688a332f94859,Preposição
en,English,express,express,vblex,pres,643,0.9345,0.9387,3.88,1405,ebbab4258d7b3b863cdef3ac3504d67e,Verbo
en,English,whose,whose,det,itg;sp,1618,0.9347,0.9248,3.89,1409,6aff2ce97fb9554500fc1a7a28e02a13,Determinante
en,English,you,prpers,@ij:thank_you,,10055,0.9347,0.9274,9.6,1409,9443f902cdcf9f4da3b5f58d3f657efe,@ij:thank_you
en,English,island,island,n,*numb,389,0.9349,0.9348,3.63,1411,586b1805cef38f983351cfb7856413aa,Substantivo
en,English,european,european,adj,,850,0.9352,0.9443,6.4,1412,d84939f70dc52c91550c475474ce38a6,Adjetivo
en,English,lemon,lemon,n,sg,15915,0.9354,0.9388,7.39,1413,45b3b756380a85c42675d5fd64a4e432,Substantivo
en,English,watches,watch,vblex,pri;p3;sg,245,0.9357,0.9475,5.13,1414,d6844151070b8433ac3fb8a72b200803,Verbo
en,English,stopped,stop,vblex,past,177,0.9357,0.9264,4.36,1414,fc90952cc1a10d03e027b34886afb122,Verbo
en,English,left,left,adj,,783,0.936,0.9442,4.56,1416,1c146503eeb589d3fe2c81d4cf6b5ce1,Adjetivo
en,English,before,before,adv,,687,0.9361,0.9451,7.47,1417,3d609e475f810d2b1e8a9a3445ea60f4,Advérbio
en,English,design,design,vblex,pres,2528,0.9361,0.9356,8.07,1417,800743ae07452296ded9823d6f1e2664,Verbo
en,English,believe,believe,vblex,pres,979,0.9361,0.9446,6.76,1417,cbfce3679a50759ba6398f1e3ecfa10a,Verbo
en,English,after,after,pr,,2334,0.9362,0.9447,8.81,1420,10d3dc20f81948acd1096580922dac80,Preposição
en,English,runs,run,vblex,pri;p3;sg,4959,0.9362,0.9421,7.88,1420,ec2421cd46a8a5886683b084aa8e2c5d,Verbo
en,English,clear,clear,adj,sint,232,0.9363,0.941,5.12,1422,3d04427c4522d64e22759faf29474d67,Adjetivo
en,English,diet,diet,n,sg,105,0.9365,0.9471,4.86,1423,414af7f23467d7f41ea1b2f1d09a464e,Substantivo
en,English,touch,touch,vblex,pres,3099,0.9365,0.9351,6.16,1423,5a4b5fe1ab77078da6c5bfddbf0e81af,Verbo
en,English,guard,guard,n,sg,1996,0.9368,0.9396,4.53,1425,3e9be7ef8bbcf40e1bb3ae3a443d989b,Substantivo
en,English,nature,nature,n,sg,112,0.9368,0.9375,4.45,1425,6b425189c0a26a4bdfa2f003acd93d96,Substantivo
en,English,affects,affect,vblex,pri;p3;sg,147,0.9368,0.9498,4.69,1425,c472f6b29dfe75ab7344a30789384a66,Verbo
en,English,course,course,n,*numb,298,0.9371,0.9375,2.9,1428,d3f4b9b45a6dec50dc9d3c8f31494921,Substantivo
en,English,commitment,commitment,n,sg,401,0.9372,0.9301,123.33,1429,0626e360d7cca5b54d3d5049bd9f5d58,Substantivo
en,English,individual,individual,n,*numb,968,0.9372,0.9364,5.66,1429,0afc72810e83328b5a2798f7119ffcf5,Substantivo
en,English,deep,deep,adj,sint,177,0.9372,0.9402,5.13,1429,34b0c7d1b74efa9e905d0256cb77f57f,Adjetivo
en,English,dry,dry,vblex,pres,209,0.9374,0.9451,5.95,1432,9ca000874df90721727aa883032314a3,Verbo
en,English,four,four,num,sp,877,0.9376,0.9358,8.74,1433,175fa2b220e3f1066145443138840643,Numeral
en,English,include,include,vblex,pres,674,0.9376,0.9491,5.82,1433,412762aef754a1e4c73922bf8b475702,Verbo
en,English,clearly,clearly,adv,,324,0.9376,0.9399,6.24,1433,57a6ab799012d767509348cb3f8a4479,Advérbio
en,English,won,win,vblex,past,211,0.9376,0.9385,6.16,1433,96a151e203133ebbdf3ce840494e858a,Verbo
en,English,slowly,slowly,adv,,361,0.9378,0.9324,6.38,1437,d5e9f4f31ca27c87b33a8f2bb191915a,Advérbio
en,English,tree,tree,n,*numb,102,0.9379,0.9323,4.19,1438,4f8cda8db73e941f9f8bbcef4cf18839,Substantivo
en,English,love,love,vblex,pres,4304,0.9379,0.9321,11.04,1438,715176b2531f23894fa17069ca039496,Verbo
en,English,flight,flight,n,sg,436,0.9379,0.9363,4.83,1438,c11eba7546c4a66027dec7b9c37281a9,Substantivo
en,English,live,live,vblex,pres,1254,0.9379,0.9418,6.85,1438,da09055fc06e9e6fae9aa600ca75130b,Verbo
en,English,capital,capital,n,sg,382,0.938,0.9398,4.52,1442,700f402637737de97f25cffb7ab4244b,Substantivo
en,English,fall,fall,n,sg,1813,0.9381,0.9394,4.19,1443,5b589e936fbca8647f8c40bfa7d237c1,Substantivo
en,English,population,population,n,sg,464,0.9382,0.9427,3.98,1444,8002da44ec629b68419c11ef70a7b1cc,Substantivo
en,English,choice,choice,n,sg,133,0.9383,0.9395,4.84,1445,0ca90ba100c82781b199b2c1c5ed414e,Substantivo
en,English,half,half,n,sg,233,0.9383,0.9385,5.72,1445,d11c803c74e6e1a5878dd71975b4979c,Substantivo
en,English,die,die,vblex,inf,165,0.9384,0.939,5.72,1447,19dc89e250e559b40df10a97a557fcc5,Verbo
en,English,camera,camera,n,*numb,111,0.9384,0.9379,2.37,1447,53e44b05b3c725857c2292811e8460fe,Substantivo
en,English,forms,form,vblex,pri;p3;sg,716,0.9384,0.9412,5.86,1447,a87630c105d4ef4d8cbbc0e1a44795b8,Verbo
en,English,grow,grow,vblex,pres,230,0.9384,0.9592,5.72,1447,fe43f46c367cb02f160f1bbe06abc0a6,Verbo
en,English,year,year,n,*numb,2439,0.9385,0.9372,7.73,1451,9c721e2b1d7684f800fd88c1e96aef8c,Substantivo
en,English,corner,corner,n,sg,434,0.9386,0.9431,4.31,1452,d1ded49e60988b3ab9d8b8c66e72da57,Substantivo
en,English,needs,need,vblex,pri;p3;sg,811,0.9389,0.9385,6.86,1453,e14cfa44f4aaaf35c2d69aef30498cba,Verbo
en,English,real,real,adj,,1121,0.939,0.9444,5.89,1454,17593357c9c73ab2b1795a37f475e7b4,Adjetivo
en,English,citizen,citizen,n,*numb,568,0.939,0.9376,3.96,1454,1be8960600d02a8e52bf1e099dc5590e,Substantivo
en,English,feels,feel,vblex,pri;p3;sg,236,0.9391,0.9396,5.61,1456,5611d27bfd763dd46fd2ea4794b664f4,Verbo
en,English,study,study,n,*numb,312,0.9391,0.9382,2.79,1456,f6c15c391a3f1c67c968d59c48b6c628,Substantivo
en,English,pen,pen,n,*numb,337,0.9391,0.9296,3.58,1456,fe794f0c148aaa470c272ffd0a9bdc1a,Substantivo
en,English,egg,egg,n,sg,18893,0.9392,0.9393,8.06,1459,5fa72aeafbde5b346681886abbabf3f3,Substantivo
en,English,bilingual,bilingual,adj,,1096,0.9393,0.9498,6.22,1460,4281599f1719172da849666d43854257,Adjetivo
en,English,producers,producer,n,pl,1422,0.9393,0.9429,3.91,1460,8cb617be9fdd00afacece5e116621006,Substantivo
en,English,behind,behind,pr,,2043,0.9395,0.9371,6.93,1462,9d441f43a7b6da86f713f2b32b230613,Preposição
en,English,lunch,lunch,n,sg,17024,0.9396,0.944,7.91,1463,25dcc7b3420a56110835a165f02513c9,Substantivo
en,English,professionals,professional,n,pl,1595,0.9397,0.9423,3.96,1464,24439365579cd076dfd25fbbaaafd683,Substantivo
en,English,address,address,n,sg,344,0.9397,0.94,3.68,1464,6c80e6744b2df1ae37b698b9d7e000fc,Substantivo
en,English,church,church,n,*numb,415,0.9398,0.9413,3.12,1466,a8f384ee69f0a276bd65921182a88b6f,Substantivo
en,English,contains,contain,vblex,pri;p3;sg,378,0.9399,0.952,7.74,1467,4b0cfd697a51add1a679105038a315e6,Verbo
en,English,written,write,vblex,pp;@present_perfect,138,0.94,0.943,5.59,1468,a8fa6334b9607f30b053c9f28ef981b1,Verbo
en,English,tone,tone,n,sg,316,0.94,0.9267,108.63,1468,b2b24dd25f06e2a252c2e68a49be32ca,Substantivo
en,English,cabinet,cabinet,n,sg,326,0.9402,0.9564,5.44,1470,606b7d8c4cd14957d5b7e888ace2288c,Substantivo
en,English,weapon,weapon,n,sg,373,0.9403,0.9552,7.09,1471,c6b50e2a71462f08d4cf74270045d068,Substantivo
en,English,enemy,enemy,n,sg,590,0.9405,0.941,3.99,1472,78e7d45c506b44c156eec40f14b45b88,Substantivo
en,English,prince,prince,n,sg,2465,0.9406,0.9452,5.57,1473,e251bc0fa5b86bcf358a1e46bb004cce,Substantivo
en,English,sofa,sofa,n,sg,500,0.9407,0.9465,7.35,1474,a5efcdcdcf78bc733c9261b735dda245,Substantivo
en,English,king,king,n,sg,416,0.9407,0.9429,1.12,1474,d568abe121f0056f3c676f5c97925c04,Substantivo
en,English,miss,miss,vblex,pres,254,0.9407,0.9507,6.09,1474,ddd3e6bfdbd6f6b0affc34b882c93e06,Verbo
en,English,write,write,vblex,inf;@past,109,0.9408,0.9372,4.55,1477,b12b8866631c434d2973f7b473f318ba,Verbo
en,English,pink,pink,adj,sint,356,0.941,0.9405,2.7,1478,16f30f94ed0a4d3c29575ab563f314c5,Adjetivo
en,English,uses,use,vblex,pri;p3;sg,348,0.9417,0.9461,5.55,1479,b7fe86fb2a05b9c524256ba77c58363a,Verbo
en,English,gray,gray,adj,sint,7108,0.9418,0.9477,13.04,1480,088aac36e78fd43c271ec53eb7f70a60,Adjetivo
en,English,climate,climate,n,sg,132,0.9418,0.9444,5.21,1480,580bf6f0ce88359b59b31afa75d02ca1,Substantivo
en,English,medium,medium,n,sg,116,0.9418,0.94,3.72,1480,8aac5476bca47c0ea96b636278f5015a,Substantivo
en,English,sleeps,sleep,vblex,pri;p3;sg,8854,0.9418,0.9448,10.06,1480,e37fcbae8d8e101dabacbd1e4223b14b,Verbo
en,English,studying,study,vblex,pprs,144,0.9421,0.9469,3.6,1484,2c41b9eec64845f2f7389645f104e84a,Verbo
en,English,stop,stop,vblex,pres,724,0.9421,0.9496,5.68,1484,76191c62a994335d0c40d8bce562bb07,Verbo
en,English,land,land,n,sg,121,0.9421,0.9451,5.59,1484,79226ca4086b67f49de3c7bea6df98e2,Substantivo
en,English,against,against,pr,,2075,0.9422,0.9486,15.45,1487,5f93b112962430f8b0542dd763233273,Preposição
en,English,simple,simple,adj,sint,189,0.9422,0.9408,4.97,1487,7f6f5adf077c74963d5ed0fbf283037b,Adjetivo
en,English,secretary,secretary,n,sg,2288,0.9422,0.9451,6.82,1487,be73c2685a788af30694e32e850d32ce,Substantivo
en,English,century,century,n,sg,2050,0.9422,0.9481,5.01,1487,f355e5a3bcd1ee64c13a8b5f29f1f7e0,Substantivo
en,English,found,find,vblex,past,165,0.9424,0.9486,5.09,1491,837ecf6a18f22e970666beb143599871,Verbo
en,English,meeting,meeting,n,*numb,505,0.9426,0.9409,3.04,1492,7b57c34ef9ebffbf60d3e01ec187ec49,Substantivo
en,English,announce,announce,vblex,pres,197,0.9426,0.9561,4.24,1492,b9c32895e281d9bb82c033e4cf0a078a,Verbo
en,English,station,station,n,sg,438,0.9427,0.9391,6.0,1494,464e2659b4143ac4255aa6b4f1ef50bd,Substantivo
en,English,wrote,write,vblex,past,204,0.9428,0.9425,8.36,1495,1414fe7b2a650fbd18e18d398918b53c,Verbo
en,English,resolve,resolve,vblex,inf;@future_phrasal,118,0.9428,0.9375,7.54,1495,2b3906daf79fad4d1cd36a3594865f87,Verbo
en,English,marks,mark,vblex,pri;p3;sg,237,0.9429,0.9518,5.35,1497,176bd72df94764fdbb49f311436b065e,Verbo
en,English,taste,taste,vblex,pres,208,0.9431,0.9565,8.53,1498,108e2b079b9a17ec40468c4f05706cc6,Verbo
en,English,ready,ready,adj,sint,110,0.9432,0.9415,3.45,1499,0ede1c6387431612ed8134b07448a15e,Adjetivo
en,English,considered,consider,vblex,past,180,0.9433,0.9608,6.27,1500,534062e81cbf515f15790e2304ffef54,Verbo
en,English,follows,follow,vblex,pri;p3;sg,203,0.9435,0.9488,5.18,1501,183841b625121d64b3fa2a644edd1999,Verbo
en,English,floor,floor,n,sg,378,0.9437,0.9469,5.11,1502,b4c50db1080117e12dee6ae268c9ac04,Substantivo
en,English,chinese,chinese,adj,,1028,0.9438,0.9561,8.13,1503,6d0d68f54d0b2799aa7cac2ba26951e1,Adjetivo
en,English,cell,cell,n,*numb,319,0.9438,0.9367,4.75,1503,ad59b73964b3670fc353f26455911980,Substantivo
en,English,expression,expression,n,sg,316,0.9439,0.937,119.46,1505,0887c5e623b084494c3471e5146adcde,Substantivo
en,English,pain,pain,n,sg,107,0.9439,0.947,5.07,1505,28b341cb7ce206f6c491b965aed29eb5,Substantivo
en,English,brain,brain,n,sg,110,0.9439,0.942,4.25,1505,b7607e1dd432429da20d6066d6d13a56,Substantivo
en,English,opens,open,vblex,pri;p3;sg,220,0.9439,0.9534,7.01,1505,e4d359621e2fce717b1796a023dfb127,Verbo
en,English,horses,horse,n,pl,12772,0.944,0.9515,8.67,1509,62a992ac2a5f346b5796b3f14732130e,Substantivo
en,English,returns,return,vblex,pri;p3;sg,663,0.9442,0.9493,4.66,1510,5187d29ecbb44af45025d76ca49a5b4d,Verbo
en,English,sent,send,vblex,pp;@present_perfect,120,0.9442,0.9436,5.37,1510,fe712de02998f1907de37e75e6971653,Verbo
en,English,rest,rest,vblex,pres,639,0.9443,0.9473,4.34,1512,04ae947dfcc29a7c81634c0cd5c0ae95,Verbo
en,English,cuts,cut,vblex,pri;p3;sg,253,0.9443,0.9578,6.11,1512,1eb8f1502824aeeef56c32ab63d336f4,Verbo
en,English,career,career,n,sg,1614,0.9443,0.9445,3.77,1512,91b30bd8e74a635972057bd29b646fe9,Substantivo
en,English,category,category,n,sg,128,0.9444,0.9453,4.13,1515,a01ae744b2442dd3fe4364b26ee4b8af,Substantivo
en,English,perfectly,perfectly,adv,,422,0.9445,0.9449,6.5,1516,eee8e3c0843d6ace41d204202f197909,Advérbio
en,English,towns,town,n,pl,392,0.9447,0.9478,5.94,1517,fd3e2fa13926af75ae7a5bde0051306a,Substantivo
en,English,family,family,n,sg,2812,0.9448,0.9474,8.89,1518,2b02940d1611b62e715e325c2ff4bad5,Substantivo
en,English,local,local,adj,,1063,0.9449,0.952,7.03,1519,4fff7d6825859f53bf2900aa33f15e72,Adjetivo
en,English,director,director,n,sg,2023,0.9449,0.9363,5.3,1519,9f39aaeb95fa8586040a0b8e0e25acd1,Substantivo
en,English,reply,reply,n,sg,6978,0.945,0.9374,5.45,1521,529445ad4ea7fd18139ccdabce01ad06,Substantivo
en,English,order,order,n,sg,147,0.9451,0.9286,6.3,1522,3829a2b5adb0513dc4f4d8491c4b82e8,Substantivo
en,English,tomato,tomato,n,sg,17650,0.9451,0.9443,8.04,1522,bfa2713c4f93d7341626fd88601d008b,Substantivo
en,English,service,service,n,*numb,128,0.9453,0.9517,3.2,1524,5a21b94cec070afca23dfb322924417e,Substantivo
en,English,swimming,swim,vblex,ger,131,0.9453,0.9519,3.75,1524,9af37a63d59c8100bf25a747ad97c808,Verbo
en,English,affect,affect,vblex,inf,104,0.9455,0.9535,4.53,1526,9ca54ec362e9bf99e83119145609f179,Verbo
en,English,religious,religious,adj,,805,0.9456,0.9515,5.58,1527,5141e7c3a5036d39c6e7bac6cf1a305a,Adjetivo
en,English,dresses,dress,n,pl,11111,0.9458,0.9527,8.41,1528,3d65e220a74477fe08facff1a0d9a303,Substantivo
en,English,review,review,n,sg,111,0.9459,0.9583,3.79,1529,0f825f83e2833447b1493c7fdb107441,Substantivo
en,English,full,full,adj,sint,111,0.9459,0.9537,3.18,1529,a7aca5bc199f512f1a9414a341df241e,Adjetivo
en,English,china,china,np,loc;sg,424,0.946,0.953,5.18,1531,075b5dc0c5d0293dc0054ce63ba60156,np
en,English,skirt,skirt,n,*numb,759,0.946,0.9405,1.99,1531,961323e510456613053547d6acee68aa,Substantivo
en,English,done,do,vblex,pp,303,0.946,0.9466,7.35,1531,aa34d5b5c3e2305e5b0ebbbf05726c81,Verbo
en,English,tons,ton,n,pl,330,0.9462,0.9476,7.48,1534,dbb39d99d85992665a890faf9954eda2,Substantivo
en,English,tall,tall,adj,sint,191,0.9463,0.9444,7.32,1535,78fe732c61c3677ba85f0be28af38f8d,Adjetivo
en,English,england,england,np,loc;sg,510,0.9464,0.9539,7.15,1536,904c249f112bbbce341897b9f01c49b5,np
en,English,transport,transport,n,sg,514,0.9467,0.9466,5.4,1537,e216b6511563462fb8ff64cfb800994c,Substantivo
en,English,give,give,vblex,inf,197,0.9468,0.9366,5.16,1538,a3e4681f65c8b9d5d4fbc2601fa2aef2,Verbo
en,English,act,act,n,sg,155,0.9468,0.9458,4.25,1538,d131e3b94e8eb2264fd8df60c0b3979f,Substantivo
en,English,actor,actor,n,sg,184,0.9473,0.9498,1.21,1540,21d0031e298462afb2e7f04c7f2d7da3,Substantivo
en,English,ear,ear,n,sg,124,0.9476,0.9503,4.19,1541,1798b954cab4986c56ef90130ab1d4a1,Substantivo
en,English,sand,sand,n,sg,426,0.9476,0.9547,7.21,1541,769cedc5c602e5ecd72e22d28c96d0f4,Substantivo
en,English,spring,spring,n,sg,2360,0.9477,0.9533,6.83,1543,3c63da7f7a370e92def18891252d8efe,Substantivo
en,English,easily,easily,adv,,422,0.9479,0.9543,6.25,1544,3445a3148b0eee9f34d06673fdd67b29,Advérbio
en,English,lawyer,lawyer,n,sg,1788,0.9479,0.952,5.31,1544,b1dd08cb92627dc88c80f682301fa1b5,Substantivo
en,English,serious,serious,adj,,676,0.948,0.9494,4.4,1546,9459a2f8b39662f889b42852b78938ec,Adjetivo
en,English,cross,cross,n,sg,455,0.948,0.9527,5.15,1546,d78be09110d0e18f539cfed3fbc2d5c8,Substantivo
en,English,conclusion,conclusion,n,*numb,159,0.9483,0.94,3.31,1548,0870d1f9205e29038c50f1575f34601c,Substantivo
en,English,minutes,minute,n,pl,175,0.9486,0.9471,1.08,1549,794fe21be664bc8e347b0a41aa396a6b,Substantivo
en,English,sport,sport,n,*numb,107,0.9486,0.951,2.65,1549,b54a98ac22a717e9a6a03f8e0657333e,Substantivo
en,English,colors,color,n,pl,4526,0.9487,0.9513,11.03,1551,8b63369904620fbed30af90a67e4ae87,Substantivo
en,English,respect,respect,vblex,pres,257,0.9489,0.9485,5.76,1552,10cb5b21d7ce9aa68532a9cae303fc33,Verbo
en,English,band,band,n,sg,331,0.9489,0.9426,5.36,1552,486cd622a5beca7fd575c355095aa690,Substantivo
en,English,none,none,prn,tn;nt;sg,187,0.9492,0.9564,4.48,1554,02c375e95642c26966dcddc409bb0fb9,Pronome
en,English,animal,animal,n,sg,13768,0.9492,0.9539,14.96,1554,768f410a8fc1caa64ee36071082a231c,Substantivo
en,English,calls,call,vblex,pri;p3;sg,289,0.9497,0.9546,5.82,1556,be77c00e6010c68b0892ca0375906142,Verbo
en,English,colorful,colorful,adj,,402,0.9498,0.9523,3.12,1557,0fcaafe7c77c603a1320e30bafbf7a3e,Adjetivo
en,English,swims,swim,vblex,pri;p3;sg,6938,0.9498,0.9566,14.56,1557,f8f5fd38c016ed1822bf3bbcee1f5bf7,Verbo
en,English,version,version,n,sg,148,0.9499,0.9569,4.97,1559,917addfce702c6c22cce35bbb3329047,Substantivo
en,English,animals,animal,n,pl,10280,0.95,0.9542,8.23,1560,0ed4e535d399f10f462b2f1e51b97d3f,Substantivo
en,English,english,english,n,sg,338,0.95,0.9572,8.67,1560,85946d9d1c3bac94bf119902c3e46019,Substantivo
en,English,coffee,coffee,n,sg,19405,0.95,0.9533,8.19,1560,f21a429c717dd93b9f5723f20d87ab8a,Substantivo
en,English,winter,winter,n,sg,2492,0.9502,0.9511,8.0,1563,f26be7df4b95f8c3cb9046ca81b71bc3,Substantivo
en,English,intelligence,intelligence,n,sg,289,0.9504,0.9534,4.71,1564,93748e85ea7964dd90ee8a7a35ad4da1,Substantivo
en,English,nose,nose,n,sg,128,0.9505,0.9451,4.06,1565,53716d7520539088966753629b2dfd41,Substantivo
en,English,independent,independent,adj,,965,0.9506,0.9545,5.65,1566,9cb1538e8e91618d3bbd9c5dec8e2e9c,Adjetivo
en,English,allow,allow,vblex,inf,162,0.9507,0.9404,7.28,1567,5df22ac5459aa6604f10b2cfc7352395,Verbo
en,English,department,department,n,sg,391,0.9508,0.9468,3.56,1568,6c90fe44afdae9423a235f03268f9871,Substantivo
en,English,model,model,n,*numb,2684,0.9508,0.9475,4.76,1568,a0a5f708719b0a82b7d93ec177b41fc7,Substantivo
en,English,alcohol,alcohol,n,sg,14515,0.9509,0.95,6.75,1570,3629ee563c2d56a4869e100a38014108,Substantivo
en,English,third,third,det,ord;sp,334,0.9509,0.9579,5.98,1570,a6b0dbbf49bf0b42c8e3bfbd0f287383,Determinante
en,English,italian,italian,adj,,619,0.9513,0.9636,4.95,1572,ff4fdc08a2c4b95f80e12732e71e9662,Adjetivo
en,English,particularly,particularly,adv,,235,0.9514,0.9497,4.57,1573,4379705a8d98bfe266ead99cfc4f52f8,Advérbio
en,English,generally,generally,adv,,242,0.9514,0.9482,5.41,1573,7e85dc79c556beb6ca71b2363bbbb9b9,Advérbio
en,English,shoe,shoe,n,*numb,730,0.9514,0.9496,1.91,1573,ad1f7f4055f7761875ee412424382868,Substantivo
en,English,association,association,n,sg,575,0.9515,0.9499,5.54,1576,f1c7c3bf0df80edc016cefe12e229cdf,Substantivo
en,English,accused,accuse,vblex,pp,234,0.9516,0.9521,4.22,1577,a072af4f1ba9939fb786dfaedf8b3875,Verbo
en,English,general,general,adj,,1292,0.9517,0.9583,5.28,1578,05cb757a83c87460a9e68bc346d18c45,Adjetivo
en,English,reader,reader,n,sg,1999,0.952,0.9547,5.17,1579,295b2aeed6ae21efe706eea21af1fd8e,Substantivo
en,English,change,change,vblex,pres,775,0.952,0.9552,4.94,1579,5db556c2576e4f74e6e76fdad6a5ef86,Verbo
en,English,difficulty,difficulty,n,sg,214,0.9521,0.9562,4.91,1581,57bd53ace5025ed734770cc07452a54b,Substantivo
en,English,except,except,pr,,1933,0.9521,0.9496,9.24,1581,58956b51a5bdafc56838eede9c2d7a3e,Preposição
en,English,center,centre,n,sg,367,0.9521,0.9572,4.23,1581,ea1179357c2d5394735b73ed600b11cf,Substantivo
en,English,dinner,dinner,n,sg,14357,0.9521,0.9533,7.38,1581,f19bad09b7354d4cf02403544519d849,Substantivo
en,English,marriage,marriage,n,sg,2022,0.9522,0.9543,4.04,1585,72dd4119b6df3192140390d50a3fddab,Substantivo
en,English,pasta,pasta,n,sg,16839,0.9523,0.9555,7.51,1586,cd6d617c7071b0bb4b0863ab14ff6d80,Substantivo
en,English,avenue,avenue,n,sg,403,0.9524,0.947,4.11,1587,77c5a6cf791977ea2c4fa21961515324,Substantivo
en,English,indicate,indicate,vblex,pres,238,0.9526,0.9609,4.98,1588,77ac3e38a57f3ec471c7de54827db55f,Verbo
en,English,specialists,specialist,n,pl,141,0.9527,0.961,10.33,1589,cd2fb6d495798ddaa4ccd51c8d238b5b,Substantivo
en,English,pays,pay,vblex,pri;p3;sg,3527,0.9528,0.9525,6.13,1590,f2574c6fc7e6d0fb1549f18f2236edf3,Verbo
en,English,disease,disease,n,sg,126,0.953,0.9402,4.26,1591,7ce6abe552520955ff162ed4c1fb888a,Substantivo
en,English,opened,open,vblex,past,178,0.9531,0.9517,5.93,1592,ff1c2996d37471ab18f9545b9882df2b,Verbo
en,English,traditional,traditional,adj,,772,0.9533,0.9632,6.16,1593,0277968d5d769b93c886ac98887c6501,Adjetivo
en,English,speak,speak,vblex,pres,5734,0.9534,0.9581,9.81,1594,b3240d21fd450022647d50a64c18cace,Verbo
en,English,mind,mind,n,sg,104,0.9535,0.9625,4.41,1595,efd3f6cfe258c7c84a92f1a56951e7e4,Substantivo
en,English,party,party,n,*numb,2204,0.9536,0.94,4.09,1596,5962a9679dc43d7036ae241fd9f56692,Substantivo
en,English,column,column,n,sg,412,0.9536,0.9549,6.34,1596,ca31ec194e7b5bdb90ed08f8c9038ec5,Substantivo
en,English,voice,voice,n,sg,122,0.9536,0.9639,4.55,1596,d71e824961aafa9b44acd04c68b89af7,Substantivo
en,English,head,head,n,*numb,109,0.9541,0.9496,2.98,1599,4cbaa4874064ae0c4467cf7781254626,Substantivo
en,English,poor,poor,adj,sint,186,0.9541,0.9488,6.63,1599,86db30e9a3f8c9d8a7ba44f14d66f81a,Adjetivo
en,English,journey,journey,n,sg,412,0.9541,0.9543,4.54,1599,9a89fdeea504d43155735c5789106b80,Substantivo
en,English,perfect,perfect,adj,,938,0.9542,0.9551,6.65,1602,2e7eec9a9b1363678d569856b4103322,Adjetivo
en,English,touching,touch,vblex,pprs,150,0.9542,0.9562,5.99,1602,4a0c63032f2e08aad0e0fec5d9d7c3c8,Verbo
en,English,difference,difference,n,*numb,441,0.9543,0.9564,231.15,1604,15355f65d8b00bb5a1b55b31b859b2a4,Substantivo
en,English,drive,drive,vblex,pres,650,0.9543,0.9611,5.54,1604,5da203dfebf339808b9cc952709bd056,Verbo
en,English,district,district,n,sg,388,0.9544,0.9567,4.8,1606,6509648122ced54a8ea6c8d99e8f997d,Substantivo
en,English,begins,begin,vblex,pri;p3;sg,241,0.9546,0.9551,6.29,1607,942da712a7872b056e35eb1f5c1572c6,Verbo
en,English,yes,yes,adv,,18992,0.9546,0.9458,11.31,1607,d94aa893b5c536f2a4664637d9bec191,Advérbio
en,English,remember,remember,vblex,pres,701,0.9547,0.9614,5.49,1609,72e1760c452153c6732f748722d85535,Verbo
en,English,elephant,elephant,n,sg,17673,0.9548,0.9541,12.97,1610,81d3f527c32966c66d91396f06430cf8,Substantivo
en,English,virus,virus,n,sg,122,0.9549,0.9647,4.57,1611,b5b2b4b3f532b036622cf1c1e6e095b0,Substantivo
en,English,america,america,np,loc;sg,434,0.9552,0.9486,5.18,1612,3fbbe0a36fa12f2237cb233213af2f19,np
en,English,followed,follow,vblex,pp,222,0.9552,0.9539,6.17,1612,d1bcb796c69ebb55414f2129644487fe,Verbo
en,English,region,region,n,*numb,330,0.9553,0.957,3.84,1614,04a1d7d581afd60176f7b00f60241f3d,Substantivo
en,English,piece,piece,n,*numb,612,0.9553,0.9547,4.48,1614,aac255d7773ea96f106d12f89a1f98d5,Substantivo
en,English,learn,learn,vblex,inf,183,0.9554,0.9451,5.98,1616,a256b22ee5f12be2c20b0ea28b9fed59,Verbo
en,English,received,receive,vblex,past,155,0.9554,0.9604,6.23,1616,b883cb2b9b82fc3324f76d863e84cd21,Verbo
en,English,lady,lady,n,sg,420,0.9557,0.9563,4.9,1618,6897ada43d02c03eac85f1742c156402,Substantivo
en,English,play,play,vblex,pres,2964,0.9558,0.9569,6.4,1619,5def3e352b640e38569e808e0c9ec558,Verbo
en,English,sleeping,sleep,vblex,ger,102,0.9559,0.9632,4.46,1620,27b46f260407ecc80572ac3eda516932,Verbo
en,English,trip,trip,n,sg,716,0.9559,0.9545,6.51,1620,fbd018b68ec6acecbdddbe576219bb77,Substantivo
en,English,judge,judge,n,*numb,1943,0.956,0.9571,3.85,1622,b07701530421857715b2a886961f46bc,Substantivo
en,English,victim,victim,n,*numb,543,0.9561,0.9595,4.02,1623,3b75960d873344e1928c46c1cfa781fe,Substantivo
en,English,image,image,n,*numb,137,0.9562,0.96,3.92,1624,780a20e6e985d3baca47b87e1e5ccd39,Substantivo
en,English,human,human,adj,,909,0.9564,0.9593,6.55,1625,64a6fcbf529d16dd3e2083bb159af124,Adjetivo
en,English,wall,wall,n,*numb,413,0.9564,0.9575,5.58,1625,d6ef1372cab90ceb336fca2d7cc592ae,Substantivo
en,English,shirt,shirt,n,*numb,692,0.9566,0.9587,1.85,1627,54253d72c4690547470eb02e93c9ac30,Substantivo
en,English,plates,plate,n,pl,10142,0.9567,0.957,6.08,1628,2d7715db3b4a525d703dee6e80e38c6a,Substantivo
en,English,cinema,cinema,n,sg,349,0.9568,0.9645,5.52,1629,0023799f4a7ed08c8dc3591efee8c049,Substantivo
en,English,fast,fast,adj,sint,171,0.9569,0.9606,4.2,1630,2c77d6417413469d1ce646d138f560cf,Adjetivo
en,English,introduction,introduction,n,sg,116,0.9569,0.9665,4.03,1630,7ca991f34e9662ecb1449a2d772cd59c,Substantivo
en,English,find,find,vblex,inf;@past,114,0.9573,0.9641,5.46,1632,66abdb970cc2a82e9c4e93367828785e,Verbo
en,English,date,date,n,*numb,2043,0.9573,0.9563,4.25,1632,d637d39515363e8b436397ec7b964efc,Substantivo
en,English,coat,coat,n,*numb,702,0.9573,0.9542,1.94,1632,f8ff4fc9fac1637c7e8abecc0d2464db,Substantivo
en,English,application,application,n,sg,217,0.9574,0.9627,4.32,1635,861c06d35ccf9903e12fc2b05ec8fdd7,Substantivo
en,English,first,first,det,ord;sp,343,0.9575,0.9574,4.88,1636,d3001195a8fca79966567e6ad0cb1631,Determinante
en,English,smoke,smoke,n,sg,123,0.9577,0.9597,3.46,1637,3f7d64def87faaa508bdff8855b8fafc,Substantivo
en,English,chief,chief,n,sg,1245,0.9578,0.9596,3.66,1638,a8e8b17ce98d3ef6cf09fdc21e98bdf0,Substantivo
en,English,ball,ball,n,sg,423,0.9579,0.9598,6.09,1639,c1b4327a38f81293303822a31ed74eb5,Substantivo
en,English,develop,develop,vblex,pres,263,0.9579,0.9609,5.21,1639,e590954e00c6b2b79258481775c644d1,Verbo
en,English,stop,stop,n,sg,103,0.9579,0.9618,5.54,1639,ee00d1dbee01aa4c712a5a9f14995493,Substantivo
en,English,opportunities,opportunity,n,pl,119,0.958,0.9639,5.09,1642,50b13a1ad5b08a2839578f5ac0cc5b9f,Substantivo
en,English,salt,salt,n,sg,14762,0.958,0.9583,6.73,1642,822ef52ef2cf0f095a65190d10958517,Substantivo
en,English,spider,spider,n,sg,12877,0.9581,0.9621,14.86,1644,fe1c2edd8cfeedbbbfafc42448e957c9,Substantivo
en,English,captain,captain,n,sg,2054,0.9582,0.9584,5.11,1645,a9aad0b998c44a4f6ed4b9295084dd57,Substantivo
en,English,legal,legal,adj,,810,0.9583,0.965,4.69,1646,c64ab0db79840aca0d613b6abac85116,Adjetivo
en,English,color,color,n,sg,4696,0.9584,0.9599,10.9,1647,c65b570cb92a16eb4f36dbeb91f94eaa,Substantivo
en,English,personality,personality,n,sg,421,0.9586,0.9592,233.62,1648,2e5ebf90894b0a76e685ef39216ef8cd,Substantivo
en,English,personal,personal,adj,,771,0.9589,0.9578,5.15,1649,2d360e9a446b3575d4c1c2b4d8ab5104,Adjetivo
en,English,helps,help,vblex,pri;p3;sg,224,0.9589,0.9576,5.71,1649,e895a1bbca3c3a5cf536bec131747894,Verbo
en,English,frequent,frequent,adj,,533,0.9592,0.9581,5.47,1651,1b557fe9fb31de38ace6dc1aeb5ce46b,Adjetivo
en,English,taste,taste,n,sg,13337,0.9592,0.9594,6.09,1651,31fb31a4af2ad58c03d9b62222734768,Substantivo
en,English,screen,screen,n,sg,443,0.9594,0.9653,6.6,1653,3427b246d72a3ab575f10c46b1f12ea6,Substantivo
en,English,constant,constant,adj,,625,0.9594,0.9614,4.97,1653,923b30bbff57b1debd51899945661c4a,Adjetivo
en,English,swim,swim,vblex,pres,5295,0.9595,0.9635,8.65,1655,2c370f156deb55e34cde0fe1f51f826a,Verbo
en,English,palace,palace,n,sg,497,0.9595,0.9665,5.61,1655,a3b49b843b5e2d201f62cd1d5960b0d4,Substantivo
en,English,october,october,n,sg,2118,0.9596,0.9643,5.33,1657,5c3b67e9063fb34719083d58612412f4,Substantivo
en,English,positive,positive,adj,,730,0.9596,0.9641,4.99,1657,d7fb40fb9498b0a901f185457def18fe,Adjetivo
en,English,humans,human,n,pl,409,0.9597,0.9672,4.49,1659,f7a1e4025cf5ec4e520cb4c914fdb770,Substantivo
en,English,equipment,equipment,n,sg,154,0.96,0.9577,4.06,1660,8dfce586fc06826a01185658d84d9aaf,Substantivo
en,English,objective,objective,n,sg,232,0.9601,0.9644,6.14,1661,6b741ac831017a8ec64761896998583d,Substantivo
en,English,international,international,adj,,940,0.9602,0.9622,5.32,1662,ba53511c9f3fb2a837d197c94a6c4c3c,Adjetivo
en,English,generation,generation,n,sg,2029,0.9603,0.9634,6.52,1663,e3c71404c219ae1ca7c1768b7a3cfc95,Substantivo
en,English,return,return,vblex,inf,200,0.9605,0.9464,8.2,1664,5a471db59c4da1ec72c0a1b232e25435,Verbo
en,English,answer,answer,n,sg,7161,0.9606,0.9588,5.95,1665,95dc29ad24c94844b57f6f531b805ca7,Substantivo
en,English,users,user,n,pl,1844,0.9607,0.964,4.9,1666,065dcc8f1aea8654122bef6e29c890f5,Substantivo
en,English,study,study,vblex,pres,723,0.9609,0.9622,4.74,1667,b95f17cbbb14075baf670b2cf2b30479,Verbo
en,English,american,american,adj,,1105,0.961,0.9657,6.47,1668,7e8e5ea7296acc4330ba59844fd2086a,Adjetivo
en,English,jump,jump,vblex,pres,261,0.961,0.9671,4.84,1668,a470779f10d2ba60f007f9f9310be421,Verbo
en,English,report,report,n,sg,414,0.961,0.9588,4.89,1668,f5b28a66bba8cd734050788d604a6741,Substantivo
en,English,produce,produce,vblex,pres,310,0.9611,0.9659,6.44,1671,08f9b861bca6cbc7d00d151668ba7923,Verbo
en,English,turtle,turtle,n,sg,13287,0.9612,0.9613,12.93,1672,179dc23eaea411d9839e3ec0ff7dfc15,Substantivo
en,English,dad,dad,n,sg,1972,0.9614,0.9632,4.51,1673,406a80af88fdc0a04bff7dba07e36ec9,Substantivo
en,English,sugar,sugar,n,sg,17818,0.9615,0.9629,7.55,1674,099dfb07f4ace185b82838c1fb5781ff,Substantivo
en,English,frame,frame,n,*numb,525,0.9619,0.9655,4.51,1675,e73c7d7d3bbb637ee81e3507bcd6b668,Substantivo
en,English,bar,bar,n,sg,430,0.962,0.9689,4.9,1676,353fcd2bfc9404d81d7ae4a8b216e19d,Substantivo
en,English,global,global,adj,,714,0.962,0.9662,4.66,1676,b81658376be213d18ed7d1b12a7ea2a6,Adjetivo
en,English,option,option,n,*numb,106,0.9623,0.9606,3.71,1678,4df04ee7d7d3fd8f3325d7d40a7d3aca,Substantivo
en,English,gold,gold,n,sg,106,0.9623,0.9658,4.05,1678,81bd2bc122b44acf0773dd58797f928f,Substantivo
en,English,cold,cold,adj,sint,111,0.9625,0.9649,3.96,1680,2b7ea578084e2580b4339b9a423a009d,Adjetivo
en,English,impossible,impossible,adj,,1019,0.9625,0.9632,6.2,1680,4bab7e2d684fda715da8d32716a9bdad,Adjetivo
en,English,returned,return,vblex,past,178,0.963,0.972,4.97,1682,0446a321e3a3d403a216e12742adbe0a,Verbo
en,English,hand,hand,n,*numb,117,0.963,0.958,3.59,1682,5b444450776a054f84d6d2425099e9d3,Substantivo
en,English,fly,fly,vblex,pres,199,0.9631,0.9749,5.91,1684,12f2d8b84fcc2cb5dc23baf3c8eeb9d3,Verbo
en,English,bridge,bridge,n,sg,802,0.9631,0.9629,6.29,1684,7ac56359d01420803f98c9c80ef266e8,Substantivo
en,English,price,price,n,sg,177,0.9631,0.9673,5.56,1684,d1377e22e129fc3e45bdf8c9020a4409,Substantivo
en,English,form,form,vblex,pres,727,0.9632,0.9626,5.15,1687,96d7cd238957a2f14d4282757b35ee11,Verbo
en,English,market,market,n,*numb,425,0.9633,0.9618,2.89,1688,b3c769ebe0e7f7af37d30deea231d358,Substantivo
en,English,negative,negative,adj,,715,0.9634,0.9577,4.77,1689,7222248515178b6b862c65dd3c55ea4b,Adjetivo
en,English,calendar,calendar,n,sg,2613,0.9636,0.9638,6.9,1690,ba02d44835763e99e1835dc3cc75f60b,Substantivo
en,English,plant,plant,n,sg,128,0.9637,0.9606,4.48,1691,e76eaba8248406e6505e9ee3151199bd,Substantivo
en,English,skin,skin,n,sg,106,0.9638,0.9618,3.71,1692,5466d9711db09aeb14a0437210d02e01,Substantivo
en,English,cycle,cycle,n,sg,1875,0.9644,0.9646,7.25,1693,171a78bdf72165770176578a19b4730c,Substantivo
en,English,identity,identity,n,sg,387,0.9647,0.9615,122.72,1694,3e7c3d06f5c343fd65f759998ecc8f3c,Substantivo
en,English,division,division,n,sg,114,0.9649,0.9534,4.67,1695,6a2818cbb81414d5e4f5e2c5dd237687,Substantivo
en,English,support,support,n,sg,134,0.9649,0.9637,4.67,1695,dace299f2d2c3e4edb094c3c613569f5,Substantivo
en,English,studio,studio,n,sg,320,0.9651,0.9692,4.41,1697,731af150398c920edfe4fa0c7a877f0c,Substantivo
en,English,decade,decade,n,sg,1589,0.9653,0.9683,5.77,1698,2affb0a30d29288dd767f78a90213652,Substantivo
en,English,distribution,distribution,n,sg,131,0.9654,0.96,4.47,1699,5a7eb5a7499fc1370fa3e27a2a27aaba,Substantivo
en,English,team,team,n,sg,126,0.9656,0.965,4.01,1700,1e2d73f73a1eed13a445fe5be20d8e7f,Substantivo
en,English,communication,communication,n,*numb,102,0.9657,0.9671,7.42,1701,ece6433d52e84e0531634c5db7474c4c,Substantivo
en,English,influence,influence,n,sg,357,0.9661,0.9649,137.76,1702,9690f04b58efb77426f9c3b6bfccc39b,Substantivo
en,English,area,area,n,*numb,377,0.9662,0.9661,3.26,1703,879cc8ae2f3c682f6d598cb375b98e32,Substantivo
en,English,luck,luck,n,sg,403,0.9663,0.9731,138.34,1704,454bef2effc2f6ddb775a3bb6427160d,Substantivo
en,English,poetry,poetry,n,sg,119,0.9664,0.9671,3.55,1705,bf8cdfc5eb0369629119a7321e228d51,Substantivo
en,English,question,question,n,sg,7247,0.9671,0.9628,7.06,1706,1c1d2e454e5e8b32fb813270564fa0e8,Substantivo
en,English,award,award,n,sg,104,0.9671,0.9615,4.28,1706,3decaceb8485a5a8e9e3319319ba17a0,Substantivo
en,English,interior,interior,n,sg,381,0.9672,0.967,5.07,1708,816ef0939ca1a3afa4df6674d085fcb7,Substantivo
en,English,entry,entry,n,sg,117,0.9672,0.9727,4.67,1708,e88ee5dafbfb9efcf5ec182117fae8b7,Substantivo
en,English,love,love,n,sg,168,0.9673,0.9594,6.2,1710,ff78c3bac4e437bf6868e79bbbc2fa84,Substantivo
en,English,effect,effect,n,sg,108,0.9676,0.9702,4.87,1711,93bfc83ff5efe2df10bfa07a01f8fa85,Substantivo
en,English,moment,moment,n,*numb,2100,0.9676,0.966,5.14,1711,a795ebc1f3594828969e8c2fe544f983,Substantivo
en,English,object,object,n,sg,407,0.9678,0.9678,5.69,1713,6b987c64130fc5846f4c8e7978240de9,Substantivo
en,English,fashion,fashion,n,sg,109,0.9679,0.9728,3.29,1714,19b84fe26675ff460d0165742e21ec93,Substantivo
en,English,page,page,n,*numb,411,0.968,0.9679,3.77,1715,8b938fbf0a8c2b5b6da9b7d61019fa2e,Substantivo
en,English,power,power,n,*numb,344,0.968,0.9683,150.9,1715,a73a4c30e5499fa9c1a586ce9ef0764e,Substantivo
en,English,works,work,vblex,pri;p3;sg,817,0.9681,0.9715,5.63,1717,1a0a7e1342e6c10be8ea6f0f80248039,Verbo
en,English,average,average,n,sg,262,0.9682,0.9677,5.53,1718,af5ef30dc906dacf4e1d7d721c980ce6,Substantivo
en,English,famous,famous,adj,,798,0.9683,0.9702,6.12,1719,432e66a2e8e2ee57849fa6c2ffff5837,Adjetivo
en,English,preparation,preparation,n,sg,195,0.9684,0.9688,5.05,1720,f7fe78a6c9a0b00bde1164cddddf60d8,Substantivo
en,English,hello,hello,ij,,20914,0.9689,0.9712,8.5,1721,764e3dc3b4ba7256526f0b66c33d778d,ij
en,English,win,win,vblex,inf,198,0.9689,0.96,6.04,1721,8e4e214c465e389726b535fc48fc07b4,Verbo
en,English,account,account,n,sg,110,0.9689,0.9603,3.71,1721,f493dd2e71e17430236834a65f088f81,Substantivo
en,English,revolution,revolution,n,sg,544,0.97,0.9733,5.61,1724,317d39ed4c865772031895cdba373927,Substantivo
en,English,color,color,n,*numb,395,0.97,0.9648,1.48,1724,5c29e0b3078fd715669269f03a05552c,Substantivo
en,English,guide,guide,n,sg,484,0.97,0.9721,4.06,1724,f17d1377cd5edad2f33577e04f5908ad,Substantivo
en,English,minute,minute,n,*numb,1758,0.9705,0.9694,3.63,1727,0e138163a4ea4ca818b272c5a2ca02ca,Substantivo
en,English,institution,institution,n,*numb,370,0.9707,0.9708,3.53,1728,df1736e0410dc4fdd43632359fc0c883,Substantivo
en,English,office,office,n,*numb,385,0.9708,0.9624,3.06,1729,17218bab0a11f3421519e5a4ed662e70,Substantivo
en,English,interview,interview,n,sg,6480,0.9708,0.9734,10.49,1729,da897a6b4e4977a954176363edf44bf1,Substantivo
en,English,hat,hat,n,*numb,553,0.9711,0.9699,1.97,1731,a220ccbff7f0cada80263ce9a0723373,Substantivo
en,English,port,port,n,sg,366,0.9713,0.9729,4.15,1732,0fca99b76bb2c3b49abaac5c53819531,Substantivo
en,English,initiative,initiative,n,sg,270,0.9716,0.9676,99.43,1733,08176de7d6988ded6d2f98ee669896a0,Substantivo
en,English,bye,bye,ij,,17330,0.9716,0.9746,9.31,1733,87c450efea56f8f35f5ca4e48906a192,ij
en,English,text,text,n,sg,119,0.972,0.9772,5.39,1735,414a235e904ebd10d2ec98292c9a3bc1,Substantivo
en,English,actor,actor,n,*numb,1976,0.9722,0.9709,4.33,1736,ce853b87409bb514828949eb656afc6d,Substantivo
en,English,lost,lose,vblex,pp,260,0.9724,0.9773,3.46,1737,d03f970b5e10716a3af470dc2566bd3a,Verbo
en,English,discipline,discipline,n,sg,200,0.9725,0.9774,4.74,1738,b3ce45630b436060a261005e3f61259b,Substantivo
en,English,illness,illness,n,sg,110,0.9727,0.9686,4.61,1739,6939f44d6c2512ab1eb2fe0ac26a017d,Substantivo
en,English,section,section,n,sg,260,0.9728,0.9766,3.57,1740,8583377c4f4fa5019395b70acf1c0458,Substantivo
en,English,force,force,n,sg,308,0.9729,0.9686,100.76,1741,15094ff8fd7aeda7d0d2af3a176896a7,Substantivo
en,English,light,light,n,*numb,273,0.9731,0.97,3.55,1742,4645e78d3f069cacf6c616a17003ee99,Substantivo
en,English,view,view,n,sg,131,0.9733,0.9702,3.66,1743,f351ab0a452faef59586dbd8c5806a54,Substantivo
en,English,element,element,n,*numb,408,0.9734,0.9689,3.35,1744,83b61be603ffcac29cc3f871dc3e4b76,Substantivo
en,English,construction,construction,n,sg,107,0.9735,0.9753,4.56,1745,05b0ff9c0c432e95cf720ebaf40c7c85,Substantivo
en,English,structure,structure,n,sg,126,0.9735,0.9783,4.41,1745,6fc062178932fec439abcd9d5c756bf9,Substantivo
en,English,quality,quality,n,sg,355,0.9739,0.9675,143.2,1747,68efec1eee05537d817317aaa4434134,Substantivo
en,English,oil,oil,n,sg,14018,0.9741,0.9755,7.58,1748,842443fda40da053ff7f8d68c1af99b8,Substantivo
en,English,died,die,vblex,past,175,0.9749,0.9811,4.73,1749,8c1991bd512c5f4650b7b276cbac81b4,Verbo
en,English,suit,suit,n,*numb,473,0.9757,0.9709,1.72,1750,26d72c35c20a57d94520a47a291ea26a,Substantivo
en,English,work,work,vblex,pres,3349,0.9757,0.9784,9.58,1750,59c0b5acd6bc34ced372852c86fff52b,Verbo
en,English,understand,understand,vblex,inf,173,0.9757,0.9731,6.29,1750,a7476505f6fb5051fe12ef6630255d16,Verbo
en,English,return,return,vblex,pres,765,0.9763,0.978,5.01,1753,582d6a3cf7b7d7d02eeadf9f382bb202,Verbo
en,English,literature,literature,n,sg,108,0.9769,0.9796,3.51,1754,734cf260c003bd10d29a3935dff01c4f,Substantivo
en,English,executive,executive,n,sg,1784,0.9775,0.9791,3.79,1755,6adc0931856a15eea1af83f82e1900f4,Substantivo
en,English,style,style,n,sg,134,0.9776,0.9834,4.05,1756,79518f4c1e1dad86d5c7a1aaa44d98f0,Substantivo
en,English,production,production,n,sg,134,0.9776,0.982,4.53,1756,e090b0a54187cae69ac09f8f8db758ed,Substantivo
en,English,formal,formal,adj,,643,0.9777,0.975,4.85,1758,42086cc622578cec1b4be4f3d0bae6a6,Adjetivo
en,English,beauty,beauty,n,sg,339,0.9778,0.9798,138.7,1759,1ec4f3e580ecc73131362e014637709d,Substantivo
en,English,program,program,n,sg,259,0.979,0.9801,3.69,1760,a503ce765d64897a0bf76d257415e323,Substantivo
en,English,description,description,n,sg,136,0.9804,0.9766,4.74,1761,827f6c3931503c188db0a49f4e6680bf,Substantivo
en,English,vehicle,vehicle,n,*numb,744,0.9805,0.9811,4.17,1762,e204b7b7ec85664f4c085772388d7a4e,Substantivo
en,English,second,second,n,sg,1537,0.9808,0.9843,5.48,1763,04f5366dfafae177e3c739002e38ef4a,Substantivo
en,English,dress,dress,n,*numb,721,0.9813,0.9809,1.89,1764,53f8fb406c1596d62731dd4f68f110bf,Substantivo
en,English,step,step,n,sg,135,0.9815,0.9879,3.59,1765,76c4a30e752e34c5e87e9024e39c888a,Substantivo
en,English,dance,dance,n,sg,110,0.9818,0.9858,3.37,1766,ef6657861908062a628d6acdceaee77d,Substantivo
en,English,answer,answer,n,*numb,357,0.9818,0.9821,2.1,1766,fee4e8a47716cb02492873f914168d67,Substantivo
en,English,that,that,cnjsub,,132,0.9823,0.9708,1.8,1768,00d9305a5d7961c44be1340454bb6fe6,Conjunção
en,English,player,player,n,*numb,104,0.9837,0.9824,2.96,1769,3b9b41a115ea1f705cf3b5b57ff9d00f,Substantivo
en,English,inside,inside,n,sg,380,0.9842,0.9855,4.51,1770,c102e5c97c47d7f34be51e5aaa5c811d,Substantivo
en,English,logic,logic,n,sg,218,0.9847,0.9867,4.92,1771,b69b87b22ab819bd8cb1c60a96fa7cfa,Substantivo
en,English,access,access,n,sg,121,0.9848,0.9827,3.53,1772,48dac5edb4f1e6cf9b3e20e15247d67d,Substantivo
en,English,arts,art,n,pl,106,0.9858,0.9869,3.91,1773,8a93d138cb9735983812f5703602312a,Substantivo
en,English,sound,sound,n,sg,108,0.9861,0.9869,3.95,1774,2f4d1dbe7bb8e1c271fcdf30baf47cc5,Substantivo
en,English,system,system,n,*numb,148,0.9865,0.9873,4.11,1775,34cd805c3a52b2ffc6bd79ffafe8e326,Substantivo
en,English,universe,universe,n,sg,100,0.99,0.9926,3.36,1776,2cdeb235e967cf00f40db08cb400789f,Substantivo
en,English,level,level,n,*numb,110,0.9909,0.9918,3.42,1777,40a88eaa860cbcc3ab73255f8beffb4e,Substantivo
en,English,adventure,adventure,n,sg,570,0.9918,0.991,4.69,1778,fae489158d6f49550af178b03a6d204e,Substantivo
en,English,question,question,n,*numb,345,0.9927,0.9854,2.02,1779,ca8c7e87e341fbd557221991cb40fc70,Substantivo
en,English,cooking,cook,vblex,ger,120,0.9931,0.9877,4.93,1780,40b4df5b7959aee1d3bb838531a871cc,Verbo
en,English,activity,activity,n,*numb,113,0.9956,0.9926,3.65,1781,683f513452e2f0bee83b9abbaef18014,Substantivo
en,English,mine,mine,prn,pos;mf;sp,249,0.996,0.9957,3.84,1782,4b3a6803e9435ebf7220c887cad0f41f,Pronome
es,Spanish,plantea,plantear,vblex,pri;p3;sg,138,0.5674,0.5978,5.17,1,58a5e4f8624f5bfadbac373b3a9f7e49,Verbo
es,Spanish,pensé,pensar,vblex,ifi;p1;sg,121,0.6202,0.6788,5.95,2,a0e5f5ed0e8915447a636ff742347ec5,Verbo
es,Spanish,pesar,pesar,vblex,inf,121,0.6508,0.7,6.45,3,64cb817550d8a22d2ba5d60909f39b58,Verbo
es,Spanish,dejaron,dejar,vblex,ifi;p3;pl,140,0.6614,0.7076,10.08,4,e5b279f87bbdd6422ed3ca8431e72ed5,Verbo
es,Spanish,vez,vez,n,f;sg,1862,0.7041,0.7353,6.02,5,55104c93ec43892a204b8efde99ebcd4,Substantivo
es,Spanish,vieron,ver,vblex,ifi;p3;pl,262,0.7223,0.7619,8.75,6,910e54b135aa6f42471c6a0bc579813b,Verbo
es,Spanish,permitió,permitir,vblex,ifi;p3;sg,162,0.7258,0.7557,6.28,7,3047f1f3f06efc92c443353296fe74b5,Verbo
es,Spanish,punta,punta,n,f;sg,357,0.7291,0.7683,4.46,8,3268da123e0279ee8aaa050baad1b966,Substantivo
es,Spanish,regreso,regresar,vblex,pri;p1;sg,214,0.7354,0.784,4.95,9,00b9a8a85efcc967dedf57d9ac0082fa,Verbo
es,Spanish,oí,oír,vblex,ifi;p1;sg,295,0.7355,0.7796,8.65,10,2ed27542f3fc96912c04111bc39d3059,Verbo
es,Spanish,estado,estar,vblex,pp;m;sg;@present_perfect,219,0.7368,0.7674,14.28,11,cad8051dd0d34ac5e44bed47ae21f8b6,Verbo
es,Spanish,manifiesta,manifestar,vblex,pri;p3;sg,129,0.739,0.7895,5.26,12,f2f0e9c1ded74b67fbad9203929479a5,Verbo
es,Spanish,actualmente,actualmente,adv,,592,0.7418,0.7755,5.83,13,9b4902cf8085d60f706a9ac78120d256,Advérbio
es,Spanish,tocó,tocar,vblex,ifi;p3;sg,175,0.742,0.7934,5.76,14,99efdbf207f43ea251b7680a69618883,Verbo
es,Spanish,nuestras,nuestro,adj,pos;f;pl,112,0.7426,0.7753,6.7,15,26fc96cfed0ba855690807a158836075,Adjetivo
es,Spanish,gustó,gustar,vblex,ifi;p3;sg,203,0.7457,0.8012,7.76,16,44be0fe117b2fc1fb5ccfadb2f38777b,Verbo
es,Spanish,del,de,pr,,1595,0.7466,0.7661,5.64,17,f64bc825890f5bd798ddba1e4fc1b474,Preposição
es,Spanish,visto,ver,vblex,pp;m;sg;@present_perfect,250,0.7472,0.7697,16.31,18,67112d20b09bff21f9441b6133d26a55,Verbo
es,Spanish,allí,allí,adv,,899,0.7492,0.7732,8.57,19,48caa96ec840ecefdc2eaa911c58dbf2,Advérbio
es,Spanish,cárcel,cárcel,n,f;sg,287,0.7505,0.8,4.1,20,8dc8e4152c674bb70662a49c3214dda3,Substantivo
es,Spanish,interesa,interesar,vblex,pri;p3;sg,168,0.752,0.7702,4.56,21,9b04a64b435d665c17fd8370b5a7b680,Verbo
es,Spanish,seguida,seguir,vblex,pp;f;sg,113,0.7546,0.7753,8.8,22,7389aa43709c8fefcf25f380b925e39d,Verbo
es,Spanish,todos,todo,prn,tn;m;pl,260,0.7548,0.7781,13.05,23,6770936d27f2f8883d89f77c9820f6fd,Pronome
es,Spanish,afirmó,afirmar,vblex,ifi;p3;sg,116,0.7552,0.7736,5.65,24,8407f56bdadfd136da7393dae14366d7,Verbo
es,Spanish,beber,beber,vblex,inf,470,0.7555,0.7819,21.55,25,539ffe9f92f664315f8b3e7e0428e6e5,Verbo
es,Spanish,juzgado,juzgado,n,m;sg,345,0.7557,0.7946,4.51,26,8965a6849bdad3d5a52a29cc50c1a8dc,Substantivo
es,Spanish,tratado,tratar,vblex,pp;m;sg;@past_perfect,106,0.756,0.777,4.92,27,7892029a4f43cf9217b80ac7ef94e26d,Verbo
es,Spanish,ocurrió,ocurrir,vblex,ifi;p3;sg,105,0.7571,0.8058,4.22,28,808641ba44ecadb19e9c7c0b67904b41,Verbo
es,Spanish,gasto,gastar,vblex,pri;p1;sg,140,0.7593,0.7887,4.9,29,627158746490e62f98f9a6eb0abf8ecf,Verbo
es,Spanish,quise,querer,vblex,ifi;p1;sg,166,0.7605,0.8051,6.25,30,8d695f67d63a6fcd065eab8a69abf1b3,Verbo
es,Spanish,comenzaron,comenzar,vblex,ifi;p3;pl,103,0.7605,0.8092,4.84,30,b4f9e2e444ab3b66434808e06f5b90fa,Verbo
es,Spanish,informó,informar,vblex,ifi;p3;sg,121,0.7614,0.7967,5.79,32,72105b6e4e7bc7adb04bcee81a5a8b3d,Verbo
es,Spanish,viste,ver,vblex,ifi;p2;sg,209,0.7628,0.7872,6.0,33,4e81af4ceb94eeb2c350ef6593680dab,Verbo
es,Spanish,les,prpers,prn,pro;p3;mf;pl,818,0.7642,0.8137,21.33,34,1f3913c124a1e1684f525887a9ba796e,Pronome
es,Spanish,que,que,rel,an;mf;sp,250,0.7643,0.7724,32.16,35,5d8ba681517b66831f4379c7c9f44302,rel
es,Spanish,tiro,tirar,vblex,pri;p1;sg,115,0.7643,0.7917,4.07,35,a152ae24b89673a677f54804ae9e087e,Verbo
es,Spanish,informa,informar,vblex,pri;p3;sg,140,0.767,0.7732,4.74,37,d87c87e8edd5b65bceb27ebe0d12357e,Verbo
es,Spanish,siente,sentir,vblex,pri;p3;sg,676,0.7679,0.7958,6.53,38,7beff36a5fcd6b62f551b24bb47199ab,Verbo
es,Spanish,nadie,nadie,prn,tn;m;sg,125,0.7679,0.7969,11.39,38,e7645b5203b620ff8677b51c7362307d,Pronome
es,Spanish,conviene,convenir,vblex,pri;p3;sg,151,0.7682,0.8009,4.02,40,69d9ff69d6fbfeccf44da37a49d121d5,Verbo
es,Spanish,novia,novio,n,f;sg,146,0.77,0.7949,1.92,41,01b46c6746a11b267804786bf111a288,Substantivo
es,Spanish,dicho,decir,vblex,pp;m;sg;@present_perfect,102,0.7724,0.7838,6.71,42,02fcf6282c7dd18b4449005b07671515,Verbo
es,Spanish,demasiado,demasiado,adv,,828,0.7727,0.803,8.68,43,83ac91ed3d3bccce0fd867c3f883884d,Advérbio
es,Spanish,resulta,resultar,vblex,pri;p3;sg,677,0.7733,0.8106,7.43,44,3f9fc1fde9bf3459980d6fd6b8563226,Verbo
es,Spanish,siquiera,siquiera,adv,,520,0.7737,0.8096,5.45,45,cfefcecd5db12a1492e84fe991cb4046,Advérbio
es,Spanish,tampoco,tampoco,adv,,622,0.7742,0.8171,5.93,46,9396cd578698b0bb866b763fe049692e,Advérbio
es,Spanish,vio,ver,vblex,ifi;p3;sg,353,0.7753,0.7983,8.37,47,39258be9c2ff69a658a51a4d69a82955,Verbo
es,Spanish,se,se,prn,pro;ref;p3;mf;sp,1990,0.7772,0.8326,40.06,48,7f267d78f2f694eb793e89a9a33f4193,Pronome
es,Spanish,le,prpers,prn,pro;p3;mf;sg,1415,0.7774,0.8151,24.04,49,37c2cf9dc926fcfb48440a4e4e6b6812,Pronome
es,Spanish,he,haber,vbhaver,pri;p1;sg;@present_perfect,676,0.7786,0.8156,39.15,50,bf96473ca158af32f69b1c191e87fb2f,vbhaver
es,Spanish,manifestó,manifestar,vblex,ifi;p3;sg,100,0.7792,0.8245,5.98,51,4ded332c47114227d9817c8ffc4d5a74,Verbo
es,Spanish,mapa,mapa,n,m;sg,583,0.7797,0.808,5.43,52,88ef4511491941bd57d03f04538d8710,Substantivo
es,Spanish,sofá,sofá,n,m;sg,1820,0.7807,0.8025,7.87,53,95a546f2a7191f600c9205146d2c3c73,Substantivo
es,Spanish,caminando,caminar,vblex,ger,126,0.7831,0.7965,9.27,54,310ffb7c85104b11d7c9c13db24759d1,Verbo
es,Spanish,gustaron,gustar,vblex,ifi;p3;pl,178,0.7836,0.8158,5.61,55,b07e15c2132dfa7f9547d4c26679b7fd,Verbo
es,Spanish,peor,peor,adj,mf;sg,577,0.7851,0.8134,6.0,56,7afd7f7a01f1b62678f0423184443da5,Adjetivo
es,Spanish,mediodía,mediodía,n,m;sg,1317,0.7852,0.827,5.88,57,da25ed3b50afc6cd283807d9df8d3710,Substantivo
es,Spanish,comentó,comentar,vblex,ifi;p3;sg,106,0.7856,0.8171,6.87,58,76a0828ed69ef051f027e111a7c31cee,Verbo
es,Spanish,ocupa,ocupar,vblex,pri;p3;sg,198,0.7862,0.8047,4.59,59,a9eae79be7ad57ad9254288f413aa789,Verbo
es,Spanish,ha,haber,vbhaver,pri;p3;sg;@present_perfect,698,0.7864,0.8234,39.04,60,71eb5ec95eef38489f5b9d7ed7a18e28,vbhaver
es,Spanish,hizo,hacer,vblex,ifi;p3;sg,114,0.7873,0.83,5.87,61,c8e31c333ab7ee0d28c485c8c72a39d5,Verbo
es,Spanish,días,día,n,m;pl,151,0.7886,0.8164,13.68,62,61fa8ebfefce07404bfde48b216101ae,Substantivo
es,Spanish,adelante,adelante,adv,,462,0.7896,0.8114,5.2,63,9f458094bd98b274d921e2ce538c6807,Advérbio
es,Spanish,quisieron,querer,vblex,ifi;p3;pl,141,0.7897,0.8238,4.89,64,2dce20a5a6386c5471e38f66e51a5673,Verbo
es,Spanish,dijo,decir,vblex,ifi;p3;sg,287,0.7904,0.8101,9.79,65,ea256ca56a1684551a2cbcb6dfc845df,Verbo
es,Spanish,tantos,tanto,det,qnt;m;pl,562,0.7905,0.8276,5.56,66,0469c4a740dd41df5add6c96c8fa2ac7,Determinante
es,Spanish,ejercicio,ejercicio,n,m;sg,181,0.7905,0.8071,13.96,66,ca4d15681ab939b11b59f68d48788dd2,Substantivo
es,Spanish,vi,ver,vblex,ifi;p1;sg,585,0.7912,0.8045,15.7,68,56ed89f17e506c7fe656800daa034f8c,Verbo
es,Spanish,puente,puente,n,m;sg,337,0.7917,0.8287,4.36,69,c63e14236c6d512cd10690fbdde03cbc,Substantivo
es,Spanish,mí,mí,prn,tn;p1;mf;sg,128,0.7923,0.8034,7.11,70,45ef634eee2be5f63b053c4d4c8cbd5b,Pronome
es,Spanish,misión,misión,n,f;sg,119,0.7924,0.8249,8.04,71,559f0320f1894f7c6cd612238063d459,Substantivo
es,Spanish,veces,vez,n,f;pl,1608,0.7926,0.8167,5.77,72,06285f8d7cb2f4bfb718799477942b99,Substantivo
es,Spanish,partir,partir,vblex,inf,116,0.7928,0.8216,7.89,73,df4056944226ac9d7c03eda9af033ccb,Verbo
es,Spanish,violín,violín,n,m;sg,959,0.7934,0.8092,10.82,74,475e2cc683b69c1a66431494975dc3eb,Substantivo
es,Spanish,aproximadamente,aproximadamente,adv,,529,0.7935,0.8091,5.47,75,87194d9381ce07ddfa399a3912fbb725,Advérbio
es,Spanish,todo,todo,prn,tn;m;sg,350,0.7942,0.8303,23.98,76,b3139b6e935e8b1c0461bdcd8858bfde,Pronome
es,Spanish,dejar,dejar,vblex,inf,142,0.7946,0.8115,8.44,77,4bb748bb45fb8315427f42e0318a61eb,Verbo
es,Spanish,logra,lograr,vblex,pri;p3;sg,118,0.7946,0.8462,5.42,77,f97d64e1d4b3dde4ee675e634f268edf,Verbo
es,Spanish,comido,comer,vblex,pp;m;sg;@present_perfect,160,0.795,0.8264,14.28,79,72f1aa43188bf62e6a777b37bc8d8d08,Verbo
es,Spanish,hemos,haber,vbhaver,pri;p1;pl;@present_perfect,372,0.7953,0.8281,18.48,80,39cbb38109a9d150b4d9e819fcbccd91,vbhaver
es,Spanish,hogar,hogar,n,m;sg,307,0.7965,0.8333,4.71,81,a25554fbdd39532aae4ab6649b896129,Substantivo
es,Spanish,secretaría,secretaría,n,f;sg,270,0.7975,0.8433,3.26,82,07165c4ac978f1ba16c6c86c09e88746,Substantivo
es,Spanish,lo,lo,prn,pro;p3;nt,2139,0.7977,0.8306,42.94,83,59821e194376b028d98e0f155f92b6a8,Pronome
es,Spanish,madrugada,madrugada,n,f;sg,1468,0.7982,0.8238,5.38,84,0ed22021bc8923b86c34d3c83b466f57,Substantivo
es,Spanish,mochila,mochila,n,f;sg,528,0.7985,0.8239,5.38,85,9bd3d465e72fb02454c841afafd89dd8,Substantivo
es,Spanish,ver,ver,vblex,inf,431,0.7997,0.812,21.35,86,d6cb45d111f24dd08ffe4a1926328377,Verbo
es,Spanish,desagüe,desagüe,n,m;sg,376,0.7998,0.8357,5.08,87,f0412bacadde0eccd134b9750e6c7b27,Substantivo
es,Spanish,escribir,escribir,vblex,inf,303,0.8,0.82,12.49,88,3006a81fcb7d5ea230417e19b37a3533,Verbo
es,Spanish,conseguir,conseguir,vblex,inf,114,0.8012,0.8024,7.85,89,9d9b5f81db8d708347dc0e9c66879ed7,Verbo
es,Spanish,pantalla,pantalla,n,f;sg,298,0.8012,0.8323,3.92,89,c54dee1e20ea15333be3e55af19fe8b5,Substantivo
es,Spanish,ninguna,ninguno,det,ind;f;sg,241,0.8013,0.8187,4.16,91,342acb1591efdcd7d4196ec4a12498d4,Determinante
es,Spanish,están,estar,vblex,pri;p3;pl,1758,0.8015,0.8228,17.89,92,80b74f0c8c80573914f2d97c36558977,Verbo
es,Spanish,logró,lograr,vblex,ifi;p3;sg,108,0.8021,0.8087,4.8,93,0148a2e0daccb5137132935917526040,Verbo
es,Spanish,inició,iniciar,vblex,ifi;p3;sg,122,0.8026,0.8284,5.95,94,16fd85ab1b2ad669c90a5b306ad38bd5,Verbo
es,Spanish,flauta,flauta,n,f;sg,853,0.8038,0.8173,10.29,95,4bcae2d15767785405baa79a1eb5fd98,Substantivo
es,Spanish,esas,ese,det,dem;f;pl,762,0.8038,0.8173,13.99,95,e586bfc5b615e787ea9a12463bf04dad,Determinante
es,Spanish,tocar,tocar,vblex,inf,279,0.8044,0.8211,13.07,97,569bd0561ddb4a719dd611ab4b3c9291,Verbo
es,Spanish,dirigido,dirigir,vblex,pp;m;sg;@past_perfect,116,0.8046,0.8107,5.71,98,dde053fdd77f8794d29cd844506dc273,Verbo
es,Spanish,usar,usar,vblex,pri;*pers;sg,129,0.8049,0.8061,6.71,99,a49aeba0a0c1819f42a3f4c1cf219aac,Verbo
es,Spanish,estuvieron,estar,vblex,ifi;p3;pl,265,0.8054,0.827,10.79,100,3f393764eb5bbb46f04d43f461e95e59,Verbo
es,Spanish,puerto,puerto,n,m;sg,344,0.8057,0.8318,4.15,101,2db243d81dfb7a3010daffd0b67461b4,Substantivo
es,Spanish,foto,foto,n,f;sg,378,0.8058,0.8405,5.0,102,340f3087f15eca7c515203150283f860,Substantivo
es,Spanish,bicicleta,bicicleta,n,f;sg,206,0.8058,0.8182,1.45,102,5b6c63042e1b0ff3d1078fcbfee29fd2,Substantivo
es,Spanish,desarrolla,desarrollar,vblex,pri;p3;sg,120,0.806,0.8305,4.51,104,6f7539f1b4ea2738865d8fca9ab7c080,Verbo
es,Spanish,recordó,recordar,vblex,ifi;p3;sg,103,0.8066,0.8512,4.54,105,2ccf96c640650a5b0d7f07028cb4d871,Verbo
es,Spanish,odio,odiar,vblex,pri;p1;sg,125,0.8067,0.8352,3.61,106,606a068588f9b6edc974deedb38308bf,Verbo
es,Spanish,merece,merecer,vblex,pri;p3;sg,128,0.807,0.8373,3.24,107,fc2d1909c7ade02a07be51b4248d76bd,Verbo
es,Spanish,mucha,mucho,det,qnt;f;sg,793,0.808,0.826,5.49,108,3679a089860b6abfaa5604e293fd505a,Determinante
es,Spanish,implica,implicar,vblex,pri;p3;sg,192,0.808,0.8106,5.23,108,9592a63dd44136ffd60412d54881a508,Verbo
es,Spanish,habitación,habitación,n,f;sg,308,0.8081,0.8521,3.63,110,b2f5fa94b6678b39bc89de6ccdde1769,Substantivo
es,Spanish,carretera,carretera,n,f;sg,343,0.8081,0.8336,4.51,110,f51940632456ff835a89b79c124dd5a9,Substantivo
es,Spanish,pensó,pensar,vblex,ifi;p3;sg,114,0.8086,0.8421,5.19,112,b3e1fdfe6ba46515b047819658b5d992,Verbo
es,Spanish,novio,novio,n,*gndr;sg,320,0.8091,0.8073,3.44,113,975566e2e78cac01cf835c671cdd5e37,Substantivo
es,Spanish,esquina,esquina,n,f;sg,289,0.8094,0.8266,3.88,114,cfb4b1889725490acbea7d460563e076,Substantivo
es,Spanish,empresa,empresa,n,f;sg,365,0.8096,0.8287,3.93,115,da955ef59496218b3b237adb35e3ff31,Substantivo
es,Spanish,plazo,plazo,n,m;sg,1587,0.81,0.8275,4.94,116,be8546b90dfa8fa072b9cb9c227e891e,Substantivo
es,Spanish,ya,ya,adv,,1253,0.8102,0.8238,11.08,117,3b0db9754137bd911d849d3c82270d18,Advérbio
es,Spanish,de,de,pr,,16520,0.8106,0.8235,41.43,118,99cd0848be9239250ffd99e11add7338,Preposição
es,Spanish,fue,ir,vblex,ifi;p3;sg,256,0.8108,0.8386,9.98,119,830990945db1f039834eba3a2c0be011,Verbo
es,Spanish,pasar,pasar,vblex,pri;p3;*numb,111,0.8108,0.8411,3.97,119,8b69b4bb19db3022d6879b005d2dd47c,Verbo
es,Spanish,ir,ir,vblex,inf,565,0.8109,0.8139,26.02,121,2f2e9c3275b27175db209eccaa8cd4f4,Verbo
es,Spanish,fuente,fuente,n,f;*numb,226,0.8112,0.8227,2.59,122,d46fc1598193923652e7bda42f078ae7,Substantivo
es,Spanish,mundo,mundo,n,m;sg,105,0.8119,0.8467,7.7,123,264e4d01dfd62723a0fc787b68357bad,Substantivo
es,Spanish,estaba,estar,vblex,pii;p1;sg,105,0.8119,0.8363,14.87,123,81ccf6bd4827ca2c268df16a2ca8b77f,Verbo
es,Spanish,terminó,terminar,vblex,ifi;p3;sg,120,0.8121,0.8408,5.38,125,bd2726a1a609bc502f2d3b33f0745004,Verbo
es,Spanish,ocurre,ocurrir,vblex,pri;p3;sg,709,0.8122,0.8249,5.1,126,431cf6bd8ef987203b67b559019b888b,Verbo
es,Spanish,dijeron,decir,vblex,ifi;p3;pl,203,0.8135,0.8469,7.95,127,7faf6d38189c21cf7a000bc44f64df6b,Verbo
es,Spanish,han,haber,vbhaver,pri;p3;pl;@present_perfect,532,0.814,0.8432,24.61,128,64b47325ce8858e8874c63318da90948,vbhaver
es,Spanish,torre,torre,n,f;*numb,226,0.8142,0.8282,2.67,129,8ebe13c4a3b7ea9e88f2aa49b1984707,Substantivo
es,Spanish,hace,hacer,vblex,pri;p3;sg,2801,0.8145,0.8316,6.95,130,9e1e98c90cd2c0ccdab273e35a4fa3db,Verbo
es,Spanish,nacimiento,nacimiento,n,m;sg,1430,0.8151,0.8305,4.72,131,e10bb6b25cc914af6498f6227834a3aa,Substantivo
es,Spanish,hay,hay,vblex,pri;p3;sg,841,0.8154,0.8251,59.79,132,2d4352852e83abf2ab1455d81680dff5,Verbo
es,Spanish,esta,este,det,dem;f;sg,1765,0.8154,0.8315,30.94,132,abdbbca5b3f9399968e7f06c9bde44e7,Determinante
es,Spanish,país,país,n,m;sg,745,0.8155,0.8198,8.38,134,d4549fa8801ecac4967c5d5b6a062233,Substantivo
es,Spanish,ese,ese,det,dem;m;sg,2357,0.8157,0.8334,46.74,135,3778bcfe5412378caeff2f682510cd92,Determinante
es,Spanish,pensar,pensar,vblex,inf;@future_phrasal,103,0.8165,0.8588,6.35,136,e144d5851ef01b0ca9355ef631e0139b,Verbo
es,Spanish,novio,novio,n,m;sg,214,0.8166,0.8209,1.83,137,3ff6f4747d29973c7fbed6066f01ccbc,Substantivo
es,Spanish,hablando,hablar,vblex,ger,102,0.817,0.816,8.99,138,5ec94b17c5ab3ff0b4c2f69aae1b6922,Verbo
es,Spanish,moto,moto,n,f;sg,537,0.817,0.8314,7.73,138,72fe58e73af58743d00f3942f98c81e7,Substantivo
es,Spanish,paro,parar,vblex,pri;p1;sg,158,0.818,0.814,4.08,140,0681d35b93fe31ba1147bf872a96ce5f,Verbo
es,Spanish,resolver,resolver,vblex,inf,102,0.8186,0.8284,8.25,141,70cb76da860964643df9bf0e171d5fd4,Verbo
es,Spanish,comimos,comer,vblex,ifi;p1;pl,196,0.8188,0.8476,12.39,142,54ea6e7ad0807d4d9d66557447f4e624,Verbo
es,Spanish,mucho,mucho,adv,,2350,0.8188,0.8366,17.97,142,643a8f5b512b84a50b0ef7bc3ec91e9f,Advérbio
es,Spanish,llegó,llegar,vblex,ifi;p3;sg,111,0.819,0.8324,4.51,144,edaa0e741bdea8c3d6c759820a8c28d2,Verbo
es,Spanish,termina,terminar,vblex,pri;p3;sg,259,0.8195,0.8431,6.34,145,c60d1f84bd7255d594e9412b9e2dd29c,Verbo
es,Spanish,bebieron,beber,vblex,ifi;p3;pl,236,0.8196,0.8685,9.19,146,09be89e3a26401b75848294903475cdb,Verbo
es,Spanish,tenido,tener,vblex,pp;m;sg;@present_perfect,100,0.8197,0.8258,7.33,147,429a8662c933ee12372991334e325dc2,Verbo
es,Spanish,mostró,mostrar,vblex,ifi;p3;sg,132,0.8198,0.8381,6.1,148,52b79d3d591f5383fbf4c0129ce69c61,Verbo
es,Spanish,rato,rato,n,m;sg,1392,0.8199,0.8426,4.73,149,dcea2ad453bc76875040739378afd5aa,Substantivo
es,Spanish,leer,leer,vblex,inf,477,0.82,0.8262,16.48,150,0bf514fe950f664559f637bd6bf25c27,Verbo
es,Spanish,quedó,quedar,vblex,ifi;p3;sg,114,0.8213,0.8622,5.03,151,db7b5349c38e059904891230599c4e0f,Verbo
es,Spanish,era,ser,vbser,pii;p1;sg,123,0.8215,0.8578,10.32,152,539d82b86bec1d09deea95e488774828,vbser
es,Spanish,nunca,nunca,adv,,2435,0.8217,0.8329,25.24,153,f0433a2b7de413a11e105c29841634fd,Advérbio
es,Spanish,cae,caer,vblex,pri;p3;sg,104,0.8218,0.8867,3.52,154,6b128fc0226a5bfce7be17c265eb3c41,Verbo
es,Spanish,costumbre,costumbre,n,f;*numb,262,0.8219,0.8278,2.98,155,a72eeae6351f8f0580cb2d680a25176b,Substantivo
es,Spanish,al,a,pr,,1207,0.8221,0.8124,6.36,156,7763a12338d58f83841580561e4c1ca2,Preposição
es,Spanish,hermanas,hermano,n,f;pl,2697,0.8224,0.8376,7.26,157,7529576f9e4a7bbde98e81e343bbbc57,Substantivo
es,Spanish,nueve,nueve,num,mf;sp,294,0.8228,0.841,5.59,158,298604e5e05bc903c4e7936c489e7fa9,Numeral
es,Spanish,otro,otro,prn,tn;m;sg,120,0.8229,0.8471,7.88,159,a90151be06084d6c782a02d409eb5150,Pronome
es,Spanish,dije,decir,vblex,ifi;p1;sg,196,0.823,0.8602,6.56,160,4d48d1f8103b3ceb27795a610ac7635b,Verbo
es,Spanish,escritorio,escritorio,n,m;sg,1349,0.8232,0.8403,5.18,161,e3d78f9721ae4195ab8ba6281f0316c9,Substantivo
es,Spanish,verdad,verdad,n,f;sg,103,0.8235,0.8196,8.34,162,6b806f263ddade92145a7ffdae1ca39c,Substantivo
es,Spanish,estar,estar,vblex,inf;@future_phrasal,103,0.8241,0.8411,7.1,163,5d906ab1b60ab0c4dd462fcedbf6478c,Verbo
es,Spanish,gente,gente,n,f;sg,365,0.8245,0.8502,4.73,164,2f090db4f221ee82525dd93497e84c9e,Substantivo
es,Spanish,habíamos,haber,vbhaver,pii;p1;pl;@past_perfect,206,0.8247,0.87,14.27,165,d97c8a18c8f55f0513c400d766c89fa0,vbhaver
es,Spanish,oyó,oír,vblex,ifi;p3;sg,206,0.8252,0.8606,6.45,166,a26fc9cf9d34c08d98934d0b1539c7a0,Verbo
es,Spanish,hablamos,hablar,vblex,ifi;p1;pl,163,0.8258,0.8557,4.99,167,1ab9bcb79bff86826ced113cfd23032e,Verbo
es,Spanish,tijeras,tijeras,n,f;pl,460,0.8258,0.8457,5.0,167,69d94a41927f3cfa517d2303ac206b56,Substantivo
es,Spanish,comer,comer,vblex,inf,1294,0.8261,0.834,46.29,169,e35758ada066b83b2a4561d05ee1d7f5,Verbo
es,Spanish,comeré,comer,vblex,fti;p1;sg,107,0.8263,0.8434,9.92,170,fabf6998ecd05f03e768ab824fc073f3,Verbo
es,Spanish,once,once,num,mf;sp,316,0.8265,0.8399,6.4,171,de49c1660393f25c68c16209bb8ef5fe,Numeral
es,Spanish,maleta,maleta,n,f;sg,586,0.8267,0.8471,7.59,172,377a9092358b1a20f31c6895a4fb1ad2,Substantivo
es,Spanish,esa,ese,det,dem;f;sg,2201,0.827,0.8375,40.87,173,778bb5d81b38659cb4a7dcb77c6df562,Determinante
es,Spanish,casas,casa,n,f;pl,107,0.8271,0.813,1.47,174,ff0bab61247d3f8ffb75acbd588f2822,Substantivo
es,Spanish,habló,hablar,vblex,ifi;p3;sg,321,0.8272,0.8384,8.03,175,8c4cdd9a35ee33abb21ca246929d71eb,Verbo
es,Spanish,vale,valer,vblex,pri;p3;sg,463,0.8274,0.8613,5.31,176,c027248884c3057d74a604c8b574424c,Verbo
es,Spanish,esto,esto,prn,tn;m;sp,679,0.8275,0.8383,13.35,177,a62ac6721b8629d2130a72a4bf55a1a1,Pronome
es,Spanish,llueve,llover,vblex,pri;p3;sg,4091,0.8276,0.8469,7.8,178,836012902ed0ae5d65a6cf6a9d7a863f,Verbo
es,Spanish,toqué,tocar,vblex,ifi;p1;sg,135,0.828,0.859,7.24,179,c9059a234377c8f356c2889e0edac870,Verbo
es,Spanish,demuestra,demostrar,vblex,pri;p3;sg,131,0.8282,0.8333,4.34,180,47a377884e0d39b25dcbb55c2374ad13,Verbo
es,Spanish,sido,ser,vbser,pp;m;sg;@present_perfect,158,0.8284,0.8631,11.06,181,2057318d5f78b6c46b04057c60b8cb5a,vbser
es,Spanish,desear,desear,vblex,pri;*pers;sg,118,0.8284,0.8246,4.48,181,659e60051f3d8edb5e16f916d3ad437a,Verbo
es,Spanish,varias,varios,det,ind;f;pl,105,0.8286,0.8308,9.08,183,5540ce5b7ab9adde5b3a83ae89cd2fd3,Determinante
es,Spanish,tercer,tercer,det,ord;m;sg,240,0.8286,0.8507,4.45,183,dfa24bb4c39862f78426887b55eff513,Determinante
es,Spanish,quedar,quedar,vblex,pri;p3;*numb,635,0.8287,0.8474,6.67,185,b9bf53b86f68c924421b40751e0223ef,Verbo
es,Spanish,cristal,cristal,n,m;sg,297,0.8288,0.8462,3.77,186,c306625edcd3b3081fdc16badf6d49f8,Substantivo
es,Spanish,profesión,profesión,n,f;sg,1083,0.8289,0.845,3.75,187,9db9c9ff62808ff6ef7f27ffb2b72164,Substantivo
es,Spanish,tribunal,tribunal,n,m;sg,378,0.829,0.861,3.72,188,39f49d832b52551a04caaca04367b27f,Substantivo
es,Spanish,estos,este,det,dem;m;pl,558,0.8291,0.8438,11.43,189,375d8d24ac81867eab194f634aa5f947,Determinante
es,Spanish,jardín,jardín,n,m;sg,985,0.8297,0.8456,9.96,190,8ce36e9952652ffcf331183caa9af963,Substantivo
es,Spanish,este,este,det,dem;m;sg,1652,0.8298,0.8366,26.55,191,f0700e2114a636505a5210178d92e980,Determinante
es,Spanish,entra,entrar,vblex,pri;p3;sg,575,0.8301,0.8414,5.67,192,51e57c3c30a15a99cf89ebb79062d56e,Verbo
es,Spanish,van,ir,vblex,pri;p3;pl;@future_phrasal,732,0.8303,0.8456,34.62,193,5d9f8f2abb57a1b903b9c0ec55cc8a25,Verbo
es,Spanish,que,que,cnjsub,,8244,0.8304,0.8438,36.4,194,ad2c56f95c8646373906ccb638c5aa8a,Conjunção
es,Spanish,verdadera,verdadero,adj,f;sg,585,0.8305,0.8601,3.9,195,f5f76be529ffd38208fe2911228e445a,Adjetivo
es,Spanish,hijo,hijo,n,m;sg,4751,0.8306,0.8396,11.7,196,b50078c1723b7128395e7beb0e724978,Substantivo
es,Spanish,muchas,mucho,det,qnt;f;pl,401,0.8306,0.8327,10.75,196,cd411e73e60bdef46d7e6a3aa03081a0,Determinante
es,Spanish,restaurante,restaurante,n,m;sg,1392,0.8312,0.8394,17.46,198,2263cc6b4150b52b5c419083b5cd3aa5,Substantivo
es,Spanish,van,ir,vblex,pri;p3;pl,4126,0.8314,0.8483,7.38,199,0466f54d69e71d498a406cfd76dd2902,Verbo
es,Spanish,dirigente,dirigente,n,mf;sg,930,0.8314,0.8416,3.75,199,615c58059e1483ed84d66a7f54d25fed,Substantivo
es,Spanish,dijiste,decir,vblex,ifi;p2;sg,157,0.8318,0.8528,6.18,201,7420c68e747b9653f04f135096b699b0,Verbo
es,Spanish,afirma,afirmar,vblex,pri;p3;sg,564,0.832,0.8359,4.69,202,00a4d15ee644fafbf2e0b067c652a5bc,Verbo
es,Spanish,cerca,cerca,pr,,2606,0.833,0.8373,6.23,203,fab116ba0fa3d2c90566c88edc41478c,Preposição
es,Spanish,hicieron,hacer,vblex,ifi;p3;pl,159,0.8332,0.8549,7.55,204,17a8578f66b4b158e78af6bbbbbe73a0,Verbo
es,Spanish,traje,traje,n,m;sg,324,0.8333,0.8569,5.09,205,d94038bb60b6d5ad0b43e2f04f9b29a0,Substantivo
es,Spanish,te,prpers,prn,pro;p2;mf;sg,2992,0.8334,0.8597,49.17,206,ab724af62c7e36266ef3b66766d47489,Pronome
es,Spanish,alguna,alguno,det,qnt;f;sg,171,0.8338,0.8549,3.92,207,b4b48a20552d1d6a49aa5a96759e9cea,Determinante
es,Spanish,marcos,marco,n,m;pl,285,0.8344,0.8833,3.48,208,0cddef1bef026e991bdffd14745eef54,Substantivo
es,Spanish,pájaro,pájaro,n,m;sg,9929,0.8348,0.8462,7.26,209,4a557863511d1e6df34858d5b7b4a246,Substantivo
es,Spanish,estuve,estar,vblex,ifi;p1;sg,267,0.8349,0.8452,6.91,210,483615e600687726cbb7e10adccb5b5c,Verbo
es,Spanish,los,prpers,prn,pro;p3;m;pl,621,0.8349,0.8697,17.06,210,c5f9e23319bd9029c19b099a97036be3,Pronome
es,Spanish,tiempo,tiempo,n,m;sg,134,0.8352,0.8524,3.61,212,53f16f87624b64df3b9f96a7b2f724ff,Substantivo
es,Spanish,eso,eso,prn,tn;m;sp,1822,0.8354,0.8473,34.53,213,a1c23041a9f2027af4464f198c2bc0f3,Pronome
es,Spanish,lluvia,lluvia,n,f;sg,230,0.8355,0.8589,10.52,214,5b95d7135c19b8109c38ec64f09a2991,Substantivo
es,Spanish,intentó,intentar,vblex,ifi;p3;sg,118,0.8356,0.8588,5.19,215,f139c035f8ebaafd12838f0f532ff1fd,Verbo
es,Spanish,autoridad,autoridad,n,f;*numb,1025,0.8357,0.837,2.94,216,3eaf4ae39b587219b4faa93f74f92930,Substantivo
es,Spanish,hacer,hacer,vblex,inf,184,0.8361,0.8594,14.79,217,39007b3c41faaa99f950e934fe5429f8,Verbo
es,Spanish,seguir,seguir,vblex,inf,119,0.8361,0.8537,7.33,217,ad2e4bae4ff1e27276047903cc62cc0a,Verbo
es,Spanish,siguen,seguir,vblex,pri;p3;pl,530,0.8362,0.8668,5.82,219,c1e337b87bf17b89291b845d2a74845b,Verbo
es,Spanish,veinte,veinte,num,mf;sp,285,0.8363,0.8548,4.99,220,6d532eb2e2c2107aebca404bf1abe5c5,Numeral
es,Spanish,campana,campana,n,f;sg,404,0.8363,0.872,4.58,220,8eec7a2d53c083e7657ad6d2083e0ad8,Substantivo
es,Spanish,hablé,hablar,vblex,ifi;p1;sg,291,0.8366,0.8534,11.93,222,95d2b92025cd246dca2c0c9181fb30f1,Verbo
es,Spanish,noche,noche,n,f;sg,3846,0.8369,0.8489,13.6,223,95a20c90ee7f92de479d108ff94e81d3,Substantivo
es,Spanish,nos,prpers,prn,pro;p1;mf;pl,1654,0.8369,0.8728,33.22,223,d8e7d9390fd34b4412426351e8866f6e,Pronome
es,Spanish,gustar,gustar,vblex,pri;*pers;*numb,147,0.8371,0.8132,15.86,225,38134316733291f1770181993ba1e143,Verbo
es,Spanish,estar,estar,vblex,inf,415,0.8372,0.8508,16.48,226,995131f55b5016b8418f0b63b47b56a8,Verbo
es,Spanish,sabes,saber,vblex,pri;p2;sg,523,0.8379,0.8717,6.25,227,ac117b648c143b5a176b11fd57ce84b2,Verbo
es,Spanish,ciudad,ciudad,n,f;sg,519,0.838,0.8429,2.49,228,aed721c1d960e7607413825412aa730c,Substantivo
es,Spanish,pasar,pasar,vblex,inf,140,0.8381,0.8308,6.7,229,610bf5d93894e239e9a1074c2107301d,Verbo
es,Spanish,pero,pero,cnjcoo,,4949,0.8385,0.855,11.2,230,548ab26427d176ad6a88862d7d83eaa8,Conjunção
es,Spanish,oficio,oficio,n,m;sg,892,0.8385,0.8495,4.22,230,c8717b9b00c27991085a7c698504ca0f,Substantivo
es,Spanish,anoche,anoche,adv,,1426,0.8387,0.8548,5.86,232,08b5bfeef548a7f46065768ba926e325,Advérbio
es,Spanish,antes,antes,adv,,710,0.8387,0.8557,6.2,232,2de74db7185c5d6ebb23b709441e18ed,Advérbio
es,Spanish,va,ir,vblex,pri;p3;sg,4189,0.8387,0.8619,6.14,232,3d3a87b3103f67ffb17eaaf09e794459,Verbo
es,Spanish,estuviste,estar,vblex,ifi;p2;sg,217,0.8387,0.8516,6.31,232,4a61f84f4e02ba2035559440f42d97c0,Verbo
es,Spanish,vienen,venir,vblex,pri;p3;pl,144,0.8391,0.8744,4.4,236,02c53c0a77d092cb9d28cb1df15a03f6,Verbo
es,Spanish,apenas,apenas,adv,,298,0.8391,0.8755,8.82,236,1f9d90a81f4f2622563a27db9b6ba1a0,Advérbio
es,Spanish,tan,tan,preadv,,1080,0.8391,0.8446,8.54,236,48f7b9ca4acd0a19ac0ff5ccd8cbd65a,preadv
es,Spanish,semanas,semana,n,f;pl,1654,0.8391,0.8475,4.79,236,c3504a8e9bc5ecc9cfe3140596ceef45,Substantivo
es,Spanish,comió,comer,vblex,ifi;p3;sg,341,0.8395,0.855,12.26,240,c91cb366594f14066a072413ae2463c3,Verbo
es,Spanish,esposo,esposo,n,m;sg,3221,0.8397,0.8535,7.73,241,1972b3570ac0b8b2689ba27bef76e819,Substantivo
es,Spanish,gira,girar,vblex,pri;p3;sg,105,0.8397,0.8741,3.85,241,5ef2d717648845af507c44ba188c290c,Verbo
es,Spanish,mantiene,mantener,vblex,pri;p3;sg,555,0.84,0.8678,7.63,243,129698e93cb1c7b7db8b1fa497518db9,Verbo
es,Spanish,quince,quince,num,mf;sp,276,0.84,0.8663,3.78,243,49f3e0b8ad464ddc128a5f7f329a716c,Numeral
es,Spanish,muchos,mucho,det,qnt;m;pl,679,0.8404,0.8543,13.55,245,0fb93d04ce8463abe909abf061db8a52,Determinante
es,Spanish,queremos,querer,vblex,pri;p1;pl,4307,0.8406,0.8665,7.27,246,c881cdec96673108f7ce423962c0346f,Verbo
es,Spanish,busca,buscar,vblex,pri;p3;sg,581,0.8407,0.8642,5.76,247,55662831392f8c4c6b5d72edb03a5697,Verbo
es,Spanish,cara,cara,n,f;sg,363,0.8409,0.8464,4.87,248,2060788a2d15dc835cbc31ff2077541c,Substantivo
es,Spanish,estudiante,estudiante,n,mf;sg,308,0.8409,0.8407,1.41,248,76fc09e6bb1425ea111861e87c498b7c,Substantivo
es,Spanish,esponja,esponja,n,f;sg,1327,0.8409,0.8544,5.1,248,7a0f93452d348dfa7d8020e24a41d1ad,Substantivo
es,Spanish,aquí,aquí,adv,,1688,0.8409,0.8549,12.97,248,e5e782eec70b005a0653cc932ebc18e3,Advérbio
es,Spanish,añade,añadir,vblex,pri;p3;sg,160,0.8412,0.8683,5.8,252,1e5d29d66218f6f61b3fcf2cb93524c5,Verbo
es,Spanish,vamos,ir,vblex,pri;p1;pl;@future_phrasal,734,0.8413,0.862,42.02,253,19ce1c76f83b4c311fee6139b33ce7b3,Verbo
es,Spanish,hablamos,hablar,vblex,pri;p1;pl,163,0.8415,0.8599,2.95,254,0a3a7eff5adffa87a3bce9f43cd2bf8d,Verbo
es,Spanish,negó,negar,vblex,ifi;p3;sg,122,0.8415,0.8705,5.75,254,dd74d1841a6cb10ac7c6f60cd13b9686,Verbo
es,Spanish,par,par,n,m;sg,312,0.8416,0.8513,4.39,256,4a8d295fb56bc658cb2fc20f3d0083f4,Substantivo
es,Spanish,cocinada,cocinar,vblex,pp;f;sg,106,0.8417,0.8404,8.74,257,f106a2087328fa0ce15913f15de7cc0f,Verbo
es,Spanish,tener,tener,vblex,inf,173,0.842,0.856,12.83,258,0d82cdf5717de174c504e901ba8597b1,Verbo
es,Spanish,avenida,avenida,n,f;sg,290,0.842,0.8789,3.71,258,6895714618d4131cc6afa697eb6bc841,Substantivo
es,Spanish,hija,hijo,n,f;sg,3948,0.8421,0.8479,9.22,260,0c12f245654c58b47faf41e7c2f5963b,Substantivo
es,Spanish,comenzó,comenzar,vblex,ifi;p3;sg,139,0.8423,0.8636,5.96,261,e664db1d3e34035618fa6287f64f44ec,Verbo
es,Spanish,habían,haber,vbhaver,pii;p3;pl;@past_perfect,213,0.8424,0.8691,13.16,262,0dace04f873e0896f0cf10a490e3c284,vbhaver
es,Spanish,está,estar,vblex,pri;p3;sg,3095,0.8425,0.8496,40.65,263,ca654a5855afacd3c7f6b4ab98390ae2,Verbo
es,Spanish,quedan,quedar,vblex,pri;p3;pl,108,0.8426,0.8537,1.51,264,a09be7035428c6d7611e2285c7e7e108,Verbo
es,Spanish,historia,historia,n,f;*numb,107,0.8427,0.8251,4.29,265,c21e7fa984ee20727b8ca74b5f8f8f5c,Substantivo
es,Spanish,otra,otro,prn,tn;f;sg,106,0.8428,0.8601,5.45,266,242580dbd67ed77fb72335643fbe9fe6,Pronome
es,Spanish,portavoz,portavoz,n,mf;sg,1188,0.8429,0.8541,4.38,267,2c463db3713709064ef9df5e42f57c21,Substantivo
es,Spanish,futuro,futuro,adj,m;sg,667,0.8429,0.8759,5.0,267,b32fbb7934dec689c835d820a3694d6a,Adjetivo
es,Spanish,lugar,lugar,n,m;*numb,318,0.843,0.8631,3.01,269,266ce0ccc25d5afe61299984b31e45e6,Substantivo
es,Spanish,asamblea,asamblea,n,f;sg,351,0.843,0.8694,4.06,269,2f06e15df532c0c227817b6a82727c1d,Substantivo
es,Spanish,socios,socio,n,m;pl,253,0.8431,0.8725,4.64,271,52f9f900886eef0f7a6ccaad189144ba,Substantivo
es,Spanish,siguió,seguir,vblex,ifi;p3;sg,100,0.8432,0.8614,5.11,272,06129aa15c0cb7ccb28d41ece4a17c93,Verbo
es,Spanish,juventud,juventud,n,f;sg,1507,0.8432,0.8691,4.37,272,38097d01a90cf8925c95078ad0ff3fc6,Substantivo
es,Spanish,para,para,pr,,6128,0.8436,0.8421,11.39,274,be3d30b92f967b195e1ce24b7fdc1e11,Preposição
es,Spanish,cuantos,cuanto,det,ind;m;pl,164,0.8443,0.868,7.24,275,dcca339fe36c9b9e53462ef16c235d41,Determinante
es,Spanish,hijas,hijo,n,f;pl,2721,0.8445,0.8648,7.04,276,25872fc2e77acd9d05a1f1281e4b88ee,Substantivo
es,Spanish,definitiva,definitivo,adj,f;sg,549,0.8446,0.8679,3.64,277,4d019b478a6e2e54134e804909d6bc20,Adjetivo
es,Spanish,tercera,tercer,det,ord;f;sg,257,0.8446,0.8713,4.23,277,8fcf74f912eb879ada220f9264fe9154,Determinante
es,Spanish,hotel,hotel,n,m;sg,1686,0.8447,0.857,19.51,279,dbc646f7e49f5c83fe31c7259c6f0de6,Substantivo
es,Spanish,definitivamente,definitivamente,adv,,323,0.8448,0.8589,4.67,280,bc5e4c4606900541275c72d924239c43,Advérbio
es,Spanish,supo,saber,vblex,ifi;p3;sg,123,0.845,0.8732,6.24,281,f65a522bbecabf9d4309359437c3b439,Verbo
es,Spanish,mejora,mejorar,vblex,pri;p3;sg,152,0.8452,0.8721,5.78,282,ade952b2d739a15fe6ec074c155c40ba,Verbo
es,Spanish,mar,mar,n,mf;sg,347,0.8452,0.8577,20.27,282,c21e00298cc6c991c9e4f6f794877a70,Substantivo
es,Spanish,cuna,cuna,n,f;sg,1564,0.8453,0.8599,4.69,284,ae409fbdfe1e9dc35c90c421f68f4cf9,Substantivo
es,Spanish,último,último,det,ord;m;sg,691,0.8455,0.8569,5.62,285,9c4cabd98abd8781b9b89c973371a9f8,Determinante
es,Spanish,bebió,beber,vblex,ifi;p3;sg,271,0.8458,0.8721,10.42,286,78fe38e6eed9e97f4f7ad476456a5ed7,Verbo
es,Spanish,lejos,lejos,adv,,484,0.8461,0.8724,5.46,287,96e09cd175e995e0e3a80b2c8fb9a959,Advérbio
es,Spanish,plato,plato,n,m;sg,173,0.8463,0.8542,1.29,288,5b3aef176f001941d1bc480e9f896f98,Substantivo
es,Spanish,diario,diario,n,m;sg,11977,0.8464,0.8573,11.18,289,edf5a0ef6c836c4df4f3b3de76ca63ba,Substantivo
es,Spanish,cuesta,costar,vblex,pri;p3;sg,202,0.8465,0.8563,6.31,290,6b4143687ba8026a93aeedd2aa401c88,Verbo
es,Spanish,ti,ti,prn,tn;p2;mf;sg,197,0.8466,0.8576,11.39,291,ab3f648a1873a15d60ccc17b341ab7fe,Pronome
es,Spanish,sobre,sobre,pr,,3637,0.8467,0.862,5.98,292,a749aefe50a17acdda0e79727b841b85,Preposição
es,Spanish,televisión,televisión,n,f;sg,1400,0.8467,0.8646,5.26,292,b22f1af398ec03fa2b19a7c7fb277a74,Substantivo
es,Spanish,presos,preso,n,m;pl,271,0.8469,0.8873,4.41,294,646e6fd374f36097bebacbb8109f88f5,Substantivo
es,Spanish,bandera,bandera,n,f;sg,274,0.847,0.8744,3.35,295,7db4f220041a574adc69235254230a03,Substantivo
es,Spanish,mitad,mitad,n,f;sg,272,0.847,0.8585,4.16,295,c835830aa2e8b4a14b2b90268cdb6266,Substantivo
es,Spanish,estás,estar,vblex,pri;p2;sg,721,0.8474,0.8585,10.15,297,d1abde44634da97861c5ace7c710eee5,Verbo
es,Spanish,más,más,adv,,3902,0.8478,0.8597,35.15,298,1bf297a6e5748378663ce38fab80c9f5,Advérbio
es,Spanish,parece,parecer,vblex,pri;p3;sg,662,0.848,0.8585,2.31,299,6f7fc08cd42a050ab9e725afa2b528fb,Verbo
es,Spanish,lector,lector,n,m;sg,1112,0.8482,0.8689,4.04,300,87291e47bdfdb05a1a66e2475a7dcfe9,Substantivo
es,Spanish,sino,sino,cnjcoo,,2957,0.8482,0.8714,9.07,300,ee3858c524ceab47bc102716a9640aa0,Conjunção
es,Spanish,aceite,aceite,n,m;sg,340,0.8483,0.8714,3.96,302,2fc76df12825d50039d8f4e739ae8831,Substantivo
es,Spanish,culpa,culpar,vblex,pri;p3;sg,430,0.8484,0.8779,5.92,303,8f698045e456636d71794bc55e24f96d,Verbo
es,Spanish,nadar,nadar,vblex,inf,502,0.8485,0.8691,21.54,304,729e8f1a3962ba75394c832de6acf01b,Verbo
es,Spanish,fuimos,ir,vblex,ifi;p1;pl,235,0.8487,0.8601,8.19,305,a1f996b4daa81d4bfe782ab833d778cd,Verbo
es,Spanish,capa,capa,n,f;sg,304,0.8491,0.8693,3.9,306,42b43e87e38cb528a3f4b2f397f962c5,Substantivo
es,Spanish,debajo,debajo,adv,,345,0.8493,0.8862,5.56,307,eb5e57de90ff94305e97a1c775a2ff84,Advérbio
es,Spanish,prisión,prisión,n,f;sg,325,0.8496,0.8807,4.18,308,97410fd61b0182d806c67b43f7fad1ed,Substantivo
es,Spanish,así,así,adv,,920,0.8497,0.8794,11.12,309,94c003c8597fe1111274bd4c355a3ca5,Advérbio
es,Spanish,estación,estación,n,f;sg,1782,0.85,0.8649,5.52,310,b41cba5accd1875c8b825525396df4ca,Substantivo
es,Spanish,vivienda,vivienda,n,f;sg,290,0.8503,0.8798,4.28,311,7bd54cb090167b7bd5b378716e5d1ea8,Substantivo
es,Spanish,madre,madre,n,f;sg,6375,0.8503,0.861,17.37,311,c71bc9f0d47e42f71b517e2082ea295b,Substantivo
es,Spanish,mira,mirar,vblex,pri;p3;sg,759,0.8506,0.8616,7.0,313,3933512ba62c62162521370b44fd17f6,Verbo
es,Spanish,comiendo,comer,vblex,ger,164,0.8507,0.8632,10.3,314,5f953930ed2f7cb853c3874e8775bf5a,Verbo
es,Spanish,aún,aún,adv,,599,0.8507,0.8727,6.98,314,9f8cccf1b60ddb1f12b6a0ed3cba90da,Advérbio
es,Spanish,población,población,n,f;sg,336,0.8507,0.8707,4.32,314,c5c75a81de81283964a48ec69d23fe96,Substantivo
es,Spanish,viene,venir,vblex,pri;p3;sg,810,0.851,0.8631,5.7,317,79b69dea1ba5349d08b1e9958d613cd1,Verbo
es,Spanish,luna,luna,n,f;sg,129,0.851,0.8579,8.25,317,b74f66ed8b56bcb30c0056e3b5893a53,Substantivo
es,Spanish,suelo,soler,vblex,pri;p1;sg,106,0.8511,0.8718,4.17,319,6aa1b99309074b897ac13dc6e063a86f,Verbo
es,Spanish,eres,ser,vbser,pri;p2;sg,21226,0.8511,0.8497,15.85,319,958e352cb64f78feed5afb5b95657dbe,vbser
es,Spanish,algunos,alguno,det,qnt;m;pl,344,0.8512,0.8768,7.84,321,66a890d7aed65a9159095ca2d1e4724b,Determinante
es,Spanish,dirige,dirigir,vblex,pri;p3;sg,132,0.8518,0.8897,5.34,322,82888fe7340de5af7e9f7f7c828e913f,Verbo
es,Spanish,muestras,mostrar,vblex,pri;p2;sg,108,0.8519,0.8758,4.69,323,614055991b3f708c03f93a5830721bbb,Verbo
es,Spanish,plaza,plaza,n,f;sg,305,0.8519,0.8614,4.24,323,dd731fbe6556f627d24da3c78bc01561,Substantivo
es,Spanish,recuerda,recordar,vblex,pri;p3;sg,511,0.8522,0.8604,5.88,325,4cb9f7559b3acdaedeaa783e8430ab1a,Verbo
es,Spanish,otros,otro,prn,tn;m;pl,117,0.8526,0.8756,6.43,326,2ac32e409b2ecb0f1b3f89dc80bb60e7,Pronome
es,Spanish,encuentran,encontrar,vblex,pri;p3;pl,527,0.8527,0.8702,5.82,327,4e1bf8cbf2146f93b15ae479be373cae,Verbo
es,Spanish,inmediatamente,inmediatamente,adv,,442,0.8528,0.8552,5.11,328,03c5fde8ead6da7fad8ded7c9bb76027,Advérbio
es,Spanish,voy,ir,vblex,pri;p1;sg;@future_phrasal,693,0.8528,0.8831,33.59,328,29051446e9765b365fc8752cd2cddb2a,Verbo
es,Spanish,ningún,ninguno,det,ind;m;sg,719,0.8529,0.8723,5.6,330,05dc69fb796095122ff7224492dd4b95,Determinante
es,Spanish,publicado,publicar,vblex,pp;m;sg,110,0.853,0.8827,8.21,331,31b6f384b22e222a541c41a5f3382ad9,Verbo
es,Spanish,reconoce,reconocer,vblex,pri;p3;sg,110,0.853,0.8814,4.18,331,edb180b27fa04bd014e86cd7468e1c31,Verbo
es,Spanish,sesenta,sesenta,num,mf;sp,235,0.8535,0.8798,4.78,333,4db2c4da67ccb5db4ea5ac265d881b8a,Numeral
es,Spanish,fueron,ir,vblex,ifi;p3;pl,207,0.8535,0.8741,8.31,333,ec1b86c331bdd90254aa54ecf83115a0,Verbo
es,Spanish,nuestras,nuestro,det,pos;f;pl,6705,0.854,0.8697,6.93,335,6dbee2537469c04c4f9255016d5b251c,Determinante
es,Spanish,va,ir,vblex,pri;p3;sg;@future_phrasal,677,0.8541,0.8803,32.33,336,6b512f096d144194ab320d394d076a7d,Verbo
es,Spanish,aeropuerto,aeropuerto,n,m;sg,509,0.8542,0.8752,4.91,337,183fad2e4bae9675c83062485936f11c,Substantivo
es,Spanish,bastante,bastante,adv,,571,0.8546,0.8784,6.27,338,03c53c8a1afd8d0c90facfbd272c294c,Advérbio
es,Spanish,me,prpers,prn,pro;p1;mf;sg,5192,0.8547,0.8698,95.29,339,483f8bb2614072287fe1a39eb15ba612,Pronome
es,Spanish,nuevamente,nuevamente,adv,,435,0.8549,0.86,5.75,340,33bd1fc28774959c06738d2e4e909612,Advérbio
es,Spanish,bien,bien,adv,,2587,0.855,0.8712,17.17,341,1b9d2a28e670d74dd107ba2f01d9c958,Advérbio
es,Spanish,cualquier,cualquier,det,ind;mf;sg,838,0.855,0.8668,5.56,341,34ec10bffff3233529bfdd491e8ac13e,Determinante
es,Spanish,sábados,sábado,n,m;pl,2266,0.8553,0.8751,6.74,343,68354515c7037cdbc8531bda6ae15fb0,Substantivo
es,Spanish,quién,quién,prn,itg;mf;sg,5082,0.8554,0.8779,10.61,344,769a9f0df193b5733be268d5dc9b9153,Pronome
es,Spanish,joven,joven,adj,mf;sg,1626,0.8554,0.8714,10.26,344,c74ce88febca942a4d9ddfb78fe708cc,Adjetivo
es,Spanish,acerca,acerca,pr,,2471,0.8555,0.8647,6.0,346,ba65d0cd48b995ed6a35012039b4686c,Preposição
es,Spanish,tanto,tanto,adv,,602,0.8559,0.8755,4.98,347,9c6b75b1275ac506288fa58c2acd1123,Advérbio
es,Spanish,cámara,cámara,n,mf;*numb,269,0.8559,0.8555,3.39,347,ce7b3bc78911d3cd673f151ea6b79a6c,Substantivo
es,Spanish,e,y,cnjcoo,,1694,0.8564,0.867,5.51,349,a8706d6914575697599c9670d28c94a5,Conjunção
es,Spanish,ser,ser,vbser,inf,577,0.8566,0.8708,24.45,350,ac01ab44c0644f4637eb7aa6ce0d4109,vbser
es,Spanish,mis,mío,det,pos;mf;pl,15432,0.8568,0.8728,22.84,351,9353386b0c4e64accaac7bc00f86959d,Determinante
es,Spanish,hermana,hermano,n,f;sg,5522,0.8568,0.8645,14.67,351,e65d48bba2ed7105d16e9e8bc8d55405,Substantivo
es,Spanish,en,en,pr,,10704,0.8569,0.8707,43.01,353,4d77de913dc3d65f1c9fac9d1c349684,Preposição
es,Spanish,mejor,mejor,adj,mf;sg,970,0.8569,0.8712,6.47,353,cd36aae4610895865a70e0163f77eae9,Adjetivo
es,Spanish,nacionales,nacional,adj,mf;pl,577,0.8571,0.8801,4.31,355,161995c2b2f2a9be7fda730984623876,Adjetivo
es,Spanish,siento,sentir,vblex,pri;p1;sg,389,0.8573,0.8725,5.74,356,fbc4d7099cdd33b2debffd77322c4f93,Verbo
es,Spanish,fui,ir,vblex,ifi;p1;sg,204,0.8575,0.8961,6.48,357,8b6041c9b44978b1dd5265c763399d89,Verbo
es,Spanish,oyen,oír,vblex,pri;p3;pl,2507,0.8576,0.8802,5.42,358,bc03a22b428c86a9e8ccfa6561daef66,Verbo
es,Spanish,ganar,ganar,vblex,inf,113,0.8577,0.8606,5.4,359,4444099dd1c8541c4f038efa110b3dd5,Verbo
es,Spanish,campesinos,campesino,n,m;pl,263,0.8577,0.8598,3.38,359,ae54c0625bbf9f677c87fb65079899f6,Substantivo
es,Spanish,espejo,espejo,n,m;sg,1345,0.8578,0.8745,5.21,361,175b9734d160e51bca3576d2866d6887,Substantivo
es,Spanish,tren,tren,n,m;sg,550,0.8578,0.8744,6.82,361,36de03b4a385ee8d3721757b005a28de,Substantivo
es,Spanish,igualmente,igualmente,adv,,354,0.8579,0.8743,4.57,363,d638abb3739c987500693b20c30fb9b5,Advérbio
es,Spanish,nuevas,nuevo,adj,f;pl,818,0.858,0.8674,6.71,364,8090fcfc8cf3574aa403ed2daebc897f,Adjetivo
es,Spanish,pista,pista,n,f;sg,264,0.8581,0.8865,3.91,365,a252768dda74e95ba881921a71d718c4,Substantivo
es,Spanish,moneda,moneda,n,f;sg,273,0.8581,0.8903,4.02,365,fac922fd87bb085fbd2f1a6d7621353b,Substantivo
es,Spanish,cadena,cadena,n,f;sg,281,0.8582,0.8859,3.67,367,0077d3d1c1305eb89d14d0bd52adc1ae,Substantivo
es,Spanish,próxima,próximo,adj,f;sg,658,0.8582,0.8726,4.01,367,a49b5e98975d5d6c7cf06817c0985211,Adjetivo
es,Spanish,reciente,reciente,adj,mf;sg,602,0.8585,0.8774,4.66,369,0e969cf8671de54e3f826a7723a9e78f,Adjetivo
es,Spanish,llover,llover,vblex,inf,147,0.8586,0.867,11.27,370,b0b9291113c997b7291217db2c5dc20d,Verbo
es,Spanish,nuevo,nuevo,adj,m;sg,1189,0.8586,0.8719,7.33,370,cab6c3de1f86132c7817bf0a6bbbbd63,Adjetivo
es,Spanish,dio,dar,vblex,ifi;p3;sg,122,0.8586,0.8744,5.6,370,dabb053f7dcc6bf69e3b2d3ba38ee845,Verbo
es,Spanish,estoy,estar,vblex,pri;p1;sg,1416,0.8589,0.8667,15.58,373,25ca4c249bc5735c22dbf644b0565543,Verbo
es,Spanish,vimos,ver,vblex,ifi;p1;pl,264,0.8589,0.8822,7.95,373,fb93f9c4d3cb1dcddac4e4c78f6accde,Verbo
es,Spanish,a,a,pr,,11485,0.8591,0.8693,49.66,375,4bdb859f599fa07dd5eecdab0acc2d34,Preposição
es,Spanish,cuentan,contar,vblex,pri;p3;pl,139,0.8591,0.8684,4.98,375,cd53bd9cebd675a0e46c02b649a6b20c,Verbo
es,Spanish,revista,revista,n,f;sg,424,0.8592,0.8815,4.02,377,c77c4565a0348b9779821ae182347d1f,Substantivo
es,Spanish,oír,oír,vblex,inf,141,0.8593,0.8756,7.7,378,a907d155ae0aa04a5df529881bdce1ac,Verbo
es,Spanish,dice,decir,vblex,pri;p3;sg,697,0.8593,0.8729,6.03,378,aa07583b6cf2aaec691cb703ac2a120e,Verbo
es,Spanish,sol,sol,n,m;sg,135,0.8593,0.8528,12.69,378,d9b422a41800ea9e227ab2b0d8b97bde,Substantivo
es,Spanish,parecer,parecer,vblex,pri;p3;*numb,443,0.8593,0.8637,5.16,378,de6c20d08f6a549a1b602fc386b2e7b3,Verbo
es,Spanish,insistió,insistir,vblex,ifi;p3;sg,121,0.8595,0.8686,5.12,382,700b36939787541e18ae29c05f861b51,Verbo
es,Spanish,playa,playa,n,f;sg,849,0.8596,0.8658,7.66,383,327643f287957b665eef92a282879256,Substantivo
es,Spanish,comida,comida,n,f;sg,11087,0.8597,0.8734,12.69,384,890f121972386ce1dbb811304e774f3f,Substantivo
es,Spanish,pareja,pareja,n,f;sg,405,0.8597,0.8695,4.45,384,cf79f7a0a6e7b15510289ca59788a58c,Substantivo
es,Spanish,escuela,escuela,n,f;sg,504,0.8597,0.8654,5.1,384,f526b277edc5f7990314279c63892c96,Substantivo
es,Spanish,cayó,caer,vblex,ifi;p3;sg,106,0.8601,0.9136,4.28,387,0b91ae4bdb4c31dc0967e27c5ef094d9,Verbo
es,Spanish,asegura,asegurar,vblex,pri;p3;sg,500,0.8602,0.8703,4.68,388,2c5df44032a2d685bb44d0947d06d56c,Verbo
es,Spanish,cama,cama,n,f;sg,2989,0.8603,0.8648,10.45,389,9674c213bae02e21fa3ddc00a615df8c,Substantivo
es,Spanish,quieren,querer,vblex,pri;p3;pl,3451,0.8603,0.8807,7.1,389,c9da1649de2791d9e9f2982827a0c86b,Verbo
es,Spanish,tomó,tomar,vblex,ifi;p3;sg,112,0.8606,0.892,5.79,391,1d69422f97af76481d19b697b00357bf,Verbo
es,Spanish,sala,sala,n,f;*numb,229,0.861,0.8818,2.2,392,b47afc68718f2ce31ab4ba8d3b645f14,Substantivo
es,Spanish,comité,comité,n,m;sg,329,0.8611,0.8745,3.71,393,15ea51199f8edb2c9029ec70f0df7c29,Substantivo
es,Spanish,llegar,llegar,vblex,inf,110,0.8611,0.9016,5.58,393,a380b9d0fea5e847ca9435940feb6f21,Verbo
es,Spanish,piensa,pensar,vblex,pri;p3;sg,598,0.8613,0.8701,5.25,395,93c7699bbdb7aa89e5cdcbc9ead6f3d6,Verbo
es,Spanish,fiscal,fiscal,n,mf;sg,1121,0.8613,0.877,3.89,395,a17b502f8bb2a11d5038f0b725452a12,Substantivo
es,Spanish,cansado,cansado,adj,m;sg,1132,0.8615,0.8672,7.11,397,31a68a80035e829401e8c0ca9fac9666,Adjetivo
es,Spanish,qué,qué,prn,itg;m;sg,15030,0.8615,0.8824,27.6,397,41ba24ffb11fd09f5fc715d39cc6c1ea,Pronome
es,Spanish,quiero,querer,vbmod,pri;p1;sg,154,0.8615,0.88,95.9,397,b63d32ef6aca44ffbf17d4ba304e003a,vbmod
es,Spanish,sal,sal,n,f;sg,8571,0.8626,0.8687,5.28,400,cd45fde46e20ce737f504b714b001956,Substantivo
es,Spanish,caminar,caminar,vblex,inf,565,0.8628,0.8729,18.07,401,0f4f9c3846cfb1c25afb44d5e46642b8,Verbo
es,Spanish,y,y,cnjcoo,,16067,0.863,0.8756,36.43,402,4a053e65555d1325c3ff3e618239606e,Conjunção
es,Spanish,mayores,mayor,adj,mf;pl,612,0.8632,0.8791,4.61,403,7bae96b8602c15f36ee3af5ed7b719c1,Adjetivo
es,Spanish,sigue,seguir,vblex,pri;p3;sg,923,0.8632,0.8781,6.65,403,a0c550b34e0306e600f51d5302ab7587,Verbo
es,Spanish,hermano,hermano,n,m;sg,5450,0.8633,0.8729,15.63,405,64816215f9f2003adf0bac53e65966f9,Substantivo
es,Spanish,lee,leer,vblex,pri;p3;sg,20404,0.8633,0.8644,9.65,405,faa6fd18132b358958e440322ee82b4b,Verbo
es,Spanish,todas,todo,predet,f;pl,209,0.8636,0.8877,4.18,407,e5ae7d160bab1421ac96ab834c4e541d,predet
es,Spanish,mismo,mismo,adj,m;sg,1502,0.8638,0.873,8.82,408,a51bbbc4aae2ca9d2a14353a6cf46434,Adjetivo
es,Spanish,llovió,llover,vblex,ifi;p3;sg,140,0.8641,0.9003,8.21,409,61b6727b9cb7c32c4073f97f522f9694,Verbo
es,Spanish,cerveza,cerveza,n,f;sg,10312,0.8642,0.8693,7.4,410,59802924354797797d645bb352dd916b,Substantivo
es,Spanish,fuiste,ir,vblex,ifi;p2;sg,207,0.8643,0.8777,6.48,411,93949db18dbf2822b4c46ccf0cdaf574,Verbo
es,Spanish,consulta,consultar,vblex,pri;p3;sg,129,0.8643,0.8894,4.56,411,ec0950e542e83813addfa4d710be683f,Verbo
es,Spanish,casa,casa,n,f;sg,3680,0.8644,0.8707,5.63,413,0db3ffe210ff31425040e140f5ab422b,Substantivo
es,Spanish,seis,seis,num,mf;sp,590,0.8644,0.8814,9.03,413,a28e4538f9198005015fcec055ed844e,Numeral
es,Spanish,día,día,n,m;sg,2797,0.8645,0.8911,12.13,415,861bee9162e735eebecc3d701914f5d7,Substantivo
es,Spanish,poco,poco,adv,,943,0.8647,0.8866,9.22,416,522bd57ddf7e97296b9fa2dbade64596,Advérbio
es,Spanish,pertenece,pertenecer,vblex,pri;p3;sg,146,0.8647,0.8814,4.67,416,875dfcbfa9a6ef9ecdb342f53ce34cc1,Verbo
es,Spanish,maestra,maestro,n,f;sg,461,0.8648,0.8652,1.75,418,2160b92a753118127811c3735e38365a,Substantivo
es,Spanish,conocida,conocer,vblex,pp;f;sg,108,0.865,0.8735,7.57,419,3fba6f81929255e56a22f0c7682c3739,Verbo
es,Spanish,maestro,maestro,n,m;sg,1053,0.865,0.8651,1.6,419,fd08af061fb8efb301bf15edae83d3fe,Substantivo
es,Spanish,llegar,llegar,vblex,pri;p3;*numb,155,0.8651,0.8614,8.39,421,1027e0cc6a3132df892c2021ec5d8ef2,Verbo
es,Spanish,importantes,importante,adj,mf;pl,525,0.8651,0.8868,5.56,421,c512fa081f14c0776558834dcdc304c5,Adjetivo
es,Spanish,di,dar,vblex,ifi;p1;sg,110,0.8652,0.8969,6.58,423,e6a3965e5ef2d036dc94840176fe81c3,Verbo
es,Spanish,oro,oro,n,m;sg,301,0.8654,0.8721,3.66,424,76ca3d41c45b64926a0c80e5090680ac,Substantivo
es,Spanish,quiénes,quién,prn,itg;mf;pl,4804,0.8655,0.8787,11.51,425,a936fbe1906b2ac5e5286b4fbe9bfd8b,Pronome
es,Spanish,gusta,gustar,vblex,pri;p3;sg,1979,0.8656,0.8676,13.46,426,d28da8bf8995a2f7dc13b352013e1674,Verbo
es,Spanish,su,suyo,det,pos;mf;sg,13461,0.8658,0.8747,24.85,427,42d35c954b14a72e293f0505abd191b4,Determinante
es,Spanish,quizá,quizá,adv,,477,0.8658,0.8905,4.27,427,5e79ce0a692f8709e4847336128616ee,Advérbio
es,Spanish,rechazo,rechazar,vblex,pri;p1;sg,141,0.8658,0.8744,5.11,427,b7e1a97397af8f84ae48f5df75ee9b3c,Verbo
es,Spanish,música,música,n,f;sg,112,0.8661,0.8436,12.6,430,89e3d8db6709b2b096cf633ae0522bb8,Substantivo
es,Spanish,cuáles,cuál,prn,itg;mf;pl,3926,0.8664,0.8878,12.22,431,351c853ffc0a19c81416fc7fa6447289,Pronome
es,Spanish,hombres,hombre,n,m;pl,12693,0.8664,0.8852,16.74,431,698a096a49f8a164caa5dcbfad271fd8,Substantivo
es,Spanish,gustan,gustar,vblex,pri;p3;pl,1074,0.8664,0.8646,5.32,431,c01bfa6025374d907b79adf8fc30e720,Verbo
es,Spanish,lugar,lugar,n,m;sg,168,0.8666,0.872,1.61,434,50b6149ccd1fbc226ba982d2cbe6e93c,Substantivo
es,Spanish,empleo,empleo,n,m;sg,1089,0.8667,0.8824,3.62,435,6e226bd1102b21b4ac5bae063d51627d,Substantivo
es,Spanish,cocinan,cocinar,vblex,pri;p3;pl,3533,0.8667,0.8719,6.18,435,b5fc8282fae8edd2eb375c4ae5edc63b,Verbo
es,Spanish,cocina,cocina,n,f;sg,789,0.8667,0.8769,1.63,435,cb29841f98f96c52c922d63005a807c2,Substantivo
es,Spanish,semana,semana,n,f;sg,1974,0.8667,0.8896,6.67,435,d48c09941dd565f9db25806497259bb8,Substantivo
es,Spanish,quiere,querer,vblex,pri;p3;sg,4063,0.8671,0.8886,7.41,439,23e98756563d6ebd837d88b76c4f7850,Verbo
es,Spanish,casi,casi,adv,,746,0.8671,0.8977,7.37,439,76d8338886b433b989d63c439f3d60a8,Advérbio
es,Spanish,incluye,incluir,vblex,pri;p3;sg,477,0.8673,0.8877,5.54,441,c6a53146c580fa572aec8ce65896f5c2,Verbo
es,Spanish,almuerzo,almuerzo,n,m;sg,10327,0.8676,0.8788,6.83,442,341c91dfabbda45c7323930090c25d52,Substantivo
es,Spanish,bonito,bonito,adj,m;sg,1322,0.8676,0.8842,8.36,442,6c42e715f0cf741d7bd8b6d5dd0a9cca,Adjetivo
es,Spanish,hermanos,hermano,n,m;pl,3958,0.8677,0.8792,10.85,444,916ea8c425978ac2b05f52fa9b7fd921,Substantivo
es,Spanish,nuestro,nuestro,det,pos;m;sg,7401,0.8677,0.8858,7.9,444,ab426467ad66b8f4b6adf76f6f245ae5,Determinante
es,Spanish,cebolla,cebolla,n,f;sg,11935,0.8678,0.8778,7.65,446,cc996312cd47e305f8b9058d3afc958c,Substantivo
es,Spanish,menú,menú,n,m;sg,9499,0.8679,0.8805,7.21,447,2ca57053774396953fc2c5d4bdaa2205,Substantivo
es,Spanish,actriz,actor,n,f;sg,1111,0.868,0.8716,3.95,448,37874f13b8d3ef08fffb294a3550acbd,Substantivo
es,Spanish,muestra,mostrar,vblex,pri;p3;sg,760,0.868,0.8826,7.02,448,d434fc4465d84cb3f44a0675da7fae63,Verbo
es,Spanish,empresario,empresario,n,m;*numb,993,0.8681,0.8721,2.63,450,154c7f94dd51181786bb8b138547e1ac,Substantivo
es,Spanish,las,prpers,prn,pro;p3;f;pl,461,0.8684,0.9027,15.57,451,d04809f4a8b600d8acf6ca8e944dde69,Pronome
es,Spanish,padres,padre,n,m;pl,4605,0.8685,0.8747,12.99,452,7f15cb95be8b837c7bf1808406ae133a,Substantivo
es,Spanish,instituto,instituto,n,m;sg,424,0.869,0.876,4.58,453,f3cc04527e112fc46c512c41f6e77974,Substantivo
es,Spanish,son,ser,vbser,pri;p3;pl,39629,0.869,0.882,42.48,453,fda174b61b0ed5e2eaa6deceae37f56b,vbser
es,Spanish,otras,otro,prn,tn;f;pl,123,0.8692,0.8736,5.98,455,04c53c024ac95c88ffc8365fd91c6d21,Pronome
es,Spanish,expresa,expresar,vblex,pri;p3;sg,132,0.8693,0.8922,4.23,456,b2881001eab6fd55f016ea42aa1dc0e9,Verbo
es,Spanish,ni,ni,cnjcoo,,3055,0.8693,0.8836,7.02,456,eed918b5fa01b82c8133bfc2183991fe,Conjunção
es,Spanish,apoyo,apoyar,vblex,pri;p1;sg,657,0.8694,0.8916,7.49,458,b5b6b2389964fadeff88712520b3bd34,Verbo
es,Spanish,propias,propio,adj,f;pl,749,0.8699,0.8747,5.53,459,9cff661fb2ab8ab8147b6e742a6302a0,Adjetivo
es,Spanish,máquina,máquina,n,f;sg,295,0.8699,0.8996,4.51,459,b7d9b05b9343e84a3c56ac8fa848eb87,Substantivo
es,Spanish,distintos,distinto,adj,m;pl,690,0.87,0.8863,4.73,461,0272a3660c74aa861bca4be4abd51378,Adjetivo
es,Spanish,denuncia,denunciar,vblex,pri;p3;sg,125,0.87,0.8814,4.42,461,de8ea9a7e48e171c60e082726cfe4fad,Verbo
es,Spanish,huelga,huelga,n,f;sg,296,0.8701,0.8937,3.58,463,436adc96242695b7a8ad20a56e042794,Substantivo
es,Spanish,vieja,viejo,adj,f;sg,1699,0.8707,0.8843,9.05,464,24bcf0719bb58b2d880a625a470f1aab,Adjetivo
es,Spanish,amigo,amigo,n,m;sg,1301,0.8707,0.878,2.29,464,3ee257d727f036b90f9773bed5c38f96,Substantivo
es,Spanish,pagada,pagar,vblex,pp;f;sg,133,0.8707,0.875,11.08,464,85e6ec4cb296e6920ec3ff1a34fd8b3f,Verbo
es,Spanish,posiblemente,posiblemente,adv,,327,0.8707,0.8979,4.6,464,c989122004cb7e839ff43ff866c275cc,Advérbio
es,Spanish,levanta,levantar,vblex,pri;p3;sg,156,0.8707,0.8736,5.85,464,cb324e05712d7e57e3b58a8720234cfe,Verbo
es,Spanish,convierte,convertir,vblex,pri;p3;sg,116,0.8708,0.8839,5.18,469,19f0f8afd2f6763a825a68fccc57c3ab,Verbo
es,Spanish,dólares,dólar,n,m;pl,351,0.8708,0.8811,4.25,469,9b633c2f60d678ab14d9d61f8d43e8dd,Substantivo
es,Spanish,avión,avión,n,m;sg,456,0.871,0.8892,5.39,471,a6887fac2c3601b50b3e462a45cc776e,Substantivo
es,Spanish,parís,parís,np,loc;m;sg,341,0.871,0.8887,4.16,471,e5eb6ee7cc4684582cd2bfb48ee8e23f,np
es,Spanish,entonces,entonces,adv,,548,0.8712,0.901,7.87,473,27ce368e3f5fda971b2a8300c7e911bf,Advérbio
es,Spanish,reloj,reloj,n,m;sg,396,0.8712,0.8921,4.77,473,75d8c25544361f2f11eebd05091b80f9,Substantivo
es,Spanish,menos,menos,adv,,1408,0.8713,0.8913,13.07,475,3a770f5c746b9c25a2521efdd978820f,Advérbio
es,Spanish,padre,padre,n,m;sg,8201,0.8715,0.8771,22.26,476,3f60e879bd40b3e9d261375fd25f93cd,Substantivo
es,Spanish,cuchara,cuchara,n,f;sg,174,0.8716,0.8717,1.14,477,430bc64a009f6ee882acd1230a00c728,Substantivo
es,Spanish,después,después,adv,,949,0.8717,0.8911,7.72,478,42648b21a0a39ce572065f114e1589c8,Advérbio
es,Spanish,muy,muy,preadv,,3573,0.872,0.8816,27.58,479,68f3511800709e4fdc798b2afcc227cd,preadv
es,Spanish,siempre,siempre,adv,,1341,0.8721,0.886,12.72,480,79ed0a9e0963d57f0e61d6d72419fd5d,Advérbio
es,Spanish,fechas,fecha,n,f;pl,1307,0.8724,0.8894,5.99,481,539acabd4adfdf3c3c229c7e6c37c073,Substantivo
es,Spanish,dónde,dónde,adv,itg,9033,0.8724,0.8911,12.31,481,9cbe4ff448a888bb327e212e6bb89b72,Advérbio
es,Spanish,haces,hacer,vblex,pri;p2;sg,481,0.8725,0.8871,9.74,483,17ff531e092dfd47b15fcbb4cd46bc4e,Verbo
es,Spanish,siete,siete,num,mf;sp,592,0.8726,0.8788,7.37,484,b863310b3725429f8688d1696e31fb87,Numeral
es,Spanish,misma,mismo,adj,f;sg,789,0.8727,0.8725,6.0,485,4b7689304527c8c72d5e3e5958b02606,Adjetivo
es,Spanish,evitar,evitar,vblex,inf,101,0.8729,0.8675,6.2,486,10d83d9a1ae5bd3c2829a10f715f178d,Verbo
es,Spanish,flores,flor,n,f;pl,118,0.8729,0.8844,3.82,486,422516af224fab8a0c2c033763d2739f,Substantivo
es,Spanish,pasado,pasado,adj,m;sg,858,0.873,0.8845,6.25,488,70330beaf1dc949ce6544eb1c30b757a,Adjetivo
es,Spanish,comí,comer,vblex,ifi;p1;sg,219,0.8731,0.888,6.68,489,bd3599b1b4cc5623de51eba09bad546e,Verbo
es,Spanish,patio,patio,n,m;sg,276,0.8732,0.8901,3.72,490,f345f5b308b327d4b416d700161cc455,Substantivo
es,Spanish,estas,este,det,dem;f;pl,482,0.8733,0.8826,6.82,491,8b23e5823534a38911b44680fd10b341,Determinante
es,Spanish,cine,cine,n,m;sg,363,0.8734,0.8979,4.63,492,5b3c610e699cece90696920dc7b9ee07,Substantivo
es,Spanish,espacio,espacio,n,m;*numb,154,0.8734,0.875,4.19,492,5f76d000b073791370d28dff0c8d36fb,Substantivo
es,Spanish,etapa,etapa,n,f;sg,1516,0.8734,0.8919,5.02,492,ceb33d2d6ab62f64430844c1047863d3,Substantivo
es,Spanish,institución,institución,n,f;*numb,245,0.8735,0.8841,2.5,495,287b4ad6d7573395d725f905d57dfa5d,Substantivo
es,Spanish,comiste,comer,vblex,ifi;p2;sg,208,0.8736,0.8846,7.22,496,d9aac708c8d753c2a5dbd125a9f43e46,Verbo
es,Spanish,teléfono,teléfono,n,m;sg,510,0.8739,0.8787,1.44,497,682cfc2eee698f2cd3d0847bcb741eff,Substantivo
es,Spanish,barrio,barrio,n,m;sg,259,0.8739,0.8975,3.1,497,adb3db860e2fd94b14c12e49aa5f3126,Substantivo
es,Spanish,ve,ver,vblex,pri;p3;sg,2778,0.874,0.8772,5.63,499,303149fdc667f5dcadbe631907668078,Verbo
es,Spanish,rojos,rojo,adj,m;pl,7808,0.874,0.885,7.33,499,d6e120bd59e4eb7133c80028f4605cc2,Adjetivo
es,Spanish,cuarto,cuarto,n,m;sg,341,0.8741,0.8877,4.69,501,a802aec0dc387e35fe3bec7e21322cef,Substantivo
es,Spanish,corto,corto,adj,m;sg,1150,0.8742,0.8859,3.67,502,9201c6510914a3c0d36560d3537c9453,Adjetivo
es,Spanish,consiguió,conseguir,vblex,ifi;p3;sg,118,0.8743,0.8976,3.69,503,0d37c3a2814ab76467009e16da7409e9,Verbo
es,Spanish,iglesia,iglesia,n,f;sg,234,0.8743,0.88,1.41,503,5f79e595270edc1584e563ba35bbd236,Substantivo
es,Spanish,barco,barco,n,m;sg,456,0.8743,0.885,6.06,503,680ab1a017a538045b385f4d838f7a83,Substantivo
es,Spanish,zona,zona,n,f;sg,337,0.8743,0.8953,3.53,503,6d1cc34e128b1f063349669dfecee2a8,Substantivo
es,Spanish,persona,persona,n,f;sg,9761,0.8744,0.8797,8.56,507,f423850a19d3a8b7f7c206c2a9dfa733,Substantivo
es,Spanish,castillo,castillo,n,m;sg,429,0.8745,0.8725,4.89,508,1c976be6c60b69cfbfda78a8eaae41ac,Substantivo
es,Spanish,hijos,hijo,n,m;pl,4663,0.8745,0.8844,11.92,508,bb1445b3da4b0d487a9e06c8da4874cf,Substantivo
es,Spanish,posee,poseer,vblex,pri;p3;sg,168,0.8745,0.8812,5.65,508,dd7b35a700ec192ae331e5c07cd9c822,Verbo
es,Spanish,produjo,producir,vblex,ifi;p3;sg,105,0.8746,0.8902,5.2,511,ac65195a5cefc1aadbec6f944c8226b4,Verbo
es,Spanish,esos,ese,det,dem;m;pl,604,0.8747,0.8781,9.91,512,bb8c10b40f6c1a170e6a695f62540194,Determinante
es,Spanish,sostiene,sostener,vblex,pri;p3;sg,112,0.875,0.8981,3.7,513,1b5b14a1b38096e1acd3f63940ac6a95,Verbo
es,Spanish,cultivo,cultivar,vblex,pri;p1;sg,114,0.875,0.8923,5.37,513,38798f30a74c60000a597f00914ba126,Verbo
es,Spanish,conoce,conocer,vblex,pri;p3;sg,535,0.875,0.8934,5.47,513,a429e95c721dd12e0f6bcb006d8a7d4b,Verbo
es,Spanish,observa,observar,vblex,pri;p3;sg,133,0.8751,0.8874,4.55,516,4f6ae543f5486a8455b8d84cfe89dfb8,Verbo
es,Spanish,acaba,acabar,vblex,pri;p3;sg,545,0.8752,0.8926,6.5,517,7de00d186eb204a0794d30c2a24aff2d,Verbo
es,Spanish,alberca,alberca,n,f;sg,1741,0.8752,0.8938,5.4,517,883996f36cc186da5983b13384230a9f,Substantivo
es,Spanish,comieron,comer,vblex,ifi;p3;pl,222,0.8755,0.8974,10.08,519,9023ba9545e6bcfdb4ffd9f500d27c29,Verbo
es,Spanish,época,época,n,f;sg,1435,0.8757,0.8933,5.21,520,2823876d3d6111afcd4efd48d0043d5e,Substantivo
es,Spanish,amigos,amigo,n,m;pl,1173,0.8757,0.8806,3.31,520,cdc8cc7a9c566a15b73bd04873b3c9b5,Substantivo
es,Spanish,tomar,tomar,vblex,inf;@future_phrasal,107,0.8759,0.8902,7.66,522,a4de5366d99dbfb0d27f54ef96c724cd,Verbo
es,Spanish,verano,verano,n,m;sg,2154,0.8761,0.8846,5.86,523,3839b01a06ad91ec9815ec5ac3b18c8d,Substantivo
es,Spanish,consejero,consejero,n,m;sg,1098,0.8761,0.8899,4.13,523,6fe8542b47ba668a394342fe439f3d49,Substantivo
es,Spanish,hacia,hacia,pr,,2585,0.8761,0.8884,7.82,523,8291538686c8f9e105950ccc569ddd6a,Preposição
es,Spanish,has,haber,vbhaver,pri;p2;sg;@present_perfect,366,0.8761,0.8923,20.46,523,acf8e65bc6daa0b02a6a593a6cee83ca,vbhaver
es,Spanish,ocho,ocho,num,mf;sp,535,0.8762,0.8887,7.84,527,1eb9eed41ed1c307defe2af87713b232,Numeral
es,Spanish,amarilla,amarillo,adj,f;sg,5648,0.8762,0.8838,5.23,527,321a2b03427b8baa0f58c2dd0a22723c,Adjetivo
es,Spanish,meses,mes,n,m;pl,2653,0.8762,0.8887,7.57,527,93cfff0cdf378c15d83d6db83d52c19e,Substantivo
es,Spanish,corren,correr,vblex,pri;p3;pl,3641,0.8764,0.894,5.57,530,b75adbbe28bc61ff5bbeb6908e65d85d,Verbo
es,Spanish,pide,pedir,vblex,pri;p3;sg,183,0.8765,0.9021,6.53,531,724eb65736483516b276355a650454e7,Verbo
es,Spanish,muestran,mostrar,vblex,pri;p3;pl,147,0.8768,0.8846,5.76,532,90da1600b11494297258a0736cad024e,Verbo
es,Spanish,podemos,poder,vbmod,pri;p1;pl,2904,0.877,0.8899,10.91,533,7954dec7e1db52c3f3ff744944b673a5,vbmod
es,Spanish,petróleo,petróleo,n,m;sg,287,0.8771,0.885,4.31,534,d70cbf2b0f69bd84e6cdc2017448a4f3,Substantivo
es,Spanish,ventana,ventana,n,f;sg,1700,0.8771,0.8865,5.46,534,eff14ccc2979d8fbd8308ef24983af33,Substantivo
es,Spanish,estamos,estar,vblex,pri;p1;pl,672,0.8772,0.8801,7.38,536,3273d848096787406516496d99e8b3d4,Verbo
es,Spanish,propiedad,propiedad,n,f;*numb,232,0.8772,0.8788,2.93,536,970fe207a5c6a7151a1cab61c591ea86,Substantivo
es,Spanish,expresó,expresar,vblex,ifi;p3;sg,125,0.8773,0.9062,5.01,538,b09018aa4be25b49f08880d8ec9d9f9b,Verbo
es,Spanish,suficiente,suficiente,adj,mf;sg,908,0.8773,0.8847,7.09,538,f6527298eb083e0022f60da5a97002fe,Adjetivo
es,Spanish,casa,casa,n,f;*numb,311,0.8774,0.8774,9.11,540,659d48e6bfe6613c7b3cbf2c5640fcac,Substantivo
es,Spanish,eje,eje,n,m;sg,304,0.8775,0.9002,3.65,541,635b5611b3a62d0eefaf826b4026b7a0,Substantivo
es,Spanish,araña,araña,n,f;sg,7591,0.8775,0.8838,5.17,541,88d32763695c33d85f3e8af4bb09b6ee,Substantivo
es,Spanish,coche,coche,n,m;sg,2258,0.8775,0.8811,2.91,541,ccc028f8c339d16531307ec1bc426f06,Substantivo
es,Spanish,calle,calle,n,f;*numb,324,0.8776,0.8757,3.99,544,aef2115ba1e892282bf8f74b6b8d2e5a,Substantivo
es,Spanish,sartén,sartén,n,mf;sg,1378,0.8777,0.8856,5.58,545,12682a3471f6916242dd3d6cb9e041f7,Substantivo
es,Spanish,encuentra,encontrar,vblex,pri;p3;sg,1069,0.8777,0.8855,9.55,545,5873f95201c49872dd810329fcf66012,Verbo
es,Spanish,esposa,esposo,n,f;sg,1661,0.8783,0.8837,6.11,547,062b2a4b91470152880179df2a596680,Substantivo
es,Spanish,coche,coche,n,m;*numb,313,0.8783,0.8742,5.9,547,ee93cd4d66d69e366d2c6b80ed0abd25,Substantivo
es,Spanish,pierde,perder,vblex,pri;p3;sg,123,0.8785,0.9079,5.55,549,1c570245c19d38aab2e96c4f55c04a29,Verbo
es,Spanish,detenido,detener,vblex,pp;m;sg,110,0.8785,0.8912,12.09,549,c3b857f2e770ad257330fc149baab11d,Verbo
es,Spanish,nuestra,nuestro,det,pos;f;sg,6070,0.8787,0.8983,8.11,551,192059cfe22cedd84cd400a9b1b47171,Determinante
es,Spanish,cierto,cierto,adj,m;sg,1196,0.8787,0.8905,4.65,551,9e0fdeefe69a59e43880f390d9e2a809,Adjetivo
es,Spanish,llave,llave,n,f;*numb,283,0.8787,0.8762,16.01,551,ba9b44f086b4b4d90041042a4676bde2,Substantivo
es,Spanish,llevar,llevar,vblex,pri;p3;*numb,550,0.8789,0.8885,5.26,554,25f6628808e7af8eb076cad56bfb4349,Verbo
es,Spanish,demanda,demandar,vblex,pri;p3;sg,515,0.8789,0.9033,8.92,554,4b2885bd2d0f3ae7e2f52b6916aa373f,Verbo
es,Spanish,región,región,n,f;*numb,243,0.8789,0.8986,2.47,554,fee71c5bb06cf8e80a4d3e296c099524,Substantivo
es,Spanish,mejores,mejor,adj,mf;pl,565,0.8791,0.9035,5.09,557,656a45eec7329f2de6eb989520815cce,Adjetivo
es,Spanish,ustedes,prpers,prn,tn;p3;mf;pl,10463,0.8791,0.8992,13.13,557,d343fa9686b06251e151ea166773da32,Pronome
es,Spanish,mes,mes,n,m;sg,2525,0.8792,0.8821,8.54,559,67d85578f25eb202f3da23901da24215,Substantivo
es,Spanish,tiene,tener,vblex,pri;p3;sg,10211,0.8795,0.8867,19.6,560,a296a278d774a2987ef34a4a463cbce5,Verbo
es,Spanish,creer,creer,vblex,pri;*pers;*numb,119,0.8796,0.8841,2.97,561,ef2d8499fc279445331737e71d8a0929,Verbo
es,Spanish,familiar,familiar,adj,mf;sg,582,0.8797,0.8932,5.3,562,ec5529913ba069d641f096bb1e4a95b6,Adjetivo
es,Spanish,basta,bastar,vblex,pri;p3;sg,147,0.8798,0.886,4.01,563,18557ab4f62db281ec51e25f280207ba,Verbo
es,Spanish,comer,comer,vblex,inf;@future_phrasal,115,0.8798,0.9027,12.39,563,99761df7d531f6ddca53957c4ea82978,Verbo
es,Spanish,compañero,compañero,n,m;*numb,305,0.8798,0.886,3.56,563,f84089cb2629e5a707be21fba20ad8e8,Substantivo
es,Spanish,dinero,dinero,n,m;sg,1916,0.8802,0.8835,23.55,566,1973628b5c6837b4855993b61a6bf315,Substantivo
es,Spanish,capital,capital,n,f;sg,299,0.8802,0.8758,3.44,566,594f24f5925d195fc9f94469fef8fa2e,Substantivo
es,Spanish,mayoría,mayoría,n,f;sg,292,0.8802,0.8988,3.51,566,79ce81f1ee7d2db8bf8923c5e68861bf,Substantivo
es,Spanish,salvo,salvar,vblex,pri;p1;sg,196,0.8804,0.8652,5.42,569,d6f108006b519eb4274c15d94813e4a2,Verbo
es,Spanish,vamos,ir,vblex,pri;p1;pl,3911,0.8807,0.8961,5.87,570,60131921811cc603c6020e44443a5a2e,Verbo
es,Spanish,blancos,blanco,adj,m;pl,7260,0.8808,0.8893,6.27,571,4f1c591ed0a7054921897dd7f1767acd,Adjetivo
es,Spanish,mundial,mundial,adj,mf;sg,639,0.8809,0.8871,4.04,572,bee18c0139e0f91e80bdf84ae354a238,Adjetivo
es,Spanish,alcanza,alcanzar,vblex,pri;p3;sg,143,0.881,0.8884,6.1,573,73c696596eb88dc996a46658a4502747,Verbo
es,Spanish,mujeres,mujer,n,f;pl,10173,0.8811,0.8956,20.21,574,300af9de3ca46c837e194f0f83ac3885,Substantivo
es,Spanish,habías,haber,vbhaver,pii;p2;sg;@past_perfect,141,0.8811,0.8941,9.72,574,327857141bc27c07671421e24b156bb0,vbhaver
es,Spanish,diarios,diario,n,m;pl,7250,0.8813,0.8955,8.12,576,5bae3ae1487f71f264b4fbbcb6404f00,Substantivo
es,Spanish,somos,ser,vbser,pri;p1;pl,17109,0.8813,0.897,27.85,576,f3ec502e5b9ca28d31b1478341f7bb3d,vbser
es,Spanish,cangrejo,cangrejo,n,m;sg,8078,0.8815,0.8956,6.04,578,11d02829b51e0f162d853c969a91a30a,Substantivo
es,Spanish,baja,bajar,vblex,pri;p3;sg,377,0.8815,0.9036,5.43,578,a6b66cb983d31c83329993f8a1463886,Verbo
es,Spanish,recuerdo,recordar,vblex,pri;p1;sg,693,0.8816,0.8897,4.35,580,992e26a054628af89daa0f105e2db492,Verbo
es,Spanish,pasada,pasado,adj,f;sg,780,0.8817,0.889,5.15,581,9978dac83845707a5b672029984f4ac5,Adjetivo
es,Spanish,tu,tuyo,det,pos;mf;sg,14192,0.8818,0.8899,20.96,582,0675fd378e3251994addd1184a560eec,Determinante
es,Spanish,temporada,temporada,n,f;sg,1570,0.8819,0.8957,4.65,583,8d17f1ee50481b11fcf302e634205332,Substantivo
es,Spanish,hablar,hablar,vblex,inf,139,0.8819,0.9027,20.44,583,c3e88194fb0c8f8661783abaf49f4994,Verbo
es,Spanish,cuando,cuando,cnjadv,,2592,0.882,0.9077,9.41,585,dda027f2a23ac4b34effe710858ff724,cnjadv
es,Spanish,dos,dos,num,mf;sp,2023,0.8821,0.887,27.73,586,9fa6910e4b48da0daeea688b4cfb1168,Numeral
es,Spanish,viernes,viernes,n,m;sp,1740,0.8821,0.8976,7.23,586,dda9b889972c02fa83c00ee3bcd97f1d,Substantivo
es,Spanish,policía,policía,n,mf;*numb,1050,0.8822,0.8828,2.53,588,8ded3387fc7e10d3d3c16cc04f7f8f13,Substantivo
es,Spanish,estudiantes,estudiante,n,mf;pl,879,0.8823,0.8884,1.29,589,09016fe20fa8b2cc8b33dc5deb21e72f,Substantivo
es,Spanish,conde,conde,n,m;sg,1122,0.8823,0.8981,4.29,589,882fcc5ac24c183315505214357f0f66,Substantivo
es,Spanish,ayuda,ayudar,vblex,pri;p3;sg,733,0.8824,0.8912,7.81,591,8affcec51e0787cacc75cfc4b7e607d0,Verbo
es,Spanish,nosotras,prpers,prn,tn;p1;f;pl,9445,0.8824,0.8938,12.32,591,fae183cfa6a19d79e500f55f55775e68,Pronome
es,Spanish,con,con,pr,,10996,0.8826,0.8916,26.02,593,fe5f98df899d5d233240fffa99ee12fa,Preposição
es,Spanish,justo,justo,adj,m;sg,550,0.8828,0.8994,4.77,594,eee5a7e3a2249e466ae793b396b016fa,Adjetivo
es,Spanish,cabe,caber,vblex,pri;p3;sg,496,0.8828,0.9022,5.94,594,f740cef3aa4725894347bcc1c8efb666,Verbo
es,Spanish,duración,duración,n,f;sg,1301,0.883,0.895,4.39,596,68adbd15fc3ca621352c370d0edb942b,Substantivo
es,Spanish,la,prpers,prn,pro;p3;f;sg,642,0.8831,0.9168,15.29,597,16a6382ddbaba6bd4edeca81edc042e0,Pronome
es,Spanish,tuve,tener,vblex,ifi;p1;sg,113,0.8832,0.9259,5.48,598,10b64d240b52a86e4e3016045fe2bbf5,Verbo
es,Spanish,pueblo,pueblo,n,m;*numb,332,0.8833,0.8829,2.76,599,732da726237761b49531ca9b52e8f1ad,Substantivo
es,Spanish,invierno,invierno,n,m;sg,1413,0.8833,0.8965,5.15,599,8be98b58d09738f3ad8924ad41e219b7,Substantivo
es,Spanish,banco,banco,n,m;*numb,238,0.8834,0.8889,2.67,601,f360e29085a1e3eaded255b9e1837ae7,Substantivo
es,Spanish,piso,piso,n,m;sg,277,0.8835,0.9014,3.27,602,3bd15f65022f327765ccc67146f21578,Substantivo
es,Spanish,no,no,adv,,37234,0.8837,0.8788,47.54,603,c2c8a202a12411858f87d4dcef5b2998,Advérbio
es,Spanish,interior,interior,adj,mf;sg,666,0.8839,0.8947,5.13,604,56d40fb7b9c3644375aad62b1c725f2c,Adjetivo
es,Spanish,juntos,junto,adj,m;pl,610,0.8839,0.9029,4.29,604,a11f7520ccd13d3b16d44001a39947ff,Adjetivo
es,Spanish,naranja,naranja,n,f;sg,10610,0.884,0.8971,7.63,606,e1cb11fdf2945f82d2b10832bbc6e6dc,Substantivo
es,Spanish,tortugas,tortuga,n,f;pl,11024,0.8843,0.8904,7.41,607,07605081e461f8cc70d0e27a91d1ba37,Substantivo
es,Spanish,caminan,caminar,vblex,pri;p3;pl,4732,0.8844,0.8996,7.65,608,5638bf8141303431c5688df91a213666,Verbo
es,Spanish,grande,grande,adj,mf;sg,5869,0.8845,0.8899,19.62,609,08a3872e44a201481524294a566afa50,Adjetivo
es,Spanish,ven,ver,vblex,pri;p3;pl,3017,0.8845,0.8883,5.69,609,c45ef4722a42feb9abd919a38aa4276a,Verbo
es,Spanish,vacaciones,vacaciones,n,f;pl,1326,0.8847,0.8973,4.87,611,70753d53246c248255d2077ec1faa74c,Substantivo
es,Spanish,reglas,regla,n,f;pl,306,0.8852,0.8945,3.73,612,2bff719ce74f42fa53db8a4b19294ac2,Substantivo
es,Spanish,dirección,dirección,n,f;sg,402,0.8852,0.8953,4.72,612,3c9a4f6490b5b54eb0437a3a8df1f2e6,Substantivo
es,Spanish,siguientes,siguiente,adj,mf;pl,537,0.8852,0.907,4.67,612,50970fb3005406707730fe4b56adcb1e,Adjetivo
es,Spanish,dormir,dormir,vblex,inf,303,0.8852,0.8982,15.01,612,9bec0e9da564350b456199aef8e9921d,Verbo
es,Spanish,blanca,blanco,adj,f;sg,5866,0.8852,0.8945,5.53,612,abd692357d72b450fb6718c214b8ae7c,Adjetivo
es,Spanish,usuarios,usuario,n,m;pl,943,0.8854,0.8955,4.84,617,f9cbb9c2757acf41a38464ecfc2094cd,Substantivo
es,Spanish,coches,coche,n,m;pl,262,0.8855,0.8933,1.55,618,c78fdcf3b22501666d3bc95682d0fccd,Substantivo
es,Spanish,buenas,bueno,adj,f;pl,651,0.8856,0.8937,23.15,619,4bfbbf28fb73bfe96612b188ef6aceff,Adjetivo
es,Spanish,radio,radio,n,m;sg,408,0.8856,0.8959,4.55,619,54a975d93882e7d0aa196adc5adfeb93,Substantivo
es,Spanish,derrota,derrotar,vblex,pri;p3;sg,145,0.8856,0.8924,5.06,619,a5c7902b24e46bee2eeceb38cfdc36a7,Verbo
es,Spanish,entrega,entregar,vblex,pri;p3;sg,460,0.8858,0.9121,5.49,622,1fc3dad573e1fca0688624dce37c1fc5,Verbo
es,Spanish,junio,junio,n,m;sg,1978,0.8858,0.9006,7.92,622,60918be7a85dce2da206734d1141856f,Substantivo
es,Spanish,escriben,escribir,vblex,pri;p3;pl,9335,0.8859,0.8924,8.17,624,b463895af72578dcff1d4ea2bb9eda76,Verbo
es,Spanish,cocina,cocinar,vblex,pri;p3;sg,3769,0.886,0.8969,7.33,625,6d0e301a0b755a8413c40830e8c1f83d,Verbo
es,Spanish,mía,mío,adj,pos;f;sg,4338,0.8861,0.9032,6.94,626,73569b00b4d9318044c56177f742e371,Adjetivo
es,Spanish,maestros,maestro,n,m;pl,101,0.8861,0.904,2.33,626,7b6dc47f281149b69d259095e6ca9b69,Substantivo
es,Spanish,feria,feria,n,f;sg,316,0.8861,0.8951,4.05,626,b49b9a85b87c6937d54cce06f9bb18cc,Substantivo
es,Spanish,verdes,verde,adj,mf;pl,6465,0.8861,0.8946,5.47,626,f6c9bfdfd7b9476af5a121707805253a,Adjetivo
es,Spanish,trabajos,trabajo,n,m;pl,992,0.8862,0.8965,3.58,630,0dcc4c7c9c79430b1bde693c90c8a6b6,Substantivo
es,Spanish,tanta,tanto,det,qnt;f;sg,692,0.8862,0.8892,4.18,630,73eddf7c98addeb9aae12b6f6dcb05cf,Determinante
es,Spanish,ganó,ganar,vblex,ifi;p3;sg,109,0.8862,0.8973,5.44,630,9b8a973652347f762ad1e4f678e3e3f1,Verbo
es,Spanish,tienen,tener,vblex,pri;p3;pl,8711,0.8864,0.8924,10.82,633,47692db0120d603dc27a1881fe41c5e8,Verbo
es,Spanish,pueden,poder,vbmod,pri;p3;pl,2824,0.8864,0.8941,11.33,633,e395448740a1b1e1d3ce42c87852fd3a,vbmod
es,Spanish,botella,botella,n,f;sg,705,0.8865,0.8895,6.78,635,11e9307c6699b4affdd4ba6f50926fdf,Substantivo
es,Spanish,refiere,referir,vblex,pri;p3;sg,116,0.8865,0.8765,3.92,635,82fa72fe0e97af7f23f6e62fe4a177f0,Verbo
es,Spanish,entre,entre,pr,,3906,0.8866,0.9034,7.62,637,84f7d824486371cf5294c99e6ef25fbb,Preposição
es,Spanish,lees,leer,vblex,pri;p2;sg,7503,0.8867,0.8978,6.6,638,0939af7a5aa69adc2ff42bcecfa2f545,Verbo
es,Spanish,principal,principal,adj,mf;sg,567,0.8868,0.8928,5.32,639,f7f8a1b14d7d89bcf74744e091fc8c53,Adjetivo
es,Spanish,cosa,cosa,n,f;*numb,259,0.8869,0.9033,5.18,640,8e854d6660cae1b1cc2d4f3ab90d675a,Substantivo
es,Spanish,tío,tío,n,m;sg,2601,0.8871,0.8965,7.09,641,743346201dfef044362556e4b7fc91c2,Substantivo
es,Spanish,guardia,guardia,n,mf;sg,1153,0.8877,0.8993,4.24,642,96880d109bf4ed383058f25aa618a8c1,Substantivo
es,Spanish,calle,calle,n,f;sg,342,0.8877,0.89,3.1,642,d2785df44c6bb524f5f701ba6af82e51,Substantivo
es,Spanish,importa,importar,vblex,pri;p3;sg,760,0.8879,0.8965,6.32,644,567f67623ecfe40f4b18d0903c0cd9c0,Verbo
es,Spanish,universidad,universidad,n,f;*numb,252,0.888,0.8754,2.65,645,63a27b27514589fbd8798f6727fd3fea,Substantivo
es,Spanish,bebiste,beber,vblex,ifi;p2;sg,164,0.8882,0.9053,6.85,646,6b6bfa785daf2c69dd1e2dd2407507bd,Verbo
es,Spanish,amigo,amigo,n,m;*numb,346,0.8882,0.8897,4.63,646,72f1e844b6c52541a73ef1593c4b1649,Substantivo
es,Spanish,desde,desde,pr,,5138,0.8882,0.8937,10.79,646,d9af68e3146482bd2fd728ff9c542815,Preposição
es,Spanish,empleados,empleado,n,m;pl,882,0.8883,0.8957,4.24,649,680ce57581d1baec4cc21c2a66b4928e,Substantivo
es,Spanish,empieza,empezar,vblex,pri;p3;sg,593,0.8884,0.9167,7.99,650,680c7bd974119900c0cc4720dd81a600,Verbo
es,Spanish,trabajadores,trabajador,n,m;pl,317,0.8884,0.8934,4.21,650,8697a0b8ed397d5ee403840e338c2db7,Substantivo
es,Spanish,hora,hora,n,f;sg,1692,0.8884,0.9032,6.97,650,a10e7e1c0aa21975ba316feed7659e18,Substantivo
es,Spanish,tuvo,tener,vblex,ifi;p3;sg,149,0.8887,0.9167,6.36,653,1f837f719cc34a8e217b423888eb6619,Verbo
es,Spanish,frontera,frontera,n,f;sg,295,0.8887,0.9097,3.55,653,a71ad08ee9918e36b136d4b940952da4,Substantivo
es,Spanish,sueño,soñar,vblex,pri;p1;sg,656,0.8887,0.9069,5.14,653,cc5c8a9ddab7784113418b54663b5c45,Verbo
es,Spanish,vaso,vaso,n,m;*numb,1314,0.8888,0.88,3.46,656,11468e8b738f6799396f5c389f3b587a,Substantivo
es,Spanish,menor,menor,adj,mf;sg,518,0.8888,0.9097,4.92,656,15ec7f0d48f66fa185f5eff809bb2544,Adjetivo
es,Spanish,por,por,pr,,14823,0.8888,0.9023,31.17,656,e0c4847185936c50b09b1c9b97cefa84,Preposição
es,Spanish,tú,prpers,prn,tn;p2;mf;sg,18908,0.8889,0.8957,13.3,659,82405a988fe6d883b8df7297873c5e5a,Pronome
es,Spanish,vas,ir,vblex,pri;p2;sg;@future_phrasal,396,0.8889,0.9003,20.57,659,866e64c5982b300a8fa79f2d02342554,Verbo
es,Spanish,capaz,capaz,adj,mf;sg,497,0.8889,0.9026,4.48,659,afe022dc7a6143ba34308e25485886cf,Adjetivo
es,Spanish,computadora,computadora,n,f;sg,595,0.889,0.8992,6.42,662,40a329e3093e81974705f353b42faaa7,Substantivo
es,Spanish,mesa,mesa,n,f;sg,2004,0.889,0.8943,7.17,662,fa7411f0c2b9ba1fad7667909ce35de0,Substantivo
es,Spanish,columna,columna,n,f;sg,328,0.8891,0.907,4.17,664,4f84917ec8452ad34cf76c7bc101652d,Substantivo
es,Spanish,pequeña,pequeño,adj,f;sg,2556,0.8892,0.8958,7.47,665,66538fd45aed91b8618a5907f861cbbc,Adjetivo
es,Spanish,camisas,camisa,n,f;pl,10780,0.8892,0.893,7.38,665,6ba01745092659e2dca6f3101bb7529b,Substantivo
es,Spanish,bolsa,bolsa,n,f;sg,326,0.8892,0.9104,4.18,665,97cc3a6b8467ce8efafd580896fb81cd,Substantivo
es,Spanish,diez,diez,num,mf;sp,556,0.8893,0.8855,8.23,668,a15bbd96d857e537a8c833e2717e1626,Numeral
es,Spanish,decir,decir,vblex,inf,174,0.8894,0.8958,14.41,669,95e0860a25cba2b50b24a247bcb77dc2,Verbo
es,Spanish,estadounidense,estadounidense,adj,mf;sg,110,0.8895,0.9054,4.77,670,4406026fa57f89c8180b7b598cfa409f,Adjetivo
es,Spanish,polvo,polvo,n,m;sg,311,0.8897,0.911,3.34,671,16b7885469751e77901b9ce7c641f027,Substantivo
es,Spanish,mantienen,mantener,vblex,pri;p3;pl,142,0.8897,0.9174,5.51,671,98ac8c1f4d2678f73ffea7e20d49fc3f,Verbo
es,Spanish,cruz,cruz,n,f;sg,304,0.8898,0.9097,3.48,673,28456e23e9b8f9609928e5b3e6a66d1d,Substantivo
es,Spanish,taza,taza,n,f;*numb,1225,0.8898,0.8893,3.26,673,7a4e0c5345547c6e790a33b66ed3b820,Substantivo
es,Spanish,peso,pesar,vblex,pri;p1;sg,758,0.8898,0.9015,4.71,673,ae730db996e828410953264e1bf11465,Verbo
es,Spanish,millón,millón,n,m;sg,224,0.8898,0.9033,4.48,673,bc93fcc3ddb51c5b0a239a30b764387d,Substantivo
es,Spanish,generales,general,adj,mf;pl,519,0.8899,0.9017,3.5,677,3763ab7d39dc9583d6f6693b316167e1,Adjetivo
es,Spanish,grandes,grande,adj,mf;pl,2970,0.89,0.8942,11.52,678,7f0ea4d40cd20d7e6ac1cb453412fba1,Adjetivo
es,Spanish,período,período,n,m;sg,1485,0.8906,0.8961,4.44,679,dbe1293c2c263d7498bc166c6aeab205,Substantivo
es,Spanish,leen,leer,vblex,pri;p3;pl,9798,0.8907,0.8969,7.58,680,f9d3186a3a829083942aa09a75d1aae6,Verbo
es,Spanish,mi,mío,det,pos;mf;sg,21236,0.8908,0.8976,42.09,681,930ddde2032f793642573f03dc198c9c,Determinante
es,Spanish,manejo,manejar,vblex,pri;p1;sg,152,0.8909,0.9081,4.36,682,b1733a97a27366250a238940372e580d,Verbo
es,Spanish,quieres,querer,vblex,pri;p2;sg,6018,0.891,0.9034,10.29,683,64f2b1bdc5c91bb3f6ca1bb7a808b60a,Verbo
es,Spanish,naturales,natural,adj,mf;pl,629,0.891,0.9037,5.78,683,b428bbc79ab5b8a0b416b33dd8db709c,Adjetivo
es,Spanish,película,película,n,f;*numb,345,0.8911,0.8876,3.06,685,5e49865deaa803ba18f37f8a7345da17,Substantivo
es,Spanish,si,si,cnjadv,,4490,0.8913,0.9101,8.82,686,7e416735d7d43c3c0fc30d10801a352d,cnjadv
es,Spanish,obtuvo,obtener,vblex,ifi;p3;sg,152,0.8914,0.8991,5.95,687,e212a0ee9fe1db8e1d11f21090bf62fe,Verbo
es,Spanish,recibe,recibir,vblex,pri;p3;sg,173,0.8916,0.9107,4.42,688,5e10956294961e40238f639310fd9717,Verbo
es,Spanish,cámara,cámara,n,mf;sg,103,0.8916,0.885,1.23,688,7e83273cf7125325f132b3c9fa4dd761,Substantivo
es,Spanish,localidad,localidad,n,f;sg,273,0.8916,0.9011,3.1,688,d12e10ef07f1d95b9b9a0e7401826d4f,Substantivo
es,Spanish,pocas,poco,det,qnt;f;pl,257,0.8917,0.9024,8.9,691,4ebce67a7508b7fd21c789daba2f3d20,Determinante
es,Spanish,final,final,adj,mf;sg,738,0.8917,0.909,5.7,691,c6bab6fd2fe325de521be4c5990aad26,Adjetivo
es,Spanish,ellos,prpers,prn,tn;p3;m;pl,9835,0.8918,0.9011,9.58,693,22e3fc5f089cf47dae927dfddcce2844,Pronome
es,Spanish,clase,clase,n,f;sg,253,0.892,0.8905,1.55,694,109cf9e49cd8806bc0d2014d299ba293,Substantivo
es,Spanish,del,de,pr,+el<det;def;m;sg,370,0.892,0.9149,4.89,694,9dc48ba2e5a04ac2a2545fbdd05a35e3,Preposição
es,Spanish,pantalones,pantalón,n,m;pl,8940,0.892,0.9035,6.2,694,b85dad780881cd3228297b78258a96bf,Substantivo
es,Spanish,además,además,adv,,602,0.8921,0.9048,6.68,697,037515befd981ed34099c6677b2831eb,Advérbio
es,Spanish,encontrar,encontrar,vblex,inf,105,0.8921,0.9051,7.86,697,6eab33a619d769795a6c5296bb4a03b0,Verbo
es,Spanish,fase,fase,n,f;sg,1253,0.8922,0.9017,3.9,699,b056378430ed568392184712e4d6199d,Substantivo
es,Spanish,nuestros,nuestro,det,pos;m;pl,8387,0.8923,0.9052,8.95,700,cb9b44daeb2fd896731bcdef127db8c3,Determinante
es,Spanish,duerme,dormir,vblex,pri;p3;sg,3733,0.8924,0.9075,6.95,701,3b885f2f56f70a344f212bf459748680,Verbo
es,Spanish,cartas,carta,n,f;pl,8221,0.8925,0.9073,8.9,702,1df466a5f2f77b430fa30f7e366404ef,Substantivo
es,Spanish,rojas,rojo,adj,f;pl,5063,0.8925,0.8983,5.38,702,2bf969e8c0ed26432ed5fe08e4eafaad,Adjetivo
es,Spanish,ellas,prpers,prn,tn;p3;f;pl,9239,0.8926,0.9059,9.07,704,aaa5edb86012a89ad96f0fe29b952ee7,Pronome
es,Spanish,leo,leer,vblex,pri;p1;sg,9104,0.8927,0.9063,7.98,705,1a913f2ded424985b9c02d0436008511,Verbo
es,Spanish,una,uno,det,ind;f;sg,25632,0.8927,0.8923,15.12,705,767fce885fae7a70ef9eab520d78f1bb,Determinante
es,Spanish,requiere,requerir,vblex,pri;p3;sg,563,0.8927,0.9003,6.41,705,f6838423796d0949170c9a795ffc316d,Verbo
es,Spanish,también,también,adv,,977,0.8929,0.9043,6.61,708,fa34578c761299f40b07fb6391600388,Advérbio
es,Spanish,algo,algo,prn,tn;m;sg,348,0.8931,0.9043,20.84,709,1eb92f7a63925c4fadb56f9124227f3b,Pronome
es,Spanish,nota,nota,n,f;sg,393,0.8933,0.9023,3.79,710,251352a87adb01a85a8bebb7d129333f,Substantivo
es,Spanish,fotografía,fotografía,n,f;*numb,197,0.8934,0.8879,1.89,711,b9656930d4d21c1aab61a37f9cac0cd1,Substantivo
es,Spanish,cansada,cansado,adj,f;sg,994,0.8936,0.903,6.95,712,dab5e84c022049854d9baf4090b41498,Adjetivo
es,Spanish,estuvo,estar,vblex,ifi;p3;sg,271,0.8937,0.8946,7.59,713,5dad7d0147f2e9d87977578c29d9369b,Verbo
es,Spanish,minutos,minuto,n,m;pl,1449,0.8937,0.9068,4.87,713,bb4a10e9ea6cf135698fe3d563bf6eaf,Substantivo
es,Spanish,cuándo,cuándo,adv,itg,3447,0.8938,0.9169,11.44,715,1494e77424cccd4252c3865e5d635be7,Advérbio
es,Spanish,presentar,presentar,vblex,pri;p3;*numb,425,0.8939,0.8968,4.31,716,7d0bc44915222e0b41ca9ac33ea496a7,Verbo
es,Spanish,unos,uno,det,ind;m;pl,665,0.8939,0.9046,13.88,716,f288e1a513ab370dc816126ff03f6a27,Determinante
es,Spanish,cansadas,cansado,adj,f;pl,391,0.894,0.8968,5.05,718,12537e1be2e6c6144aeaf82043f9d734,Adjetivo
es,Spanish,código,código,n,m;sg,312,0.894,0.8989,3.24,718,15a02917bbe40d9de565aee16acf43b4,Substantivo
es,Spanish,domingos,domingo,n,m;pl,2491,0.894,0.9012,8.6,718,3b02fed40541c50ec19d3b6114480d2e,Substantivo
es,Spanish,biblioteca,biblioteca,n,f;sg,336,0.894,0.8934,4.25,718,52193a1edba5d0397c23f06d8fd1a631,Substantivo
es,Spanish,clases,clase,n,f;pl,104,0.8942,0.8992,1.47,722,652e3ccd5f764d03327802139ae98941,Substantivo
es,Spanish,caballero,caballero,n,m;sg,283,0.8943,0.911,4.29,723,dc66f55293917f3593f5dbe5b40e3312,Substantivo
es,Spanish,establece,establecer,vblex,pri;p3;sg,398,0.8946,0.9107,4.7,724,179f2c8066b53896625b8ba06f6d7c57,Verbo
es,Spanish,éstos,éste,prn,tn;m;pl,204,0.8946,0.9024,3.29,724,25dc66f6fbee40cf12aa94b1bc9398d1,Pronome
es,Spanish,altas,alto,adj,f;pl,1113,0.8947,0.8998,3.42,726,5ba154d462391e2420b785cd153509e1,Adjetivo
es,Spanish,cuenta,contar,vblex,pri;p3;sg,141,0.8948,0.9084,5.88,727,d19cd75e9ab8acbca5d37798c5e62c57,Verbo
es,Spanish,o,o,cnjcoo,,4721,0.8949,0.9082,7.84,728,16b4f0acd409db1e81e9eab37d807c85,Conjunção
es,Spanish,mezcla,mezclar,vblex,pri;p3;sg,172,0.8949,0.9142,4.53,728,17231b4c24a46d2f7eb59cbc7ea01afd,Verbo
es,Spanish,cuchara,cuchara,n,f;*numb,1205,0.8949,0.8971,3.27,728,79fbfd84953c70f664cfe7adac5f7801,Substantivo
es,Spanish,voy,ir,vblex,pri;p1;sg,4053,0.8952,0.9039,6.42,731,e06829dfa5ec1b50f20eb8917f4578ee,Verbo
es,Spanish,individuo,individuo,n,m;*numb,276,0.8958,0.8987,2.75,732,2ac56e861ff676e3dba419d369471ac4,Substantivo
es,Spanish,batería,batería,n,f;sg,379,0.8959,0.9071,4.95,733,33f06d3c14094c7fccb679f86f2c6f76,Substantivo
es,Spanish,buena,bueno,adj,f;sg,2970,0.8959,0.9017,15.74,733,5ce2829bb0c8198ae7a89201738ba881,Adjetivo
es,Spanish,beben,beber,vblex,pri;p3;pl,23351,0.8959,0.8987,16.44,733,e0c59af9edfe94325252afb2525b4c93,Verbo
es,Spanish,teniente,teniente,n,m;sg,1014,0.896,0.9054,4.01,736,d6d4b332c41e4a358a97a2056fd54bdf,Substantivo
es,Spanish,blancas,blanco,adj,f;pl,5481,0.896,0.907,5.86,736,e03faef7df59e95e2d78e7baf3095ac4,Adjetivo
es,Spanish,tales,tal,det,ind;mf;pl,532,0.8962,0.893,4.28,738,1c78722aa94109121f75a23d43b3907c,Determinante
es,Spanish,turismo,turismo,n,m;sg,333,0.8963,0.8933,3.71,739,966cd24bfea172298f795e96dd1aa153,Substantivo
es,Spanish,amenaza,amenazar,vblex,pri;p3;sg,128,0.8964,0.9048,5.18,740,2170569c35e22f7ce2269140007b6f6a,Verbo
es,Spanish,periodista,periodista,n,mf;sg,1069,0.8965,0.9063,4.09,741,1d112361b2612e4112cbb922316906b7,Substantivo
es,Spanish,azules,azul,adj,mf;pl,4935,0.8965,0.9075,4.94,741,2cfd02f553e5be68f981a8864f6f8964,Adjetivo
es,Spanish,salón,salón,n,m;sg,326,0.8966,0.8998,4.19,743,f2aeacdde7cb5e6e634761038c77d7f5,Substantivo
es,Spanish,contar,contar,vblex,inf;@future_phrasal,100,0.8967,0.8897,5.25,744,61bebe8c2987b4ac2ee938d13c0aed43,Verbo
es,Spanish,última,último,det,ord;f;sg,709,0.8968,0.9081,4.7,745,98f660b66ebe71272a23e9b35e996931,Determinante
es,Spanish,veo,ver,vblex,pri;p1;sg,4220,0.8968,0.9042,8.85,745,e647e58ba264e0e6193214e3c3ae72a1,Verbo
es,Spanish,cuento,contar,vblex,pri;p1;sg,120,0.8969,0.9144,4.53,747,647ea0b1eb757d5d8e8df981fb9f8b5f,Verbo
es,Spanish,cuchillo,cuchillo,n,m;sg,1176,0.897,0.9129,4.03,748,c5ae7ef6ab436709755ae9d836470a39,Substantivo
es,Spanish,pollo,pollo,n,m;sg,12043,0.8973,0.9063,7.29,749,25a5cb63448fad016a8eb4e3578ec3d4,Substantivo
es,Spanish,vemos,ver,vblex,pri;p1;pl,2922,0.8973,0.9007,5.51,749,54b4c7a3cd6869cdb2ad97f9e387afea,Verbo
es,Spanish,pequeñas,pequeño,adj,f;pl,1621,0.8973,0.8978,4.29,749,fff799d4d95e416db9dc07ca717b4ef9,Adjetivo
es,Spanish,libro,libro,n,m;sg,16509,0.8975,0.9012,20.54,752,38b770e66595fea718366523b4f7db3f,Substantivo
es,Spanish,es,ser,vbser,pri;p3;sg,50212,0.8975,0.9092,48.66,752,54ed4cf41cbbae2ce97ddda174b5be84,vbser
es,Spanish,aparecer,aparecer,vblex,pri;p3;*numb,512,0.8975,0.8953,4.91,752,6f00f8a27f4e49b7d3ab52ce5772ce16,Verbo
es,Spanish,colegio,colegio,n,m;sg,293,0.8976,0.9028,3.32,755,7b0684bed7c5cf24b142ec7f65759831,Substantivo
es,Spanish,zapatos,zapato,n,m;pl,13115,0.8978,0.9022,10.62,756,e7e47c0b4857fed35b942459f2028006,Substantivo
es,Spanish,crea,crear,vblex,pri;p3;sg,118,0.8979,0.8938,4.01,757,cb17ea695b480f962334cd289e357390,Verbo
es,Spanish,buen,buen,adj,m;sg,1605,0.8981,0.903,11.71,758,3218489f25742947fcd6a55902b9df2d,Adjetivo
es,Spanish,jueves,jueves,n,m;sp,1746,0.8982,0.922,6.95,759,390ec159f2c8aa285ba7f326075cb44f,Substantivo
es,Spanish,toca,tocar,vblex,pri;p3;sg,2431,0.8982,0.9143,4.93,759,bde4e8d34615f749c75fefdbd0226881,Verbo
es,Spanish,usted,prpers,prn,tn;p3;mf;sg,16335,0.8983,0.9013,7.86,761,967bfdb9d5180c33cfb21dca82034e85,Pronome
es,Spanish,corona,corona,n,f;sg,274,0.8983,0.9057,2.86,761,b69159221d5460eaf68666d420fc1e00,Substantivo
es,Spanish,limón,limón,n,m;sg,9323,0.8984,0.902,6.02,763,81fe07635e2aa79cd36709cf1bdd81be,Substantivo
es,Spanish,vino,vino,n,m;sg,15469,0.8988,0.9035,16.71,764,3c317e367d8d299c237e618dd5dde5da,Substantivo
es,Spanish,representante,representante,n,mf;*numb,838,0.8989,0.901,2.66,765,32eb5b37a3333b42a389e6365f548314,Substantivo
es,Spanish,suyo,suyo,adj,pos;m;sg,4357,0.8989,0.9025,6.95,765,9c22c41019436e0fb6b5dc5276401dec,Adjetivo
es,Spanish,abre,abrir,vblex,pri;p3;sg,860,0.8989,0.9113,7.61,765,a2f1289a220091f139ef5a16f614209e,Verbo
es,Spanish,empezó,empezar,vblex,ifi;p3;sg,121,0.8992,0.9006,7.38,768,41e3a913dce9bc96e067b91a7f5309d9,Verbo
es,Spanish,habla,hablar,vblex,pri;p3;sg,6379,0.8993,0.908,9.71,769,84d1525ced1b7226ebdae73da9269b25,Verbo
es,Spanish,disco,disco,n,m;sg,247,0.8993,0.9251,3.25,769,ae4d2c5c954ce4449e0da178e698ee0b,Substantivo
es,Spanish,realmente,realmente,adv,,570,0.9,0.9045,5.75,771,fe9990237be89a606c206d862e15b151,Advérbio
es,Spanish,auto,auto,n,m;sg,337,0.9001,0.908,4.3,772,46254ff29fb587c378d9adb2382a3e2b,Substantivo
es,Spanish,doble,doble,n,m;sg,238,0.9002,0.9115,4.63,773,fdeeb539554b62ae8809e6993476e1fa,Substantivo
es,Spanish,fresa,fresa,n,f;sg,10166,0.9003,0.9089,6.22,774,a64384bb8eb33c72b1b6eead0a5cc56f,Substantivo
es,Spanish,niñas,niño,n,f;pl,13490,0.9003,0.904,10.44,774,efc6cd9e60a5a997c906ecad64813b1d,Substantivo
es,Spanish,fecha,fecha,n,f;sg,1221,0.9004,0.9159,4.45,776,76c47386f0329e382cb2661036000c74,Substantivo
es,Spanish,vestido,vestido,n,m;sg,7381,0.9004,0.9025,5.76,776,9577cf369b0d89d505b15e69cb52dd73,Substantivo
es,Spanish,quiero,querer,vblex,pri;p1;sg,11337,0.9008,0.9068,20.03,778,6466c217460079d74e1f098116fff664,Verbo
es,Spanish,matrimonio,matrimonio,n,m;sg,365,0.9008,0.9101,3.56,778,cca5d231719bbbf4eef581211beb51d4,Substantivo
es,Spanish,estructura,estructura,n,f;sg,283,0.9008,0.9133,3.66,778,f9d03ff9518ac1828e7018650100f3bb,Substantivo
es,Spanish,pato,pato,n,m;sg,9870,0.9009,0.9064,6.56,781,05b4e4c3500b553a2439c810f0771392,Substantivo
es,Spanish,tres,tres,num,mf;sp,1017,0.9009,0.9065,11.99,781,6a25eaf0668be66c3cbad4f76634a914,Numeral
es,Spanish,años,año,n,m;pl,2651,0.9009,0.9149,11.17,781,7a09c4adc45ecc849dd917220c1306bf,Substantivo
es,Spanish,lunes,lunes,n,m;sp,2664,0.9009,0.9079,8.11,781,86349d4534d10a373c5069f5c3e39bf0,Substantivo
es,Spanish,elección,elección,n,f;*numb,122,0.901,0.8821,3.99,785,087cbc9f2d86397077da6d9d5951fbe4,Substantivo
es,Spanish,municipio,municipio,n,m;sg,236,0.9011,0.9212,3.36,786,473fcd2df9302177188c179e45050456,Substantivo
es,Spanish,normalmente,normalmente,adv,,311,0.9012,0.9057,5.48,787,112c73b6d54784b458ec6a17531ae3f5,Advérbio
es,Spanish,supone,suponer,vblex,pri;p3;sg,199,0.9012,0.9094,5.57,787,84fd628812da17bf7e63677fb1007549,Verbo
es,Spanish,prueba,probar,vblex,pri;p3;sg,753,0.9012,0.9155,8.96,787,a25ed97eda50cf72dca5dde08578188f,Verbo
es,Spanish,cinco,cinco,num,mf;sp,755,0.9012,0.9101,10.52,787,b61d1df76c9d78b05c1dc7a4e682ca48,Numeral
es,Spanish,extranjero,extranjero,n,m;sg,304,0.9013,0.914,3.71,791,e9815a6e01e32f9af82940ca59891110,Substantivo
es,Spanish,largos,largo,adj,m;pl,1110,0.9014,0.9083,3.63,792,6976cb495b8ffb20b8528b08d79770e7,Adjetivo
es,Spanish,mayor,mayor,adj,mf;sg,963,0.9014,0.9112,5.81,792,6f70c3bb4ec86cad69944df5ff9a43f1,Adjetivo
es,Spanish,duermen,dormir,vblex,pri;p3;pl,3770,0.9015,0.9103,5.91,794,1f53ed99d425c7d646be6bf10d73d07c,Verbo
es,Spanish,cielo,cielo,n,m;sg,151,0.9018,0.9095,9.3,795,e9e6b87a0ff318d474d63879a7bf97b6,Substantivo
es,Spanish,continúa,continuar,vblex,pri;p3;sg,170,0.902,0.9291,4.5,796,5735f432a9c327abaa4a76641c9ac118,Verbo
es,Spanish,toma,tomar,vblex,pri;p3;sg,566,0.902,0.9165,6.25,796,9b3ceac5ea95033e970e43d2e9a4da9f,Verbo
es,Spanish,edificio,edificio,n,m;*numb,240,0.9021,0.8978,1.97,798,4d26c7d1e01a4082c2d3ff848d413a83,Substantivo
es,Spanish,ropa,ropa,n,f;sg,5610,0.9025,0.9083,4.61,799,2d8e4defa44f2512883a85f2c0ea46b4,Substantivo
es,Spanish,cansados,cansado,adj,m;pl,450,0.9028,0.9001,5.73,800,bb11dfa1f6f5adf47484e1a55b2c2a5e,Adjetivo
es,Spanish,azul,azul,adj,mf;sg,6876,0.9029,0.9093,7.12,801,532cc2ad8181500e3a6e58fa5454c144,Adjetivo
es,Spanish,luego,luego,adv,,563,0.9029,0.92,4.84,801,873ac3fe7a82dc1f4d5eb6b0ba21b8d8,Advérbio
es,Spanish,bicicleta,bicicleta,n,f;*numb,323,0.903,0.8986,3.79,803,1c5cfad02c1c9bdb49644a14a70951fd,Substantivo
es,Spanish,patria,patria,n,f;sg,256,0.903,0.9216,3.5,803,6c8412851188eeb3c7a2178818061f3d,Substantivo
es,Spanish,mientras,mientras,cnjadv,,2800,0.903,0.9148,9.13,803,8a100871aa249eeef95c20f864b281a1,cnjadv
es,Spanish,cuentas,contar,vblex,pri;p2;sg,495,0.9031,0.9147,4.54,806,ebe2ffa8d77e456b51bb4db499b5ca7f,Verbo
es,Spanish,caja,caja,n,f;sg,276,0.9033,0.9119,4.07,807,2c2acd4e896f90a90f2c4e9adb659a0a,Substantivo
es,Spanish,efectivamente,efectivamente,adv,,316,0.9035,0.9102,4.22,808,27923cf99218a9c4e124c748ac48210d,Advérbio
es,Spanish,tocamos,tocar,vblex,pri;p1;pl,2333,0.9035,0.9136,4.65,808,450e8142f25e35ce14f275ddcdf3e48f,Verbo
es,Spanish,iglesia,iglesia,n,f;*numb,309,0.9035,0.9065,2.71,808,eca8f50ec1d0c05f481287fbcf335481,Substantivo
es,Spanish,cada,cada,det,ind;mf;sg,384,0.904,0.9169,5.73,811,f3dab7cfcca078d46049e95802ea97fe,Determinante
es,Spanish,ciudadano,ciudadano,n,m;*numb,266,0.9041,0.9107,3.33,812,495a2a50f9766b5a174ae51f297666c3,Substantivo
es,Spanish,leche,leche,n,f;sg,29666,0.9041,0.9076,18.29,812,575d2821d7c3fa6d410c0eb2ea878f28,Substantivo
es,Spanish,profesor,profesor,n,m;*numb,1104,0.9042,0.8982,3.52,814,bf8c7daf612b2f750dc88a227e1a21c8,Substantivo
es,Spanish,buenos,bueno,adj,m;pl,517,0.9044,0.9104,15.83,815,7280f69fa7db13c81f4fe5da11fda063,Adjetivo
es,Spanish,llaves,llave,n,f;pl,7086,0.9045,0.9012,5.34,816,68f574243cd072ed101557dd9a86c863,Substantivo
es,Spanish,alimentos,alimento,n,m;pl,429,0.9046,0.9211,3.84,817,b957d985e7ec0f3e59fc65c92dbbe8d2,Substantivo
es,Spanish,mujer,mujer,n,f;sg,31084,0.9046,0.9091,17.66,817,e5a09ea1bd469575ed000382d5cee176,Substantivo
es,Spanish,puerta,puerta,n,f;sg,1870,0.9048,0.9131,7.91,819,09bd430efb13a04761a6be7c2a8441ab,Substantivo
es,Spanish,dueño,dueño,n,m;sg,889,0.9048,0.9137,4.76,819,5def62048509ff4ec7dbe80161d51157,Substantivo
es,Spanish,mil,mil,num,mf;sp,233,0.9049,0.9118,4.72,821,56460f568642d9bd5d7c144bd544fedc,Numeral
es,Spanish,ciudad,ciudad,n,f;*numb,277,0.9049,0.9019,3.35,821,7ff307bdeb46a2ff8d9de52f06874100,Substantivo
es,Spanish,blanco,blanco,adj,m;sg,7090,0.9049,0.9179,7.2,821,e4a6c5abe9f3911c324195b06bebc3c1,Adjetivo
es,Spanish,área,área,n,f;*numb,226,0.9049,0.9087,2.81,821,fc5e0e1c1785695ab868c716871e0e82,Substantivo
es,Spanish,producir,producir,vblex,inf,126,0.9052,0.9115,9.25,825,14384813185e58698b0fa5884036ca65,Verbo
es,Spanish,animal,animal,n,m;sg,7902,0.9053,0.9147,5.78,826,ecd5cdac269b038dbbd2331238536efc,Substantivo
es,Spanish,larga,largo,adj,f;sg,1217,0.9054,0.9108,3.97,827,54b3898d79f8aca9b9d071185df45d0c,Adjetivo
es,Spanish,últimos,último,det,ord;m;pl,714,0.9054,0.913,4.97,827,d8dc9a9a7b36dbf0e64d77f2c3f762d2,Determinante
es,Spanish,celular,celular,adj,mf;sg,342,0.9055,0.9085,3.92,829,86fe9df3f9031c24847a3f8518294db3,Adjetivo
es,Spanish,puedo,poder,vbmod,pri;p1;sg,4299,0.9057,0.9115,13.51,830,efb4aff15b32a7b5253e29f02cc85dd8,vbmod
es,Spanish,responde,responder,vblex,pri;p3;sg,122,0.9059,0.9153,4.88,831,1b553184918d8b1081ca1c309cae1c6b,Verbo
es,Spanish,bebe,beber,vblex,pri;p3;sg,40709,0.9059,0.9097,19.43,831,1d82fa60ebcc219cea70d4375a404a5c,Verbo
es,Spanish,cuatro,cuatro,num,mf;sp,690,0.9059,0.9204,9.35,831,5720c8d54cc1fd6bf7513c4a69af9330,Numeral
es,Spanish,silla,silla,n,f;sg,1433,0.9059,0.9184,4.92,831,a85c448993ea6281294aa2c761b198b7,Substantivo
es,Spanish,periódico,periódico,n,m;*numb,255,0.9059,0.913,2.37,831,bbbe9dd9d13e7c58717b38b6f26d4edf,Substantivo
es,Spanish,amarillas,amarillo,adj,f;pl,4553,0.906,0.905,4.06,836,61f0219c249a2552b2f476d0f72deb72,Adjetivo
es,Spanish,ahora,ahora,adv,,586,0.906,0.9105,5.32,836,914cdef002ed661360e8ecfa6e90a56f,Advérbio
es,Spanish,corres,correr,vblex,pri;p2;sg,2685,0.9061,0.9085,4.72,838,628cef8d899000df1fef22b0f49f403c,Verbo
es,Spanish,puede,poder,vbmod,pri;p3;sg,3203,0.9061,0.9153,21.45,838,6db9fb52d6b1c4c5be630498cdfcdc9b,vbmod
es,Spanish,hacienda,hacienda,n,f;sg,297,0.9062,0.9199,3.35,840,62186482909d8b360c2328687382102f,Substantivo
es,Spanish,saben,saber,vblex,pri;p3;pl,474,0.9062,0.9111,5.18,840,88cc0487bd0078a3cb5d8b8e6271754d,Verbo
es,Spanish,hacemos,hacer,vblex,pri;p1;pl,145,0.9062,0.9135,6.74,840,dcca90fe68916b74026ff6db4ecacf57,Verbo
es,Spanish,febrero,febrero,n,m;sg,1558,0.9062,0.9161,5.28,840,fbfc2b8e6e15b04ffe82e77da8f8558e,Substantivo
es,Spanish,negro,negro,adj,m;sg,6244,0.9063,0.9152,6.22,844,fd1033c61c9beca7a8bc633e42924a6f,Adjetivo
es,Spanish,elefantes,elefante,n,m;pl,11618,0.9064,0.9105,7.38,845,0f74821da4122d27786204db337aa795,Substantivo
es,Spanish,clase,clase,n,f;*numb,481,0.9064,0.8984,4.6,845,aa199766ff9089c5b23ca6398c272097,Substantivo
es,Spanish,aunque,aunque,cnjadv,,2662,0.9065,0.9273,8.95,847,69faeef930a44421ec22be4b06474a06,cnjadv
es,Spanish,pintor,pintor,n,m;sg,1072,0.9067,0.9211,3.84,848,941cc807ef174f6d408d3e5f099db9cf,Substantivo
es,Spanish,probablemente,probablemente,adv,,394,0.9069,0.9185,4.81,849,23c2f34f6c0d8732c9e6b0885a10645b,Advérbio
es,Spanish,viejo,viejo,adj,m;sg,1249,0.9072,0.9187,9.6,850,861029080f0fa59bbdfc93d6dddea81e,Adjetivo
es,Spanish,toneladas,tonelada,n,f;pl,254,0.9072,0.9162,4.47,850,9f35473af0c1d1a71ed54f60624c24bc,Substantivo
es,Spanish,abrigo,abrigo,n,m;sg,7333,0.9074,0.9146,4.95,852,108c28dd4282cc9ada6139270342d870,Substantivo
es,Spanish,cocina,cocina,n,f;*numb,1245,0.9074,0.9073,5.2,852,3f386c2be1db9e4802888e396fd471e9,Substantivo
es,Spanish,motor,motor,n,m;sg,323,0.9074,0.9122,4.22,852,6d3d77736565456adbf653322e0a455a,Substantivo
es,Spanish,pilar,pilar,n,m;sg,253,0.9077,0.901,4.11,855,244ddbe9c790cc11f1aabee66d1755e3,Substantivo
es,Spanish,oigo,oír,vblex,pri;p1;sg,2487,0.9077,0.9161,5.21,855,962901c6bbfc1d3e8cbbb6e6887fc362,Verbo
es,Spanish,anteriormente,anteriormente,adv,,302,0.9078,0.9115,3.87,857,69743d93f6b99d9bbf889eeb8ec0c536,Advérbio
es,Spanish,porque,porque,cnjadv,,3002,0.9078,0.9211,6.61,857,eefcfa6ea9488db6f51be5b2f8490ff9,cnjadv
es,Spanish,altos,alto,adj,m;pl,1110,0.9079,0.9159,3.86,859,159743dbe4404f88c741cd736111e129,Adjetivo
es,Spanish,bonita,bonito,adj,f;sg,1356,0.9079,0.9181,7.47,859,581fc920636e23040c165e7fd2052316,Adjetivo
es,Spanish,agua,agua,n,f;sg,30080,0.9079,0.9099,18.35,859,f0dfe0a3acd6a6a42701c33e93ba29d9,Substantivo
es,Spanish,dura,duro,adj,f;sg,654,0.9081,0.9199,4.89,862,5187edd4b17d4b010cc27f94d1d82b47,Adjetivo
es,Spanish,asociación,asociación,n,f;sg,290,0.9082,0.9109,4.36,863,20282c3c6eccc0d8b906d76b344d9b08,Substantivo
es,Spanish,propone,proponer,vblex,pri;p3;sg,136,0.9082,0.9011,4.78,863,3d13540777dd326bc8721d5cc969995c,Verbo
es,Spanish,techo,techo,n,m;sg,1165,0.9082,0.9164,6.02,863,7c428c5a2e91c43a7cba5d11fb7d7c87,Substantivo
es,Spanish,dan,dar,vblex,pri;p3;pl,759,0.9082,0.9164,6.3,863,96be85e739912485682b68b8919b7945,Verbo
es,Spanish,automóvil,automóvil,n,m;sg,274,0.9082,0.9232,3.95,863,f1a795b8786a75133e3a3d23c4e6643d,Substantivo
es,Spanish,pan,pan,n,m;sg,19277,0.9083,0.9053,12.8,868,389d16a7713404bf18de999b57a54eae,Substantivo
es,Spanish,contrario,contrario,adj,m;sg,104,0.9083,0.9,3.13,868,40ba2fd6c1fa1e9d45fb325a7c10ce33,Adjetivo
es,Spanish,niño,niño,n,m;sg,26453,0.9083,0.9099,15.4,868,605a1c36da2cf22706eaad95b0b7eeee,Substantivo
es,Spanish,café,café,n,m;sg,619,0.9083,0.9144,6.85,868,fa4bcdc449bb26f8d40f38c138370700,Substantivo
es,Spanish,museo,museo,n,m;sg,364,0.9084,0.9122,3.77,872,fe939f85c803ae7f1e41a14c02dde435,Substantivo
es,Spanish,vivir,vivir,vblex,pri;*pers;*numb,184,0.9085,0.9087,18.78,873,51030e1c1253eb454938e74cfc329cdd,Verbo
es,Spanish,manzanas,manzana,n,f;pl,9011,0.9085,0.9181,11.44,873,61a79f5fa8e435f50ff6df1df8748f13,Substantivo
es,Spanish,exige,exigir,vblex,pri;p3;sg,135,0.9086,0.9234,3.81,875,6e09caada3a49eef406a01b2549799dd,Verbo
es,Spanish,toda,todo,predet,f;sg,215,0.9086,0.9111,4.46,875,e7aeec5cc2404402bcded5cfc39e5ed2,predet
es,Spanish,simplemente,simplemente,adv,,347,0.9087,0.9211,5.44,877,e03cc48c6d488cc00b7d4afc769795a6,Advérbio
es,Spanish,considerar,considerar,vblex,pri;p3;*numb,126,0.9087,0.9178,3.78,877,ef264a7a1019363fa4a480b3b383143a,Verbo
es,Spanish,año,año,n,m;sg,1743,0.9087,0.92,6.94,877,faf1d73cf3642ccd94c63f4e9eb4fbc4,Substantivo
es,Spanish,festival,festival,n,m;sg,250,0.9089,0.9202,3.77,880,8175fa18fce6929c8d75c1bd7cdd6437,Substantivo
es,Spanish,hombre,hombre,n,m;sg,31078,0.9089,0.919,19.97,880,86584daef5933b284384453795bbf0ed,Substantivo
es,Spanish,príncipe,príncipe,n,m;sg,1047,0.9089,0.9253,3.15,880,8cfd5ce084c04df391813f2f983b1b01,Substantivo
es,Spanish,sus,suyo,det,pos;mf;pl,7928,0.909,0.9092,9.01,883,9a923eb44d7eab8152760002d9100c7a,Determinante
es,Spanish,marzo,marzo,n,m;sg,2067,0.9091,0.9196,6.36,884,3020005689f1d60a04d5ba664f85b282,Substantivo
es,Spanish,tardes,tarde,n,f;pl,3812,0.9096,0.9127,8.63,885,5d12c50226b76d4a33af1f42c071b1ab,Substantivo
es,Spanish,nación,nación,n,f;sg,267,0.9096,0.9249,3.38,885,a9c1e9100ad00d9f4f92c8855d5f2251,Substantivo
es,Spanish,constituyen,constituir,vblex,pri;p3;pl,146,0.9098,0.9198,3.66,887,c61d23e396f2a4631fb27d93711d776e,Verbo
es,Spanish,sabemos,saber,vblex,pri;p1;pl,544,0.9098,0.932,6.19,887,d7bd2e835fbbf663e107d3d55e30baed,Verbo
es,Spanish,dormimos,dormir,vblex,pri;p1;pl,3202,0.9101,0.9281,5.17,889,8072f21d101ad81dd01fecdb2c426ee9,Verbo
es,Spanish,camisa,camisa,n,f;sg,8889,0.9104,0.9152,5.71,890,9c976cff2586b5effd397d7905eb7074,Substantivo
es,Spanish,lámpara,lámpara,n,f;sg,1518,0.9106,0.9139,5.08,891,8edb6bae707b0ad464febab92f4cd3ba,Substantivo
es,Spanish,nuevos,nuevo,adj,m;pl,806,0.9106,0.9193,6.02,891,bb98aa7ba78459262238be659ba4b4ed,Adjetivo
es,Spanish,tortuga,tortuga,n,f;sg,9176,0.9107,0.9155,6.09,893,4e2d55b6054492c18e7c6090bf577d6d,Substantivo
es,Spanish,hacen,hacer,vblex,pri;p3;pl,106,0.9107,0.9123,7.61,893,e865156676b9d5864a9b34f62c14a791,Verbo
es,Spanish,patos,pato,n,m;pl,8859,0.9108,0.9172,6.22,895,41e6f9b46214faa29fba6d9f552d7960,Substantivo
es,Spanish,calendario,calendario,n,m;sg,1969,0.9108,0.9259,6.28,895,7c034af67445b308cee01312563ed759,Substantivo
es,Spanish,bolígrafo,bolígrafo,n,m;*numb,297,0.9108,0.9159,2.8,895,c5afc0e0a335f73f228f8fb1f3811d07,Substantivo
es,Spanish,sin,sin,pr,,3213,0.9109,0.9202,7.17,898,ad97654e4893d82730ee38fa10d1068a,Preposição
es,Spanish,jugo,jugo,n,m;sg,11395,0.911,0.9191,8.33,899,cfd0209136e56af5674beb77f8d26755,Substantivo
es,Spanish,cuántos,cuánto,det,itg;m;pl,4050,0.9111,0.9231,11.39,900,2a17be203dbaf336d394efbc711d0040,Determinante
es,Spanish,cifra,cifra,n,f;*numb,310,0.9111,0.9142,4.03,900,899d188c4593037ee7f0b409f82dc81b,Substantivo
es,Spanish,tienes,tener,vblex,pri;p2;sg,5771,0.9111,0.9151,9.8,900,d6e1fec0bdd8524c85b360010522b7ed,Verbo
es,Spanish,arma,arma,n,f;*numb,180,0.9111,0.9242,2.49,900,f7f2ee42fec756d7da98148fc0cd3c52,Substantivo
es,Spanish,cita,cita,n,f;sg,1676,0.9114,0.9278,6.56,904,1cf02020a4f3fd85f0a49aecccd68402,Substantivo
es,Spanish,caballo,caballo,n,m;sg,11678,0.9115,0.914,7.3,905,35f14d06d95a34607d6abb0e52fc6d2b,Substantivo
es,Spanish,largas,largo,adj,f;pl,1209,0.9117,0.9171,4.06,906,0e397ad51b7496df1d9d4609c48fbbbf,Adjetivo
es,Spanish,azúcar,azúcar,n,m;sg,8793,0.9117,0.9163,5.93,906,4df8751ce60bec32b9571bf5648c40bd,Substantivo
es,Spanish,hiciste,hacer,vblex,ifi;p2;sg,170,0.9118,0.9228,5.0,908,348718f09d2e363032db303db62a5aab,Verbo
es,Spanish,come,comer,vblex,pri;p3;sg,58069,0.9119,0.921,31.86,909,e8578c557b3989f9efbc424f9430091d,Verbo
es,Spanish,estuvimos,estar,vblex,ifi;p1;pl,161,0.912,0.9202,4.81,910,1ad6879421e89cbdd6059f12f2a46089,Verbo
es,Spanish,bueno,bueno,adj,m;sg,1171,0.912,0.9225,6.64,910,51908766f230bf2ca1929fdae3826920,Adjetivo
es,Spanish,caminas,caminar,vblex,pri;p2;sg,3609,0.9124,0.9201,5.62,912,a764900ace90aa45b2466e3cb031072e,Verbo
es,Spanish,enorme,enorme,adj,mf;sg,586,0.9125,0.9223,4.69,913,50e98db66b06f9f31df62e01684258c1,Adjetivo
es,Spanish,siglo,siglo,n,m;sg,1417,0.9125,0.9286,5.5,913,7399eea6bece0dbda3c7b2f05cba3740,Substantivo
es,Spanish,sábado,sábado,n,m;sg,2494,0.9126,0.9103,7.71,915,cdfdaa20f4be0dddf51069d1576c4684,Substantivo
es,Spanish,papa,papa,n,f;sg,10278,0.9127,0.9195,5.97,916,8a983364dfa0384768234c9b8f843a6d,Substantivo
es,Spanish,doctor,doctor,n,m;sg,277,0.9128,0.9129,1.2,917,4852f2190facd36e8a585a0b6adff01d,Substantivo
es,Spanish,hoy,hoy,adv,,6215,0.9128,0.922,20.69,917,d157a2149034333f421bed0320e316dc,Advérbio
es,Spanish,medias,media,n,f;pl,6558,0.9129,0.9202,4.67,919,e62e7e3169e94a672b58ef0a9a3abea1,Substantivo
es,Spanish,mío,mío,adj,pos;m;sg,3997,0.913,0.9241,6.33,920,420b35b7670f247d452ae0a628e60b45,Adjetivo
es,Spanish,camina,caminar,vblex,pri;p3;sg,5721,0.913,0.9203,8.55,920,bbb6ae42278769195a93b4458abc77a1,Verbo
es,Spanish,tus,tuyo,det,pos;mf;pl,10595,0.9132,0.9218,10.8,922,a631b8e67d1dbf4c94cc73644ddf2a56,Determinante
es,Spanish,toco,tocar,vblex,pri;p1;sg,2406,0.9132,0.9223,5.06,922,b2e7211584bc88151b7cbabe748cc5c5,Verbo
es,Spanish,comisión,comisión,n,f;sg,261,0.9133,0.9134,4.74,924,21530b7d6f1c7a41c9b8580627755155,Substantivo
es,Spanish,soy,ser,vbser,pri;p1;sg,37212,0.9133,0.9198,24.95,924,84e18e86c58e8e61d687dfa06b3aaa36,vbser
es,Spanish,vaso,vaso,n,m;sg,384,0.9134,0.9101,1.33,926,25d1c964e84b09dcb755f35f9a854848,Substantivo
es,Spanish,libros,libro,n,m;pl,7052,0.9137,0.9214,9.92,927,1f2dcf83930d22a2e730a57b9847aeda,Substantivo
es,Spanish,buenas noches,bueno,adj,f;pl,174,0.9138,0.9172,8.84,928,0f2b3dc0128462eef8527a186d1964a5,Adjetivo
es,Spanish,cómo,cómo,adv,itg,4492,0.9139,0.9279,8.91,929,59d202d136b23e429499a13e70067cc0,Advérbio
es,Spanish,martes,martes,n,m;sp,2447,0.9139,0.9207,7.27,929,c141741327b895fbaa0887e8b572b1ab,Substantivo
es,Spanish,cena,cena,n,f;sg,8287,0.9141,0.9207,5.84,931,72ac32e511cb2ddda42c564cc97276ef,Substantivo
es,Spanish,carta,carta,n,f;sg,11735,0.9141,0.9124,12.74,931,ddba444a359006164704196b39c87a1b,Substantivo
es,Spanish,marcar,marcar,vblex,pri;*pers;sg,525,0.9143,0.9206,5.36,933,11bfbe32a65ae3449e09f47d8d1310b8,Verbo
es,Spanish,bebimos,beber,vblex,ifi;p1;pl,132,0.9143,0.9271,4.54,933,30f1309af77ca639ef209bc90a23022a,Verbo
es,Spanish,compra,comprar,vblex,pri;p3;sg,244,0.9143,0.934,7.97,933,80a4025c0ed537b94414ba102b78c410,Verbo
es,Spanish,amarillos,amarillo,adj,m;pl,5788,0.9144,0.9231,5.33,936,78d01f2a71e1e9143c844429bb88214e,Adjetivo
es,Spanish,histórico,histórico,adj,m;sg,473,0.9145,0.9226,4.84,937,7d687dfe5d7a078e9d33ad94d668dba8,Adjetivo
es,Spanish,permitir,permitir,vblex,pri;p3;*numb,121,0.9146,0.9154,2.91,938,0de7f27b0ee8061367fb5c1a706b974e,Verbo
es,Spanish,teléfono,teléfono,n,m;*numb,1182,0.9147,0.9175,3.22,939,eac916c45b141d6cec014764316cbc84,Substantivo
es,Spanish,niña,niño,n,f;sg,28969,0.9148,0.9179,15.15,940,08dfcd4e6c86bb047be6dc84e77ed664,Substantivo
es,Spanish,seguramente,seguramente,adv,,358,0.9148,0.9306,3.94,940,b5dd8ee7e0133bb267b2f4056ddfcbae,Advérbio
es,Spanish,niños,niño,n,m;pl,18785,0.915,0.9108,12.28,942,c84476c460737d9fb905dca3d35ec995,Substantivo
es,Spanish,cuál,cuál,prn,itg;mf;sg,3882,0.9152,0.9279,12.23,943,0d1c027fe2e3262737afc5f127b91818,Pronome
es,Spanish,comen,comer,vblex,pri;p3;pl,26782,0.9152,0.9128,15.25,943,61c2f4dd9c024c9d99910ba2b04590b1,Verbo
es,Spanish,visita,visitar,vblex,pri;p3;sg,567,0.9152,0.9157,4.99,943,752f3a8b998003bd6a8b23bfeb7c9231,Verbo
es,Spanish,galería,galería,n,f;sg,278,0.9152,0.9099,3.31,943,f24d5bdfd6c6487268af2d68ab3d90f9,Substantivo
es,Spanish,caminamos,caminar,vblex,pri;p1;pl,3530,0.9152,0.9238,5.64,943,f750a86fc25b800f0ef6da687a5ce656,Verbo
es,Spanish,bola,bola,n,f;sg,320,0.9153,0.9208,4.08,948,dfd43c73a0bceeaceb42437dc66c514f,Substantivo
es,Spanish,respectivamente,respectivamente,adv,,321,0.9154,0.9109,3.81,949,ceee40661a0cc9a9c9f4b703fe14fc83,Advérbio
es,Spanish,hasta,hasta,pr,,4507,0.9155,0.9157,7.63,950,4394441ba69a3c608cfb446795ad2655,Preposição
es,Spanish,leemos,leer,vblex,pri;p1;pl,10269,0.9156,0.9232,6.02,951,5fbb4578c6e08d3122b2321720d682d7,Verbo
es,Spanish,tercero,tercero,n,m;sg,225,0.9156,0.9209,4.03,951,60c667a121ce09ed2773dd988662a29e,Substantivo
es,Spanish,estudiante,estudiante,n,mf;*numb,1313,0.9157,0.9119,3.55,953,95df1bf2112f6f1f7659637eca8d4564,Substantivo
es,Spanish,ayer,ayer,adv,,3041,0.9159,0.9297,15.87,954,229662a576e13350612fd665f994d9ed,Advérbio
es,Spanish,jefe,jefe,n,m;*numb,1171,0.9159,0.9153,2.42,954,7f0bd08bc6b65d23093ebe2d5fe592c5,Substantivo
es,Spanish,septiembre,septiembre,n,m;sg,2201,0.916,0.9271,6.01,956,66cb1a08192fe92c73bda592e73c9782,Substantivo
es,Spanish,pájaros,pájaro,n,m;pl,9535,0.9161,0.923,6.68,957,d64b11ab44cc6fa1b32ce3d4998bd5af,Substantivo
es,Spanish,pequeños,pequeño,adj,m;pl,1076,0.9162,0.9189,4.7,958,9015cbf3a4eddcb9a4773efccca03215,Adjetivo
es,Spanish,pared,pared,n,f;*numb,1120,0.9163,0.9227,5.27,959,08e1e8f80227e568fa1de0f4618c7ea1,Substantivo
es,Spanish,norte,norte,n,m;sg,315,0.9163,0.928,3.22,959,f8f56f4263f1508e26004f9c6b74018a,Substantivo
es,Spanish,corre,correr,vblex,pri;p3;sg,3199,0.9166,0.9279,5.68,961,3eac20b27bd396544a750adf280b4c51,Verbo
es,Spanish,tengo,tener,vblex,pri;p1;sg,12173,0.9166,0.9184,22.27,961,4223f27366fc70333225b9e2ec3d2a4c,Verbo
es,Spanish,número,número,n,m;*numb,228,0.9167,0.9237,2.64,963,20c1f6313a969c9eaa7635bad7745cbf,Substantivo
es,Spanish,negras,negro,adj,f;pl,7137,0.9167,0.9236,6.4,963,ebb75efd335ceb18d1f76b1edde30690,Adjetivo
es,Spanish,diferencia,diferencia,n,f;*numb,858,0.9168,0.899,3.33,965,5bc5f0c73d2711773da5efdbc4a871f5,Substantivo
es,Spanish,encuentro,encontrar,vblex,pri;p1;sg,706,0.9169,0.9228,7.84,966,9d1f39e4db1f247538e8e71d682d7508,Verbo
es,Spanish,un,uno,det,ind;m;sg,22124,0.9169,0.9133,13.85,966,c5a5d664ac5b4440b3da8613095dd840,Determinante
es,Spanish,miles,mil,n,m;pl,257,0.917,0.9284,4.07,968,6f83056a8f367aea29e5981f4ad0be9d,Substantivo
es,Spanish,recientemente,recientemente,adv,,341,0.917,0.9153,4.34,968,b26aaff226b88157a233a1cca849ac2a,Advérbio
es,Spanish,absolutamente,absolutamente,adv,,386,0.9171,0.9282,6.87,970,3e0bcaa58398647188f48a01aa8448df,Advérbio
es,Spanish,seguro,seguro,adj,m;sg,607,0.9171,0.9151,5.03,970,d1527ef779b1e131705d0a4aca6dab61,Adjetivo
es,Spanish,camino,caminar,vblex,pri;p1;sg,5247,0.9173,0.9265,6.62,972,1db792cce1abf1095ae81b27666cb996,Verbo
es,Spanish,encontramos,encontrar,vblex,pri;p1;pl,121,0.9174,0.9255,5.04,973,822bb8247b20f640163e82ef35d2b538,Verbo
es,Spanish,maestro,maestro,n,*gndr;*numb,1319,0.9174,0.9107,4.14,973,e577658a518ecccabf8ef2ec67a0193a,Substantivo
es,Spanish,hablo,hablar,vblex,pri;p1;sg,5662,0.9175,0.9266,7.65,975,7ca59979d0c746c63d39ab85db3ef306,Verbo
es,Spanish,sirve,servir,vblex,pri;p3;sg,623,0.9176,0.9256,5.64,976,1cda6dced72ebf10e12a2731532f5601,Verbo
es,Spanish,enferma,enfermo,adj,f;sg,1115,0.9178,0.9224,6.85,977,255a5914af5c09d4097fcd49f2cf43cf,Adjetivo
es,Spanish,vecinos,vecino,n,m;pl,335,0.9178,0.9321,4.4,977,e4a02eb26f4c0f3df27f7c0be09dee66,Substantivo
es,Spanish,escribe,escribir,vblex,pri;p3;sg,22639,0.918,0.9171,13.49,979,cea25080ac57e5c12f7e0676f70a54df,Verbo
es,Spanish,digo,decir,vblex,pri;p1;sg,511,0.918,0.928,4.72,979,e03a812edb20131d356d988c8239d2de,Verbo
es,Spanish,ella,prpers,prn,tn;p3;f;sg,13468,0.9181,0.92,7.42,981,3d69e78dafc9bb33f926626a63c580bb,Pronome
es,Spanish,pagamos,pagar,vblex,pri;p1;pl,2636,0.9184,0.9262,4.57,982,0ef9e7c112bc13d7e23be5c7c4f765f2,Verbo
es,Spanish,sopa,sopa,n,f;sg,8857,0.9184,0.9252,6.36,982,2183326772866ddd4f488440d562991b,Substantivo
es,Spanish,cuarenta,cuarenta,num,mf;sp,198,0.9184,0.9254,4.53,982,234c255dc21d130ad7c04c17461bad7d,Numeral
es,Spanish,ves,ver,vblex,pri;p2;sg,2944,0.9184,0.9283,5.81,982,743492a5c59883c4f0483d10d7c005ae,Verbo
es,Spanish,gatos,gato,n,m;pl,10352,0.9184,0.9229,8.1,982,751cef71758f92e031ad696122464d2f,Substantivo
es,Spanish,especialmente,especialmente,adv,,503,0.9185,0.9203,4.63,987,0e84ac21d3e9c7cc4fdfed4a082b39d6,Advérbio
es,Spanish,rueda,rueda,n,f;sg,292,0.9186,0.9223,2.86,988,5ad23970fb87f7bf49e61cf0e8cf84a5,Substantivo
es,Spanish,manzana,manzana,n,f;sg,25330,0.9188,0.923,15.03,989,a52bc2771bde31d4d5e80bd29f350714,Substantivo
es,Spanish,respondió,responder,vblex,ifi;p3;sg,125,0.9188,0.9219,5.1,989,bcec23e952412fc27085a6af6289f821,Verbo
es,Spanish,banda,banda,n,f;sg,249,0.9189,0.9215,3.95,991,fcc0c10e3ca5acfdedc3bd7a5f42a4f0,Substantivo
es,Spanish,utilizar,utilizar,vblex,pri;p3;*numb,142,0.919,0.9249,5.89,992,d0b13cc08c6213e13b4fa06cb9ff7f57,Verbo
es,Spanish,las,el,det,def;f;pl,10465,0.9191,0.926,8.05,993,65f61449087b9dbb2083da5a93210fd0,Determinante
es,Spanish,oeste,oeste,n,m;sg,250,0.9192,0.9282,3.92,994,0452db82f4987b7ef08a3379fc4ef31a,Substantivo
es,Spanish,tenemos,tener,vblex,pri;p1;pl,5139,0.9192,0.921,8.0,994,28de9c918b4093df7f88896e37213b27,Verbo
es,Spanish,bilingüe,bilingüe,adj,mf;sg,673,0.9192,0.9306,5.06,994,423779e5fb3e74585bcbdcc718ef85dc,Adjetivo
es,Spanish,pequeño,pequeño,adj,m;sg,1952,0.9192,0.9291,6.16,994,de9ac0fd40e72b12722faf6c89faef22,Adjetivo
es,Spanish,mala,malo,adj,f;sg,711,0.9193,0.9206,5.55,998,3d018e3da88bbf6c792341d357fd415a,Adjetivo
es,Spanish,primavera,primavera,n,f;sg,1319,0.9193,0.9337,5.81,998,ead3144d51374e2d8458e3250da8c3a7,Substantivo
es,Spanish,hago,hacer,vblex,pri;p1;sg,446,0.9193,0.9292,8.77,998,ecd848f285c737b641d2146f85012057,Verbo
es,Spanish,descanso,descansar,vblex,pri;p1;sg,117,0.9194,0.9385,4.72,1001,883cb317ca29b736731fba3d7ad59dc8,Verbo
es,Spanish,novela,novela,n,f;sg,378,0.9195,0.9319,4.34,1002,0ecfacf3cbc343a2dd4e4f815f83cafa,Substantivo
es,Spanish,da,dar,vblex,pri;p3;sg,119,0.9196,0.9359,5.33,1003,095d99181e552f8f1bbf00dfb6d04de9,Verbo
es,Spanish,necesaria,necesario,adj,f;sg,596,0.9197,0.9228,4.1,1004,50f42f83aa3d7ac27f9dcd35f851ac1d,Adjetivo
es,Spanish,gatas,gato,n,f;pl,12869,0.9197,0.9206,8.81,1004,efe85c0c9748dee0aab4a16466a37c98,Substantivo
es,Spanish,fresas,fresa,n,f;pl,8246,0.9199,0.9266,5.93,1006,bdb10c2d4f793986f32986d746051a59,Substantivo
es,Spanish,agosto,agosto,n,m;sg,1231,0.92,0.9317,4.37,1007,033da04337fcfc92e6dcd6812eeecf13,Substantivo
es,Spanish,llover,llover,vblex,inf;@future_phrasal,100,0.92,0.9211,4.66,1007,f674d0d8cdf63b7000cd6ba2105beea5,Verbo
es,Spanish,donde,donde,rel,adv,465,0.9201,0.9255,4.71,1009,a2d69326cc7b570d54d4c19f2bd7fba2,rel
es,Spanish,persona,persona,n,f;*numb,301,0.9203,0.9154,18.11,1010,38d90f96d157d4082b937e1c60d4ef44,Substantivo
es,Spanish,propios,propio,adj,m;pl,517,0.9203,0.933,5.23,1010,96a707316fcbd382ab80dd5bb49da41a,Adjetivo
es,Spanish,kilómetros,kilómetro,n,m;pl,249,0.9203,0.9286,4.41,1010,e2712d5963781f3f2fe22825be665213,Substantivo
es,Spanish,regional,regional,adj,mf;sg,589,0.9205,0.9287,3.93,1013,375f9d2f4c081ce1858ac8c6237f523a,Adjetivo
es,Spanish,depende,depender,vblex,pri;p3;sg,478,0.9206,0.9171,4.59,1014,5d2c5dbd91c415da4013a6e39f8e783d,Verbo
es,Spanish,principalmente,principalmente,adv,,407,0.9206,0.9303,4.68,1014,b17e776b5ca081d5aefe85c06c373257,Advérbio
es,Spanish,alta,alto,adj,f;sg,1113,0.9209,0.9292,4.64,1016,55c513cb962bafcde228f830b1182019,Adjetivo
es,Spanish,palabras,palabra,n,f;pl,7484,0.9209,0.9335,7.28,1016,688bd653bbaa40e9a5a66b2b1aa5f7a4,Substantivo
es,Spanish,china,chino,adj,f;sg,103,0.9209,0.9172,3.54,1016,f487d33f7a04536d0266d33ca03d8098,Adjetivo
es,Spanish,habremos,haber,vbhaver,fti;p1;pl;@future_perfect,100,0.921,0.9268,10.52,1019,a59537257c86f363ae3da1e2d4470563,vbhaver
es,Spanish,popular,popular,adj,mf;sg,654,0.9211,0.9233,4.78,1020,d3f8b93d325a2d570ebed4c3b90826c4,Adjetivo
es,Spanish,unas,uno,det,ind;f;pl,487,0.9214,0.927,10.0,1021,ca20efb8b04d841924c0d389c2a2ffd8,Determinante
es,Spanish,dado,dado,n,m;sg,312,0.9214,0.9434,4.33,1021,ea520d0fcfdf1ab37834e8f70f04d68c,Substantivo
es,Spanish,falda,falda,n,f;sg,8503,0.9216,0.9266,6.16,1023,72dd832895dd783a3cf7ce4b4788efe3,Substantivo
es,Spanish,destino,destino,n,m;sg,292,0.9217,0.9153,2.87,1024,27f49a3807bbfda63426857630e5d4fc,Substantivo
es,Spanish,necesitar,necesitar,vblex,pri;p3;*numb,130,0.9218,0.9217,7.02,1025,91ae8024e66eed9de253e731bab6e8f6,Verbo
es,Spanish,elefante,elefante,n,m;sg,10608,0.9219,0.924,6.88,1026,55cc2386d20ceea622e7c218e7f5cb0c,Substantivo
es,Spanish,metro,metro,n,m;*numb,237,0.9219,0.9222,2.65,1026,d9488c7b0ba326c65f75c5dd5ae8d529,Substantivo
es,Spanish,negros,negro,adj,m;pl,6130,0.9222,0.9328,5.82,1028,af28167105f5c16c90020736aafc4e2a,Adjetivo
es,Spanish,distintas,distinto,adj,f;pl,574,0.9223,0.934,5.33,1029,1bacb30c4b377965c2c58d9f79eef9db,Adjetivo
es,Spanish,domingo,domingo,n,m;sg,2508,0.9223,0.9254,7.45,1029,6b115590827fdd166e393ff20cf22905,Substantivo
es,Spanish,bebo,beber,vblex,pri;p1;sg,13367,0.9225,0.9307,9.24,1031,87c0872395d39bff72bd1ab172838aea,Verbo
es,Spanish,distancia,distancia,n,f;sg,282,0.9226,0.9332,3.24,1032,9b924e1b22b1223204c11312e682e422,Substantivo
es,Spanish,tomate,tomate,n,m;sg,10593,0.9228,0.9304,6.71,1033,7d22860d8b51d67c932fe10dfce59dc2,Substantivo
es,Spanish,instante,instante,n,m;sg,1500,0.9228,0.9261,5.43,1033,94b8310c9c438054b3d1694e01d92f80,Substantivo
es,Spanish,escribes,escribir,vblex,pri;p2;sg,6595,0.9229,0.927,7.86,1035,13bf4a3033eb44207280aa5136a517f6,Verbo
es,Spanish,agencia,agencia,n,f;sg,286,0.923,0.9246,3.32,1036,07d48954192e29dc51f18f64494c8d1a,Substantivo
es,Spanish,granada,granada,n,f;sg,253,0.923,0.9391,3.36,1036,9cdb5be78f7b3e1ddeaf37f0edd24ba2,Substantivo
es,Spanish,década,década,n,f;sg,1172,0.9231,0.9328,4.57,1038,0db00611f2362854cd6e23113f882ed0,Substantivo
es,Spanish,treinta,treinta,num,mf;sp,221,0.9231,0.939,3.16,1038,bba927c37f594e1e07e9f997cbe51d86,Numeral
es,Spanish,vestidos,vestido,n,m;pl,8904,0.9231,0.9289,6.5,1038,f9fb279a9bd8900d84965a3296c4f746,Substantivo
es,Spanish,verde,verde,adj,mf;sg,5008,0.9232,0.9265,4.68,1041,00f7dcb01ae4f66ff87cd609629dbd40,Adjetivo
es,Spanish,sombrero,sombrero,n,m;sg,9842,0.9232,0.9288,7.49,1041,07316479491134dbe29d337782103cab,Substantivo
es,Spanish,yo,prpers,prn,tn;p1;mf;sg,20868,0.9232,0.9233,13.23,1041,a96439c6627d7b2447435b1a5f32eade,Pronome
es,Spanish,zapato,zapato,n,m;sg,6513,0.9232,0.9329,5.56,1041,d0705eafec00822b93bf9cc9a9189bba,Substantivo
es,Spanish,hospital,hospital,n,m;sg,306,0.9232,0.9303,4.08,1041,f1daf7dc9311618a62b71d1431c25e9e,Substantivo
es,Spanish,clara,claro,adj,f;sg,439,0.9235,0.9274,5.15,1046,005715ee8be9143c4ce71f0769e77159,Adjetivo
es,Spanish,señor,señor,n,*gndr;sg,331,0.9236,0.9249,3.37,1047,948d3060bf8f1e0159223101ff094d6b,Substantivo
es,Spanish,baño,baño,n,m;sg,442,0.9238,0.9285,4.63,1048,c4ae70a8d651b324ceee073e52878388,Substantivo
es,Spanish,tía,tía,n,f;sg,2607,0.9239,0.9316,5.8,1049,b956d82a36ea3c6c5360e5929fc6221f,Substantivo
es,Spanish,oyes,oír,vblex,pri;p2;sg,2244,0.9239,0.9335,4.37,1049,ce1f6015717667884d1f27d6f355ca91,Verbo
es,Spanish,corro,correr,vblex,pri;p1;sg,3933,0.924,0.9301,5.54,1051,0660d40368cf835a1182a844b9bcd9ca,Verbo
es,Spanish,alrededor,alrededor,adv,,398,0.924,0.9364,4.29,1051,8dc3cb98414ba4d6d921ede25f3584d7,Advérbio
es,Spanish,poeta,poeta,n,mf;sg,1092,0.924,0.9343,3.94,1051,de0f2dd1329297979300f68e247ab6a6,Substantivo
es,Spanish,doctor,doctor,n,*gndr;*numb,1283,0.9241,0.9231,3.32,1054,66db7511ccb85025407c94a5431bac38,Substantivo
es,Spanish,bebes,beber,vblex,pri;p2;sg,13348,0.9242,0.9267,8.98,1055,065d3cd6bc42c437f89877740698c750,Verbo
es,Spanish,pienso,pensar,vblex,pri;p1;sg,508,0.9242,0.9298,4.8,1055,335cfd3a92cf21d9975c80f179b818ee,Verbo
es,Spanish,sola,solo,adj,f;sg,512,0.9243,0.9255,4.33,1057,01ab85d5c9015436b2494c25cc1b1f0a,Adjetivo
es,Spanish,horas,hora,n,f;pl,1267,0.9243,0.9289,4.68,1057,2a390a7cf6a5fc6b24be6d3ac0c71925,Substantivo
es,Spanish,territorio,territorio,n,m;sg,340,0.9243,0.9263,4.28,1057,4df755f271d102f06e366f1f55d260c2,Substantivo
es,Spanish,enfermo,enfermo,adj,m;sg,975,0.9243,0.9317,6.84,1057,f5c6a9239b97663b3016f0b297e63b30,Adjetivo
es,Spanish,cocino,cocinar,vblex,pri;p1;sg,11675,0.9244,0.9305,7.32,1061,6b4ac7ed7cae8cd551c71d1a5b0aedc4,Verbo
es,Spanish,dudar,dudar,vblex,pri;*pers;sg,126,0.9246,0.9363,3.37,1062,682bde2b4f7b02a83efa9f22f5928fe8,Verbo
es,Spanish,faldas,falda,n,f;pl,6628,0.9246,0.9282,5.69,1062,b69958573762710ebf427700e6ae97be,Substantivo
es,Spanish,abrigos,abrigo,n,m;pl,7725,0.9247,0.9302,5.42,1064,f9f82239f935c01a23b0b2119af257ce,Substantivo
es,Spanish,había,haber,vbhaver,pii;p3;sg;@past_perfect,173,0.9249,0.9281,13.54,1065,098256e1d2538a81e24287d05318ddc1,vbhaver
es,Spanish,real,real,adj,mf;sg,628,0.9249,0.9359,5.66,1065,777af91e5fa39ec1ae6ce2b5570185d9,Adjetivo
es,Spanish,alumnos,alumno,n,m;pl,1314,0.925,0.9266,4.16,1067,07cfa4b2e10ca9b507806be4ff39a8c5,Substantivo
es,Spanish,aquel,aquel,det,dem;m;sg,263,0.925,0.9281,5.08,1067,46220859d1937e7a4aec8a9cd319a9d0,Determinante
es,Spanish,tocas,tocar,vblex,pri;p2;sg,3175,0.9251,0.9317,4.71,1069,c7dbbcd7ff5d0c7a291175e42cef70c5,Verbo
es,Spanish,perro,perro,n,m;sg,14903,0.9251,0.9238,9.35,1069,f00cd5d54171096208a6a1e13ab02ab9,Substantivo
es,Spanish,huevo,huevo,n,m;sg,11037,0.9251,0.9297,6.91,1069,ff340c09240b4617358d4dcb2cb46439,Substantivo
es,Spanish,finales,final,adj,mf;pl,558,0.9252,0.93,5.37,1072,bab11a3a70cd5dfbfbb1f86fb877111a,Adjetivo
es,Spanish,prácticamente,prácticamente,adv,,367,0.9253,0.9395,6.96,1073,7cadd2ab5e9f2fb2f7f0e6f26490031c,Advérbio
es,Spanish,documento,documento,n,m;*numb,241,0.9253,0.926,2.61,1073,8e93e92dcd8ea874805f1f87a829669d,Substantivo
es,Spanish,diferentes,diferente,adj,mf;pl,623,0.9253,0.9237,4.73,1073,f1f3c1fbbaadbfaf0c3e7fefe196ff2c,Adjetivo
es,Spanish,terreno,terreno,n,m;sg,257,0.9254,0.9385,3.26,1076,b7f8ac7c99ddb30c5a0a4dc3a5932789,Substantivo
es,Spanish,pocos,poco,det,qnt;m;pl,218,0.9255,0.9288,4.58,1077,13f27c381538f58631455aca59abb2c6,Determinante
es,Spanish,únicamente,únicamente,adv,,348,0.9255,0.9313,4.58,1077,f244003374fb5687f2e94bdd30d1b3bf,Advérbio
es,Spanish,aquellos,aquel,det,dem;m;pl,226,0.9257,0.9378,3.94,1079,d8206375da4c3fdd1201082308cf4367,Determinante
es,Spanish,fiestas,fiesta,n,f;pl,1210,0.9258,0.9401,4.68,1080,1facf245d17afd2769ea29eda92430f6,Substantivo
es,Spanish,perfectamente,perfectamente,adv,,422,0.9259,0.9295,5.58,1081,21b77630ebafc460eb35088a031ebbef,Advérbio
es,Spanish,como,comer,vblex,pri;p1;sg,21342,0.9259,0.9302,11.62,1081,593cf703acd34bfc58184c2a96ff5e2a,Verbo
es,Spanish,necesariamente,necesariamente,adv,,268,0.9259,0.9221,7.91,1081,77de3a31de0dbd2c44da24c263b5095b,Advérbio
es,Spanish,naturalmente,naturalmente,adv,,328,0.9263,0.9363,4.13,1084,5d55a71e9e0087c9139331f51a770e30,Advérbio
es,Spanish,arroz,arroz,n,m;sg,21354,0.9264,0.9327,15.85,1085,2a5f9687f146bdb703ab03f7bedf2d3c,Substantivo
es,Spanish,firma,firmar,vblex,pri;p3;sg,533,0.9265,0.9352,5.63,1086,eaab6c94246370b3f243b0bbe49a96c1,Verbo
es,Spanish,costa,costa,n,f;sg,280,0.9268,0.944,2.86,1087,51b5f823f37d13971493af4920ba7144,Substantivo
es,Spanish,escrito,escribir,vblex,pp;m;sg;@past_perfect,103,0.9272,0.9392,8.6,1088,fc121dd99dd39e0c03c0e3fc169aab65,Verbo
es,Spanish,papel,papel,n,m;sg,334,0.9273,0.9343,4.32,1089,48cec6bfe6aa68bf8ea471f07c7278af,Substantivo
es,Spanish,respeto,respetar,vblex,pri;p1;sg,511,0.9274,0.9359,5.74,1090,0ecf928f951b3359de8c8845df5603ae,Verbo
es,Spanish,escribimos,escribir,vblex,pri;p1;pl,6012,0.9274,0.9318,8.2,1090,66017329a8be498caedf5d4e36606225,Verbo
es,Spanish,vas,ir,vblex,pri;p2;sg,2461,0.9275,0.941,4.79,1092,8dce1427e92b20185ec503c7b93f24ff,Verbo
es,Spanish,primera,primero,adj,f;sg,693,0.9276,0.9367,5.04,1093,3628c19de8430a1f70e2e14a6472133a,Adjetivo
es,Spanish,mercado,mercado,n,m;*numb,273,0.9278,0.9318,2.29,1094,a4a72e4fb203dfff47e9373569575917,Substantivo
es,Spanish,nada,nadar,vblex,pri;p3;sg,3613,0.9284,0.9303,7.07,1095,107cc07081fadc4035141c3bb5f43d88,Verbo
es,Spanish,encargado,encargado,n,m;sg,829,0.9284,0.9349,3.92,1095,edd01cb82854f5a57649990517e8de07,Substantivo
es,Spanish,fundación,fundación,n,f;sg,337,0.9288,0.9277,3.92,1097,e062b45ca3b9caefb1f5902d0df19757,Substantivo
es,Spanish,comes,comer,vblex,pri;p2;sg,14305,0.9289,0.9362,8.16,1098,33b0e1ddffd7f88532895500640817ee,Verbo
es,Spanish,diseño,diseñar,vblex,pri;p1;sg,450,0.9289,0.9345,4.82,1098,63287160d31b4d84929fa15a1f863cf8,Verbo
es,Spanish,audiencia,audiencia,n,f;sg,329,0.9289,0.9372,3.65,1098,73fda3f9bf7a349bc2e272012408ae73,Substantivo
es,Spanish,ojos,ojo,n,m;pl,127,0.9291,0.9291,1.2,1101,7c997a55f7137e10f47448e79f839a2d,Substantivo
es,Spanish,mayo,mayo,n,m;sg,1764,0.9292,0.9362,6.46,1102,3d3869e7aaefd88fc73147b56831df53,Substantivo
es,Spanish,industrial,industrial,adj,mf;sg,482,0.9296,0.9383,3.55,1103,8252b0fc2315c4575374b50ea299ffd9,Adjetivo
es,Spanish,platos,plato,n,m;pl,147,0.9297,0.9286,1.78,1104,7f08c73e0add58bf5ae7f3a71dffc5e1,Substantivo
es,Spanish,pingüino,pingüino,n,m;sg,7775,0.9298,0.9358,5.79,1105,a86e2a4fcacb8e686c9b01bafbe4783c,Substantivo
es,Spanish,ecuador,ecuador,n,m;sg,258,0.9299,0.9362,3.33,1106,d7a5af2e192faa853949cd018f1d0fce,Substantivo
es,Spanish,responsable,responsable,adj,mf;sg,565,0.93,0.9352,4.34,1107,cedff1ee4093850cb12eaac3b0a8686a,Adjetivo
es,Spanish,supuesto,supuesto,@adv:por_supuesto,,375,0.9303,0.9424,4.66,1108,39a19e4cbc501fe9acd71f7c7888011e,@adv:por_supuesto
es,Spanish,tiempos,tiempo,n,m;pl,1268,0.9303,0.9375,4.35,1108,dc3b87d9091ae0389b1ea8753f732e99,Substantivo
es,Spanish,bebemos,beber,vblex,pri;p1;pl,9733,0.9305,0.9361,10.71,1110,a8a620e1310deb6282fec185918acad1,Verbo
es,Spanish,nadan,nadar,vblex,pri;p3;pl,3288,0.9307,0.932,5.75,1111,06874871aa89e0d5e6175cfd2c1a35c1,Verbo
es,Spanish,roma,roma,np,loc;f;sg,286,0.9307,0.9375,4.86,1111,68d329e60b103346953b2209a89301df,np
es,Spanish,caballos,caballo,n,m;pl,9659,0.9308,0.9345,6.78,1113,2a94c2ba4da5dfbdb5d23703e11646fe,Substantivo
es,Spanish,la,el,det,def;f;sg,21308,0.9308,0.9309,9.6,1113,e3f7a4495f1d47fbca713a5a70dbd8e9,Determinante
es,Spanish,corremos,correr,vblex,pri;p1;pl,2827,0.9308,0.9353,5.27,1113,e521e2b9d55b19c70d8ac6cbee4ad41f,Verbo
es,Spanish,doctores,doctor,n,m;pl,414,0.9312,0.935,2.0,1116,4181843c5f2690739f41fdbc6745753c,Substantivo
es,Spanish,enemigo,enemigo,n,m;*numb,298,0.9312,0.929,2.9,1116,845734052e4bce84a86aac6d6a9f58cb,Substantivo
es,Spanish,pagan,pagar,vblex,pri;p3;pl,2715,0.9313,0.9385,4.54,1118,21a50f8fc4c935f815d24d5e40a5cc98,Verbo
es,Spanish,gran,gran,adj,mf;sg,871,0.9313,0.9436,8.03,1118,41b2be88de713617b726a4c69660ee62,Adjetivo
es,Spanish,continente,continente,n,m;sg,242,0.9313,0.9349,3.45,1118,6e3c38cabf9c604b895873417ba2377d,Substantivo
es,Spanish,principales,principal,adj,mf;pl,544,0.9314,0.9424,3.57,1121,cf06410c4038d71f49a3562a0d7f9b65,Adjetivo
es,Spanish,solución,solución,n,f;*numb,241,0.9315,0.9218,4.07,1122,4e58c3dc8ef9cbdc031409fbd2f3619a,Substantivo
es,Spanish,noviembre,noviembre,n,m;sg,1743,0.9315,0.9392,5.07,1122,7dc4a803d5fc1c35fd2f12269b54e908,Substantivo
es,Spanish,pronto,pronto,adv,,435,0.9316,0.9464,4.4,1124,4565748db138768b1d9f12373c58fe96,Advérbio
es,Spanish,setenta,setenta,num,mf;sp,220,0.9317,0.9425,4.18,1125,3047ecb5125c1e697bd05f310de17543,Numeral
es,Spanish,director,director,n,m;sg,1362,0.9317,0.9411,3.82,1125,928b0f7cd8a4786049c8736662197744,Substantivo
es,Spanish,obispo,obispo,n,m;sg,1077,0.9318,0.9427,3.71,1127,f371d52889e421e1444ae508be8e62ee,Substantivo
es,Spanish,adultos,adulto,n,m;pl,238,0.9319,0.9382,4.66,1128,9e770c19104f21dc056359f29cb39e9e,Substantivo
es,Spanish,jóvenes,joven,adj,mf;pl,540,0.9319,0.9296,4.75,1128,c3c34f6011523f948d46f7161dbe0ece,Adjetivo
es,Spanish,comemos,comer,vblex,pri;p1;pl,13599,0.9323,0.932,9.23,1130,15f99792b4df114a9390e9c5c8c98d8e,Verbo
es,Spanish,página,página,n,f;*numb,222,0.9324,0.9346,1.93,1131,846a271a6be2f71f03c550b25f35fdb2,Substantivo
es,Spanish,oye,oír,vblex,pri;p3;sg,2220,0.9326,0.9382,4.06,1132,c7d7ef2a0747383980389c9f5154436d,Verbo
es,Spanish,agente,agente,n,mf;sg,998,0.9326,0.9414,4.81,1132,e74828ec868c1e36ecd4c3e5fcffb88f,Substantivo
es,Spanish,funcionario,funcionario,n,m;*numb,855,0.9327,0.9354,3.16,1134,a7460cd05257cd3ba4cb5b55472d5aa3,Substantivo
es,Spanish,geografía,geografía,n,f;sg,295,0.9328,0.9319,3.32,1135,1e66cd101248a3c82a4b59e243110184,Substantivo
es,Spanish,segundos,segundo,n,m;pl,1207,0.9328,0.9392,4.13,1135,e27e6cf702f46733553e7fe5241b389c,Substantivo
es,Spanish,rojo,rojo,adj,m;sg,5789,0.933,0.9408,6.04,1137,fe4377ddaff79e95ebee452005f55c11,Adjetivo
es,Spanish,secretario,secretario,n,m;sg,1210,0.9332,0.9309,4.04,1138,f9f99e21d37b4d1ff3fb5eb3818dfb35,Substantivo
es,Spanish,jamás,jamás,adv,,410,0.9335,0.9391,4.53,1139,54259d113903245fd580028572afc118,Advérbio
es,Spanish,pescado,pescado,n,m;sg,16216,0.9335,0.9378,10.26,1139,f0f2727a8c1b436349fa2f07bc698945,Substantivo
es,Spanish,mecanismo,mecanismo,n,m;*numb,204,0.9338,0.9414,2.25,1141,871afea564db62461d917140b49443ae,Substantivo
es,Spanish,única,único,adj,f;sg,562,0.9339,0.9404,4.68,1142,a062371b7869190dbbc934386766cfba,Adjetivo
es,Spanish,sujetos,sujeto,n,m;pl,246,0.9339,0.9165,4.3,1142,e4bc01e4caed9012812ef4047114c7a9,Substantivo
es,Spanish,nosotros,prpers,prn,tn;p1;m;pl,13688,0.934,0.9354,11.36,1144,50629ad6c891b5b3f258b2fdb0e3cf82,Pronome
es,Spanish,juez,juez,n,m;*numb,1182,0.9343,0.9361,3.65,1145,bc66ddd0ffa3ade2ce5bae4ac1e7bf92,Substantivo
es,Spanish,sólo,sólo,adv,,652,0.9346,0.9478,6.85,1146,91bd999e79fc6416be92695d01ed1c13,Advérbio
es,Spanish,cultural,cultural,adj,mf;sg,489,0.9346,0.9548,4.95,1146,ff5a6390ea19407caaa23d2f4ede975e,Adjetivo
es,Spanish,según,según,pr,,2450,0.9347,0.9407,6.3,1148,9ce1fe6a87fc1751c12e1c36874f49b8,Preposição
es,Spanish,aquellas,aquel,det,dem;f;pl,214,0.9348,0.9357,3.57,1149,8c1373e28c1c6dcad32f7e2955da9c19,Determinante
es,Spanish,gata,gato,n,f;sg,11915,0.9349,0.936,8.52,1150,85f1c68fe6ff052c94a517fc73972c71,Substantivo
es,Spanish,bebé,bebé,n,m;*numb,357,0.9351,0.936,3.43,1151,57f11aef55cf501f0aac91ffe5c285a5,Substantivo
es,Spanish,texto,texto,n,m;sg,280,0.9351,0.9459,3.15,1151,58baf257f1cb33d42f02d09038a11bfb,Substantivo
es,Spanish,nadamos,nadar,vblex,pri;p1;pl,3314,0.9353,0.9458,5.71,1153,bc9376056d038e72ef858e721fffbf4b,Verbo
es,Spanish,solo,solo,adj,m;sg,619,0.9355,0.9446,5.8,1154,16c5392fa19be505c89e52b34c913fde,Adjetivo
es,Spanish,colores,color,n,m;pl,4503,0.9355,0.9391,3.8,1154,24e1fef5b39879465334a5ffd4a5e871,Substantivo
es,Spanish,los,el,det,def;m;pl,11389,0.9358,0.9346,8.09,1156,c042776c6e21db7522381dc8a022e74e,Determinante
es,Spanish,formar,formar,vblex,pri;p3;*numb,156,0.9359,0.9451,4.25,1157,1c1665a68392778ed33ef56e2442afae,Verbo
es,Spanish,parque,parque,n,m;sg,258,0.9359,0.9341,3.26,1157,1f5ac8df98a444eb439895847ec08bcf,Substantivo
es,Spanish,dicen,decir,vblex,pri;p3;pl,481,0.936,0.941,9.16,1159,68fde38df89a19739cdd431bb965ff3d,Verbo
es,Spanish,generación,generación,n,f;sg,1278,0.9362,0.9422,5.01,1160,770d4ef65a55ea2e0806c2ae6766657c,Substantivo
es,Spanish,primeras,primero,adj,f;pl,483,0.9362,0.9421,3.49,1160,d4bd7c594a6591061547ec939ffa18d1,Adjetivo
es,Spanish,general,general,@adv:en_general,,565,0.9363,0.9451,5.16,1162,5ebaf290bcf79c948af914524ad119cb,@adv:en_general
es,Spanish,aparato,aparato,n,m;sg,264,0.9363,0.9538,3.79,1162,8dafbc24ba5d06b18e0fe71726882b83,Substantivo
es,Spanish,alto,alto,adj,m;sg,1425,0.9363,0.9422,6.16,1162,fea199274abbc1c7354996f16f1525d5,Adjetivo
es,Spanish,mamá,mamá,n,f;sg,2251,0.9364,0.9385,4.35,1165,7305f8d28c10e3ba78b25c5707defb5f,Substantivo
es,Spanish,gris,gris,adj,mf;sg,4880,0.9367,0.9401,4.44,1166,022a6054cf91fa919945bb5d6a95c181,Adjetivo
es,Spanish,roja,rojo,adj,f;sg,5391,0.9369,0.9427,5.56,1167,8abb337ce69b52a6cd98eca30c726a0e,Adjetivo
es,Spanish,sombreros,sombrero,n,m;pl,6947,0.9372,0.9427,6.02,1168,62f00b715632c0cb6dd7624e57c8b410,Substantivo
es,Spanish,alcohol,alcohol,n,m;sg,380,0.9372,0.9443,5.58,1168,ef291a7ccce066eea848c28958b24491,Substantivo
es,Spanish,quizás,quizás,adv,,311,0.9373,0.9557,3.84,1170,45861fd94dbe9f3d382e8373be50b4b7,Advérbio
es,Spanish,abuela,abuelo,n,f;sg,2041,0.9373,0.9389,4.64,1170,57f4578f38182e00a174493838f81262,Substantivo
es,Spanish,residencia,residencia,n,f;sg,268,0.9373,0.9407,3.59,1170,e7dcfdab70563f4736b84fef07dcd221,Substantivo
es,Spanish,copa,copa,n,f;sg,259,0.9376,0.9518,3.34,1173,0872ecd7558ac011fa0c55d998c129a8,Substantivo
es,Spanish,mismos,mismo,adj,m;pl,534,0.9376,0.9474,4.49,1173,db1687ca8015934a4afee9dc1f519e62,Adjetivo
es,Spanish,tarde,tarde,adv,,1475,0.9377,0.946,4.93,1175,a1a3e94d123451ce40f6ad555b1af2e0,Advérbio
es,Spanish,modelo,modelo,n,m;*numb,1171,0.9377,0.9365,3.29,1175,c50cf96fc3210c0c35c1520da9166fed,Substantivo
es,Spanish,humanidad,humanidad,n,f;sg,281,0.9377,0.9396,3.17,1175,f6581ad41450f61ced59d061a6b4fa4e,Substantivo
es,Spanish,fruta,fruta,n,f;sg,9914,0.9381,0.9443,6.9,1178,8d97dc81cb3844281262ee45b3d33f3c,Substantivo
es,Spanish,miércoles,miércoles,n,m;sp,2291,0.9382,0.9387,7.25,1179,a50da57b2578033db868e21b22067896,Substantivo
es,Spanish,minuto,minuto,n,m;sg,1621,0.9384,0.9434,5.99,1180,f04ae4d92d378e4436b0667d771e28ea,Substantivo
es,Spanish,imposible,imposible,adj,mf;sg,714,0.9386,0.9524,5.58,1181,6eb49dbcd8807ead9e40459f387b3a80,Adjetivo
es,Spanish,favor,favor,@adv:por_favor,,7182,0.9389,0.9463,18.27,1182,61b4c9fe794e96c3fbbfa7d1c1162358,@adv:por_favor
es,Spanish,gato,gato,n,m;sg,15136,0.939,0.9384,9.88,1183,949dcde4140ed63db24a73573f6ce7ea,Substantivo
es,Spanish,bajo,bajo,pr,,2383,0.9391,0.9444,5.94,1184,73eecb492ca758ddab5371cf7b5cca32,Preposição
es,Spanish,ruta,ruta,n,f;sg,259,0.9395,0.9498,3.18,1185,75f231d0b9ebe4e3a9e41e9a8eb45daa,Substantivo
es,Spanish,rey,rey,n,*gndr;*numb,1268,0.9397,0.9366,3.17,1186,0f5a5cc670c9dfa55fba725fae3e3178,Substantivo
es,Spanish,especialistas,especialista,n,mf;pl,1162,0.9397,0.9477,4.12,1186,20f4b13284805245f59ef3e3961a5773,Substantivo
es,Spanish,paga,pagar,vblex,pri;p3;sg,2525,0.9398,0.9429,5.36,1188,28706253902ea3c7b25ccd8c630d1d87,Verbo
es,Spanish,delegación,delegación,n,f;sg,311,0.9399,0.9478,3.16,1189,3116c898ddb1da0212c0b091e6339c61,Substantivo
es,Spanish,el,el,det,def;m;sg,21289,0.9399,0.9399,9.09,1189,b1b2b2203009f082a1cf172e42fa65a3,Determinante
es,Spanish,oficina,oficina,n,f;*numb,223,0.9402,0.9422,2.58,1191,2b2653647f5006c9b70776110c53f141,Substantivo
es,Spanish,sé,saber,vblex,pri;p1;sg,117,0.9402,0.9521,5.08,1191,895ef0baef58695515d09ea93b6db828,Verbo
es,Spanish,largo,largo,adj,m;sg,1098,0.9403,0.9416,3.89,1193,054903803bb88ffb3805660afbca42df,Adjetivo
es,Spanish,palacio,palacio,n,m;sg,249,0.9404,0.9443,2.98,1194,6a30274184fcc2943ae7446f9471aeab,Substantivo
es,Spanish,sindicato,sindicato,n,m;*numb,277,0.9404,0.936,3.06,1194,9f8148c8a1a860a950e9ff70e8399163,Substantivo
es,Spanish,negra,negro,adj,f;sg,5045,0.9405,0.9447,4.96,1196,1f4bb36e5aa8231dc04d772d8f4dc839,Adjetivo
es,Spanish,horno,horno,n,m;sg,1123,0.9405,0.9487,6.05,1196,34d84bb1d90ac3d5e834c5aaaf61d3a3,Substantivo
es,Spanish,ésta,éste,prn,tn;f;sg,175,0.9408,0.9427,3.66,1198,76b1539bb358d919312945540566c837,Pronome
es,Spanish,nadas,nadar,vblex,pri;p2;sg,2835,0.9409,0.9487,4.32,1199,e284fa5a944ba7b8793e20a26cffc281,Verbo
es,Spanish,adiós,adiós,ij,,8571,0.9411,0.9439,9.71,1200,a18e94e6d95abfb6d23e941ef0132505,ij
es,Spanish,escribo,escribir,vblex,pri;p1;sg,8141,0.9412,0.9478,8.28,1201,2dfe022dbb72b561bf0a34ac768502b3,Verbo
es,Spanish,colonia,colonia,n,f;sg,245,0.9413,0.9439,3.35,1202,5f98d7dd2776d2c57059ad9d35486e4b,Substantivo
es,Spanish,pretende,pretender,vblex,pri;p3;sg,471,0.9413,0.9351,4.94,1202,6ed8f969c54927097f761ef5e8db3eb6,Verbo
es,Spanish,puedes,poder,vbmod,pri;p2;sg,2534,0.9413,0.9459,7.89,1202,70b3074bfb21ec4696b5718fa0391615,vbmod
es,Spanish,llenar,llenar,vblex,pri;*pers;sg,148,0.9414,0.9351,3.53,1205,c93a242605269d3c476c1f0cd755688c,Verbo
es,Spanish,oso,oso,n,m;sg,7829,0.9415,0.9443,5.64,1206,78c25a8b1ab23f9182c4d839aef0e7f4,Substantivo
es,Spanish,lentamente,lentamente,adv,,297,0.9419,0.9542,4.77,1207,6568d57b3620d1f4e7a1be804c7e81fa,Advérbio
es,Spanish,humana,humano,adj,f;sg,395,0.942,0.9433,4.51,1208,13746c16c8c0e7ef7dde65101bebbb13,Adjetivo
es,Spanish,cabeza,cabeza,n,f;*numb,368,0.942,0.9499,3.05,1208,2ef7d91c3acd57552a9b339f8b7f07fd,Substantivo
es,Spanish,llamar,llamar,vblex,pri;*pers;*numb,112,0.942,0.9397,3.75,1208,ebb35c834e8058e15da157f1f621c76f,Verbo
es,Spanish,durante,durante,pr,,2875,0.9421,0.9493,6.17,1211,544e0739c8cef7db5bc7b95d3646542c,Preposição
es,Spanish,nueva,nuevo,adj,f;sg,1238,0.9422,0.9439,7.54,1212,5cd2980e6883c8c03e38cfd7405a681b,Adjetivo
es,Spanish,ambas,ambos,det,def;f;pl,136,0.9423,0.944,6.81,1213,65936bd0d4313c42c0a1be211eea1386,Determinante
es,Spanish,papá,papá,n,m;sg,2068,0.9423,0.9427,4.42,1213,913cec688728dc80afcc56a54c3b5932,Substantivo
es,Spanish,artistas,artista,n,mf;pl,997,0.9425,0.9479,4.22,1215,d867e6dcd2985552d8989785ef397f08,Substantivo
es,Spanish,distrito,distrito,n,m;sg,235,0.9426,0.9468,3.71,1216,5f00e0b890de1eed6e5a74e65b57af34,Substantivo
es,Spanish,entiende,entender,vblex,pri;p3;sg,121,0.9426,0.9596,3.98,1216,678fce6306a5bcfffd2a1563ea7c4181,Verbo
es,Spanish,decidió,decidir,vblex,ifi;p3;sg,103,0.9426,0.9416,4.63,1216,9df86143a14acb3a22325e54da46b509,Verbo
es,Spanish,disculpe,disculparse,vblex,pron;prs;p3;sg,8476,0.9433,0.9523,9.29,1219,58dc623cb7357e51b20768411843bde1,Verbo
es,Spanish,oriente,oriente,n,m;sg,256,0.9434,0.943,2.64,1220,268de70f58f611230d0fe6074e014a37,Substantivo
es,Spanish,generalmente,generalmente,adv,,342,0.9437,0.9587,4.14,1221,271c7c756047717a2c9d33f9f3a81eef,Advérbio
es,Spanish,comunidad,comunidad,n,f;*numb,223,0.9439,0.9465,2.0,1222,00fc3ff3a3ff30bf0c3336526aea36d6,Substantivo
es,Spanish,vuelve,volver,vblex,pri;p3;sg,534,0.944,0.9569,6.14,1223,03be6d161e647555e578a2805f8de278,Verbo
es,Spanish,comandante,comandante,n,m;sg,751,0.944,0.9502,5.38,1223,bb32f993affaae3ae0769a1e5afaa24f,Substantivo
es,Spanish,pieza,pieza,n,f;*numb,359,0.9443,0.9496,3.47,1225,7f2e344b7927040a85b8d0e7c009599b,Substantivo
es,Spanish,vuelo,volar,vblex,pri;p1;sg,120,0.9444,0.9598,3.74,1226,710102ce1ab55ff3a1ac29fa047bc49c,Verbo
es,Spanish,muchacho,muchacho,n,*gndr;sg,280,0.9446,0.9459,2.66,1227,66956a8862daf8a5ed870d8067aae76b,Substantivo
es,Spanish,mañana,mañana,adv,,3766,0.9446,0.9489,12.34,1227,d2fc6c44b97fb38c957871920b11fd32,Advérbio
es,Spanish,teatro,teatro,n,m;sg,311,0.9447,0.9458,2.92,1229,0b1823dbc00d085d47617524c6f9477c,Substantivo
es,Spanish,él,prpers,prn,tn;p3;m;sg,15168,0.9447,0.9469,8.55,1229,7c5f7481bd058705944beb130edc5882,Pronome
es,Spanish,diversas,diverso,adj,f;pl,502,0.9447,0.9508,3.6,1229,f396f8e4ef8b06f107fcbfb79e25e6a4,Adjetivo
es,Spanish,trabajar,trabajar,vblex,pri;*pers;sg,148,0.9448,0.9422,7.28,1232,74443282269882f352e1905481f1704a,Verbo
es,Spanish,plano,plano,adj,m;sg,460,0.9449,0.9521,3.67,1233,5509fa1c51b1f5361276f9166ef8d787,Adjetivo
es,Spanish,mismas,mismo,adj,f;pl,439,0.9457,0.9478,4.08,1234,b30ded1ce699cc6751aa498875edc702,Adjetivo
es,Spanish,total,total,adj,mf;sg,195,0.9458,0.931,4.27,1235,6af875f5d82b393789938f312923af0a,Adjetivo
es,Spanish,motivo,motivar,vblex,pri;p1;sg,477,0.9458,0.954,4.37,1235,96b1640112a02c9abf00245efa229369,Verbo
es,Spanish,salsa,salsa,n,f;sg,7408,0.946,0.951,6.31,1237,4452601308c9aeb4f25f01fb6710ed16,Substantivo
es,Spanish,pública,público,adj,f;sg,599,0.946,0.9521,5.35,1237,7789f57660939ce4b6dd904cb4c82ae6,Adjetivo
es,Spanish,objeto,objeto,n,m;*numb,204,0.9461,0.9417,2.28,1239,3f7135c3f388fe557a9ea8c3f7fcb639,Substantivo
es,Spanish,plato,plato,n,m;*numb,1389,0.9462,0.9457,4.02,1240,88b83603f8245577a390a7cb07cf6f37,Substantivo
es,Spanish,abogado,abogado,n,m;*numb,1005,0.9463,0.9468,3.19,1241,2ff9bb8de2a805521dd2f68bcf0b64ec,Substantivo
es,Spanish,centro,centro,n,m;*numb,241,0.9464,0.9273,3.69,1242,192b733a5b06a1bda9cfc752871917a0,Substantivo
es,Spanish,fiesta,fiesta,n,f;sg,1328,0.9464,0.9562,5.15,1242,93e519eef01e74fc46098ca997afe383,Substantivo
es,Spanish,preguntar,preguntar,vblex,pri;*pers;sg,434,0.947,0.9482,3.69,1244,19f9d97043c69ed1a1c25ceb11de9ddd,Verbo
es,Spanish,pantalón,pantalón,n,m;sg,7177,0.947,0.9502,4.76,1244,83b06d2c4133aa4e3bc2b43c9b435f40,Substantivo
es,Spanish,militar,militar,adj,mf;sg,534,0.947,0.9538,4.83,1244,f45cc0bbbb8a6273acbb2484728d3ebe,Adjetivo
es,Spanish,revolución,revolución,n,f;sg,308,0.9471,0.9529,3.71,1247,4c591b1262efb48f19b83c980b2cc541,Substantivo
es,Spanish,cultura,cultura,n,f;sg,276,0.9472,0.9423,4.06,1248,20d9778a2e055d744faec9daa0f40cdd,Substantivo
es,Spanish,solamente,solamente,adv,,384,0.9476,0.9493,4.6,1249,32a9e37f2f57a230996906a2539daf7a,Advérbio
es,Spanish,soldados,soldado,n,mf;pl,1162,0.9476,0.9478,3.81,1249,5bead5a186cad76e616026baa71287a3,Substantivo
es,Spanish,amplia,amplio,adj,f;sg,331,0.9476,0.9467,2.86,1249,6c839d23c4cbd1b90ed57bb8dc8d1e1d,Adjetivo
es,Spanish,octubre,octubre,n,m;sg,1492,0.9476,0.9518,5.36,1249,95aa8837da78c7de7a0af521bec1ff94,Substantivo
es,Spanish,principio,principio,n,m;*numb,238,0.9478,0.9472,4.28,1253,43fe39decaaa5c1eaafd5bdfc51196e3,Substantivo
es,Spanish,duermes,dormir,vblex,pri;p2;sg,3151,0.9482,0.955,4.68,1254,af50c2f138f83780c163e44856bfb9b5,Verbo
es,Spanish,necesario,necesario,adj,m;sg,712,0.9482,0.9563,4.71,1254,f38226d735d7ae620df601c87ba02f1f,Adjetivo
es,Spanish,ciclo,ciclo,n,m;sg,1293,0.9483,0.9579,4.47,1256,082a43346d3faa5270f10bafb90a1cff,Substantivo
es,Spanish,profesional,profesional,adj,mf;sg,467,0.9483,0.9458,4.15,1256,566e33e27bd08436df46d3de8f2f9016,Adjetivo
es,Spanish,víctima,víctima,n,f;*numb,298,0.9485,0.944,3.04,1258,5f561a8650e252464fd2cfaae625e353,Substantivo
es,Spanish,sabe,saber,vblex,pri;p3;sg,774,0.9486,0.951,6.48,1259,4606ad78169f84b4ed74e6ba42992ec4,Verbo
es,Spanish,indica,indicar,vblex,pri;p3;sg,521,0.9487,0.9501,4.91,1260,0cc3eb4150174f93e4dce55ebaf79065,Verbo
es,Spanish,duermo,dormir,vblex,pri;p1;sg,3287,0.9488,0.951,5.29,1261,661a008f1f9d30b17a792cd5cdc9a581,Verbo
es,Spanish,marido,marido,n,m;sg,1991,0.949,0.9502,4.46,1262,c4c1c76d797cd5ab9214e29556bdbb32,Substantivo
es,Spanish,supuesto,suponer,vblex,pp;m;sg;@past_perfect,108,0.9491,0.9524,6.09,1263,ced08744a553b5535bf42362afe37784,Verbo
es,Spanish,villa,villa,n,f;sg,265,0.9492,0.9492,3.14,1264,9f31114e38d2ae059262fa55d5179239,Substantivo
es,Spanish,animales,animal,n,m;pl,8998,0.9497,0.9521,5.99,1265,2199c2e34a246811ededdd765f1933ce,Substantivo
es,Spanish,perros,perro,n,m;pl,13812,0.9499,0.9514,8.97,1266,751870fa2768a6ee46e433d2b2852ce8,Substantivo
es,Spanish,comienzo,comenzar,vblex,pri;p1;sg,422,0.9499,0.9524,4.5,1266,e5bad1f05a55bba95297582d349dec56,Verbo
es,Spanish,poder,poder,n,m;*numb,125,0.95,0.9412,3.38,1268,43efee721076b1ade13d79959a580862,Substantivo
es,Spanish,diversos,diverso,adj,m;pl,479,0.9502,0.9573,3.38,1269,67f633edf200dc1547abecbdca2c1133,Adjetivo
es,Spanish,queso,queso,n,m;sg,13121,0.9503,0.9513,8.85,1270,e90f0f43da00a10f3954bcd34c144e2c,Substantivo
es,Spanish,lleva,llevar,vblex,pri;p3;sg,115,0.9504,0.9421,1.03,1271,a9f4dee29a7a06cc11dd5dc2d438e666,Verbo
es,Spanish,volvió,volver,vblex,ifi;p3;sg,103,0.9506,0.9509,4.03,1272,91b24619f468ef93697123dfb6926a3f,Verbo
es,Spanish,completamente,completamente,adv,,326,0.9507,0.9595,5.13,1273,cca842916c1f67f7bbb2a5bbd044cece,Advérbio
es,Spanish,testigo,testigo,n,mf;*numb,226,0.951,0.9534,3.62,1274,85a694410d1ff32f345ac109bcd8f3e3,Substantivo
es,Spanish,pago,pagar,vblex,pri;p1;sg,2665,0.9516,0.9513,5.64,1275,ff7d75d60b27caa7e106c2d3221ce4d1,Verbo
es,Spanish,espectadores,espectador,n,m;pl,868,0.9519,0.9566,3.1,1276,f8fc75f09b0b4f66b9835b1cbd059000,Substantivo
es,Spanish,fuerte,fuerte,adj,mf;sg,743,0.952,0.9573,6.56,1277,5579b390beaa461953f625e3f22576da,Adjetivo
es,Spanish,contiene,contener,vblex,pri;p3;sg,136,0.9526,0.9537,6.54,1278,e80861880329ad5c019feb581b29ee77,Verbo
es,Spanish,coronel,coronel,n,mf;sg,960,0.9526,0.956,3.91,1278,e9d1572a52199d0bb93f895e471836fd,Substantivo
es,Spanish,color,color,n,m;sg,4835,0.9531,0.9545,4.48,1280,a67b252b5a28ba2253eafecf03312f5a,Substantivo
es,Spanish,pobre,pobre,adj,mf;sg,554,0.9532,0.96,4.41,1281,7050859acea1831f295b25418cd2cd1c,Adjetivo
es,Spanish,franco,franco,adj,m;sg,510,0.9536,0.9608,4.02,1282,db05e7657886db7cd0d163b6e34d22aa,Adjetivo
es,Spanish,banca,banca,n,f;sg,234,0.9537,0.9599,3.41,1283,31b6fbf3d5842d86fb6ed93d6652bf15,Substantivo
es,Spanish,humano,humano,adj,m;sg,536,0.9537,0.9651,5.04,1283,c8687a162638957b90324e8b69e4d501,Adjetivo
es,Spanish,sí,sí,adv,,8221,0.9544,0.9648,18.94,1285,78431f2c8e07c9d5bce403d94cfecb83,Advérbio
es,Spanish,bebí,beber,vblex,ifi;p1;sg,169,0.9544,0.9652,6.41,1285,87e0353f2e22ddd6d216877257a0a0aa,Verbo
es,Spanish,autor,autor,n,m;sg,1108,0.9545,0.9558,4.31,1287,04d4159accf9effa41f46a5d98d8b281,Substantivo
es,Spanish,noches,noche,@ij:buenas_noches,,3866,0.9545,0.9548,7.52,1287,0b5d763150fe4a31906a8ed091505b34,@ij:buenas_noches
es,Spanish,debate,debatir,vblex,pri;p3;sg,441,0.9546,0.9702,5.91,1289,5db39ef23eb67b27d9e0a897b1631913,Verbo
es,Spanish,comienza,comenzar,vblex,pri;p3;sg,497,0.9551,0.9663,6.12,1290,0e3303d571a42799644a2369e5117735,Verbo
es,Spanish,profesionales,profesional,adj,mf;pl,431,0.9551,0.9646,4.25,1290,64028a55d311be8dd16e000938c548d6,Adjetivo
es,Spanish,éste,éste,prn,tn;m;sg,200,0.9554,0.9486,3.66,1292,4f66cc7d2bcf6fa454e3959fbd260c32,Pronome
es,Spanish,llamó,llamar,vblex,ifi;p3;sg,111,0.9554,0.9497,5.32,1292,7252bdca80b5ef2e8efcbebece2a8c1f,Verbo
es,Spanish,carne,carne,n,f;sg,7877,0.9559,0.9576,5.41,1294,1740e6b68fd04f1f127d183b42cac2ac,Substantivo
es,Spanish,abuelo,abuelo,n,m;sg,2215,0.9559,0.9562,5.3,1294,489e20f972d406db1ec64c8d6d00ac8a,Substantivo
es,Spanish,claramente,claramente,adv,,306,0.9562,0.9548,3.72,1296,591fe3bb2f875f98d5386778bf945c63,Advérbio
es,Spanish,relativamente,relativamente,adv,,268,0.9563,0.9557,8.44,1297,26ea03cfbc6991272edc6e038a161b4d,Advérbio
es,Spanish,preguntó,preguntar,vblex,ifi;p3;sg,122,0.9563,0.9595,5.6,1297,5c0da5500119a630d1e759a3d48f1b2a,Verbo
es,Spanish,bomba,bomba,n,f;sg,248,0.9563,0.9623,3.27,1297,834558728f5a16266104995e623b6971,Substantivo
es,Spanish,tabaco,tabaco,n,m;sg,323,0.9564,0.9634,4.14,1300,3f85040f4558f974c6b6936d5b584fea,Substantivo
es,Spanish,consumo,consumir,vblex,pri;p1;sg,526,0.9564,0.963,4.85,1300,d8606f777664392334cbc72013fc91fe,Verbo
es,Spanish,lista,lista,n,f;sg,293,0.9567,0.9595,2.92,1302,ce094328e7ef39838468f5017c3c2a57,Substantivo
es,Spanish,pie,pie,n,m;*numb,384,0.957,0.9548,3.12,1303,5e88f8839fe5d2622c4aeddc98a4ddea,Substantivo
es,Spanish,simple,simple,adj,mf;sg,464,0.9571,0.9658,4.96,1304,7ed52623aaabf807483a8918701f191c,Adjetivo
es,Spanish,pruebas,probar,vblex,pri;p2;sg,474,0.9576,0.9619,5.52,1305,f8f9269fe135cd874936badaed42552a,Verbo
es,Spanish,momento,momento,n,m;sg,1375,0.9578,0.9655,4.85,1306,463c3d0a3a9d14b9922f2fdd345184ae,Substantivo
es,Spanish,escritor,escritor,n,m;*numb,982,0.9579,0.9558,2.42,1307,831646de35e74fce20ac6ee025ec33f4,Substantivo
es,Spanish,pasta,pasta,n,f;sg,9828,0.9581,0.9604,6.32,1308,08bb4120ecb09c3cc4a544af3f119f6d,Substantivo
es,Spanish,tabla,tabla,n,f;sg,249,0.9582,0.9644,3.39,1309,df57deec0da4476b71fbcbe3e7ee62c3,Substantivo
es,Spanish,doce,doce,num,mf;sp,174,0.9583,0.966,3.68,1310,74ec200f477255a95fc277a3ac4ddbb4,Numeral
es,Spanish,reservar,reservar,vblex,pri;*pers;sg,109,0.9587,0.9612,3.2,1311,25239b47a3bfc42a8e3c0f711a7ab15f,Verbo
es,Spanish,isla,isla,n,f;*numb,242,0.9587,0.9577,1.9,1311,359467bf41e1b194a8fae2e2c6719004,Substantivo
es,Spanish,producir,producir,vblex,pri;p3;*numb,561,0.9587,0.9556,5.2,1311,fc1fa7bc516df810c600f4cb47bffcd3,Verbo
es,Spanish,finalmente,finalmente,adv,,414,0.9592,0.9699,4.94,1314,e50f22e0b83392f8b39d3eb2a4772514,Advérbio
es,Spanish,familia,familia,n,f;sg,2812,0.9593,0.9603,5.86,1315,0daaac41ae0aeabc59a1a6491d9a8e56,Substantivo
es,Spanish,nado,nadar,vblex,pri;p1;sg,3350,0.9605,0.9681,5.15,1316,589c537a702c9ea7281403bc5f429bd7,Verbo
es,Spanish,humanos,humano,adj,m;pl,486,0.961,0.9663,4.41,1317,3f727ab6ed73e83934154cab163d9e48,Adjetivo
es,Spanish,marcha,marchar,vblex,pri;p3;sg,522,0.9614,0.9652,3.82,1318,8be31e412dac315ef34e12f7f5457db9,Verbo
es,Spanish,tradicional,tradicional,adj,mf;sg,488,0.9615,0.9663,3.58,1319,98fa4e9bc09eb4defb4e2418956ccca4,Adjetivo
es,Spanish,conocidos,conocer,vblex,pp;m;pl,102,0.9616,0.9563,8.89,1320,11d36a78126f2cff7f3987faedacf5b2,Verbo
es,Spanish,ojo,ojo,n,m;*numb,381,0.9619,0.9636,3.55,1321,bbb24120d46c0d87f3ef5187f40062be,Substantivo
es,Spanish,amarillo,amarillo,adj,m;sg,3829,0.962,0.9638,4.14,1322,ed9bea188781d7bc1be5e93290cb146a,Adjetivo
es,Spanish,rápidamente,rápidamente,adv,,294,0.9623,0.9605,3.95,1323,11dc4abb346c9c56fd7994c3ea5cbc10,Advérbio
es,Spanish,compañía,compañía,n,f;*numb,221,0.9623,0.9644,2.24,1323,7c2ab0190071c4fb48d9d3b6e7f7de58,Substantivo
es,Spanish,vehículo,vehículo,n,m;*numb,226,0.9624,0.9656,2.52,1325,59fc5775a79739caa9d7f67f849a826c,Substantivo
es,Spanish,juego,jugar,vblex,pri;p1;sg,749,0.9625,0.9678,7.6,1326,3d1a6e25ac836be2db75fb0aa3ea01fa,Verbo
es,Spanish,rico,rico,adj,m;sg,456,0.9627,0.9649,3.14,1327,5b16ce511bd13a5325e5a598691b4d39,Adjetivo
es,Spanish,pagas,pagar,vblex,pri;p2;sg,2695,0.963,0.9653,5.39,1328,8f1487ccda2da3ebb6a042ff664f277a,Verbo
es,Spanish,había,haber,vbhaver,pii;p1;sg;@past_perfect,136,0.9633,0.9563,6.74,1329,9831cf94bc9fbb295b384669519cdeb9,vbhaver
es,Spanish,departamento,departamento,n,m;sg,257,0.9636,0.9677,3.39,1330,b8030c6502ec62329c3aba482d31e7d8,Substantivo
es,Spanish,afecta,afectar,vblex,pri;p3;sg,102,0.9637,0.9725,4.92,1331,feb61f4393f5e45f1ba967fc5bb749ad,Verbo
es,Spanish,capitán,capitán,n,m;sg,1084,0.9641,0.9618,3.87,1332,336fb79b7172a6488809bcc305ea57a0,Substantivo
es,Spanish,corta,cortar,vblex,pri;p3;sg,133,0.9643,0.9614,4.31,1333,1de24ef0e3c65b31edec4bf57529ec0d,Verbo
es,Spanish,importante,importante,adj,mf;sg,663,0.9646,0.9689,4.8,1334,8d3f6d7d6123ad0dfd82cd0f4c7e238a,Adjetivo
es,Spanish,sur,sur,n,m;sg,261,0.9646,0.9696,3.04,1334,d503cc039893b10a62c37f5709066f88,Substantivo
es,Spanish,totalmente,totalmente,adv,,478,0.965,0.9675,5.28,1336,09703bac2af580554e6eee5dd26bf8e0,Advérbio
es,Spanish,días,día,@ij:buenos_dias,,3790,0.9656,0.9642,6.31,1337,2f6bf5bb00276852e18a82f36b114028,@ij:buenos_dias
es,Spanish,aquella,aquel,det,dem;f;sg,211,0.9656,0.9683,4.18,1337,503c77be3b87d05fd311598c06fe809b,Determinante
es,Spanish,momentos,momento,n,m;pl,1223,0.9671,0.9756,4.77,1339,f40a0799f76f680afac65cf55243739a,Substantivo
es,Spanish,reforma,reforma,n,f;sg,275,0.9673,0.9744,2.64,1340,adbf99abb80575fd5dd17aeee44c00e0,Substantivo
es,Spanish,local,local,adj,mf;sg,616,0.9675,0.9683,4.42,1341,7063a604e580309b752090d0bc12f15b,Adjetivo
es,Spanish,existir,existir,vblex,pri;p3;*numb,644,0.9679,0.9633,5.06,1342,9c4670404cc2a70b52aba6eab4256998,Verbo
es,Spanish,contra,contra,pr,,2370,0.968,0.9652,7.68,1343,7c46644e2b6d5451f43892e9679869ef,Preposição
es,Spanish,provincia,provincia,n,f;sg,248,0.9684,0.9684,3.54,1344,4f2092cff2d9a1f25e560fb3cdadf032,Substantivo
es,Spanish,chico,chico,n,*gndr;sg,270,0.9685,0.9721,2.3,1345,1537eb24da2b76b449930bc33011ee34,Substantivo
es,Spanish,pescados,pescado,n,m;pl,5765,0.9686,0.9713,6.36,1346,36cc2f758a27a4ebeb9f23d82881a811,Substantivo
es,Spanish,personal,personal,adj,mf;sg,584,0.9693,0.9671,4.85,1347,09f36b2acaa3c8cab974ac7fa41420e3,Adjetivo
es,Spanish,actor,actor,n,m;*numb,977,0.9699,0.9714,3.16,1348,2e1360cf692fd4d81dda00b109ec7371,Substantivo
es,Spanish,incremento,incrementar,vblex,pri;p1;sg,403,0.9702,0.9717,3.97,1349,db3178c0d329348acf82d5294fdcf279,Verbo
es,Spanish,gracias,gracias,ij,,8994,0.9707,0.9744,8.96,1350,d34dd0c4df69ca91b277730638b12a4a,ij
es,Spanish,investigadores,investigador,n,m;pl,740,0.9707,0.9758,3.8,1350,febb3706313b972c2459a974d47ad148,Substantivo
es,Spanish,corresponde,corresponder,vblex,pri;p3;sg,456,0.9708,0.9743,5.15,1352,b5c662ce36afd481b6595334a5533b21,Verbo
es,Spanish,evidente,evidente,adj,mf;sg,501,0.971,0.971,4.45,1353,21a479328b1d910826aa34b08fef0603,Adjetivo
es,Spanish,posible,posible,adj,mf;sg,648,0.9715,0.9709,4.32,1354,4692c4f22e25c9b5f185cddb79e82ee5,Adjetivo
es,Spanish,fácilmente,fácilmente,adv,,303,0.9718,0.9727,5.13,1355,459d71af8f0514038ae25c48e46efeda,Advérbio
es,Spanish,hola,hola,ij,,8777,0.9722,0.9742,9.99,1356,b838f789252678299b0413df4b3d0ad9,ij
es,Spanish,particularmente,particularmente,adv,,295,0.9723,0.9688,4.42,1357,690fabb7058f955047964cc0418aafb0,Advérbio
es,Spanish,cocinamos,cocinar,vblex,pri;p1;pl,2565,0.9748,0.9773,4.82,1358,81895adaf136a8e29a4e661724ccf9e8,Verbo
es,Spanish,públicos,público,adj,m;pl,535,0.9762,0.972,4.5,1359,63b9c4b5157c8fa20717e4326b8b139c,Adjetivo
es,Spanish,triunfo,triunfar,vblex,pri;p1;sg,438,0.9764,0.98,3.77,1360,3c08a22469bce07213418c8083054451,Verbo
es,Spanish,normal,normal,adj,mf;sg,445,0.9769,0.9816,4.97,1361,340f9a259fb0fbfb993157540ad5cebf,Adjetivo
es,Spanish,bar,bar,n,m;sg,280,0.9811,0.9821,3.29,1362,af47fbc0679121982cd90cbc2f20ea7f,Substantivo
es,Spanish,luz,luz,n,f;*numb,183,0.9822,0.9768,3.16,1363,ba50854ba7e46768cbff76d86368d887,Substantivo
es,Spanish,estudio,estudiar,vblex,pri;p1;sg,707,0.9828,0.9879,6.58,1364,d5e721a6bd7cfedaeece11e85c2e7cb4,Verbo
es,Spanish,fundamentalmente,fundamentalmente,adv,,154,0.9838,0.9792,2.94,1365,73060bc5602b37db20aebe54b590489c,Advérbio
es,Spanish,exactamente,exactamente,adv,,261,0.9917,0.9874,3.59,1366,91c7dab67ab45dfc987514edef961a94,Advérbio
fr,French,en,en,prn,pro;adv,544,0.6633,0.699,5.81,1,44208615c9076b387d27b5d510bb0a49,Pronome
fr,French,moins,moins,adv,,193,0.6977,0.7211,5.98,2,58e721d76220548b72be70ebbf881bc7,Advérbio
fr,French,écrit,écrire,vblex,pp;m;sg;@compound_past,118,0.6982,0.744,10.81,3,c3157dda4ff74aa58075ad116467b239,Verbo
fr,French,tout,tout,adv,,154,0.7035,0.7438,14.05,4,a0845992bac18a90567e9d1f73eb1282,Advérbio
fr,French,fait,faire,@adv:tout_a_fait,,105,0.7048,0.7397,9.66,5,e788148cc42e7d65c0eddfea469954a2,@adv:tout_a_fait
fr,French,verre,verre,n,m;sg,280,0.7182,0.7328,10.38,6,f171e65045cfe231b4074dfa7f99acf7,Substantivo
fr,French,valoir,valoir,vblex,pri;*pers;*numb,111,0.7215,0.7407,2.91,7,1365472de3355b2ca3d66f4711e0c1b0,Verbo
fr,French,apporter,apporter,vblex,inf,199,0.7295,0.7492,4.63,8,3f1d56082f2cf32a6c238a696b15042d,Verbo
fr,French,se,se,prn,pro;ref;p3;mf;sp,439,0.7322,0.7644,6.71,9,d12f42de0a5161ca6cbae54f32bed716,Pronome
fr,French,longtemps,longtemps,adv,,157,0.7331,0.7654,5.67,10,dbc634ac381b075a1248b0f209270b45,Advérbio
fr,French,pourtant,pourtant,adv,,124,0.7332,0.7656,3.8,11,5893fb5eccec878da5caadef42f8e099,Advérbio
fr,French,noir,noir,n,m;sg,124,0.7399,0.755,4.21,12,36cc71bc28a8cc7ba1ee2ffd7a2894ff,Substantivo
fr,French,peuvent,pouvoir,vbmod,pri;p3;pl,187,0.7454,0.7679,5.43,13,832bec75392f25bd936c6c15408f5a7d,vbmod
fr,French,chercher,chercher,vblex,inf,170,0.7461,0.8104,5.09,14,be2cbbadcff457fb5fd5e6153d0e219b,Verbo
fr,French,rien,rien,prn,tn;nt,125,0.7462,0.7802,6.66,15,841b06c7071b815dc0b23517ff200496,Pronome
fr,French,m',me,prn,pro;p1;mf;sg,513,0.7482,0.7847,8.86,16,3b69b35a3c58b614df5ceed9d339fa77,Pronome
fr,French,dès,dès,pr,,542,0.7483,0.7889,9.64,17,0ce4f8d1f50e4c32da1bc78dfe51f530,Preposição
fr,French,moyen,moyen,adj,m;sg,116,0.749,0.7518,2.3,18,7c1f294db4dbf8f65532ae6cb2ec1980,Adjetivo
fr,French,soi,soi,prn,tn;ref;p3;mf;sp,355,0.7518,0.7677,6.28,19,60e750e870222429bcf342de071e8c7b,Pronome
fr,French,les,le,prn,pro;p3;mf;pl,628,0.7573,0.792,7.11,20,414324861a223918af20c5a4b3117097,Pronome
fr,French,peu,peu,adv,,206,0.7588,0.769,4.73,21,349d6c3d5ffa69e1a5a7a921228c7b6c,Advérbio
fr,French,vas,aller,vblex,pri;p2;sg,288,0.7622,0.7685,7.56,22,434aadd8e0b8eafa7c870c1a02fdbcad,Verbo
fr,French,dîner,dîner,vblex,inf,178,0.7634,0.8111,5.28,23,fbbff9d98aa604d8c6f2670baeb4cd9a,Verbo
fr,French,ensuite,ensuite,adv,,139,0.7655,0.8026,6.22,24,c71639eb09732f2ef902a2ebb6e36a9b,Advérbio
fr,French,noires,noir,adj,f;pl,132,0.7658,0.7673,4.77,25,240cbad5a9dcd12a8f4a5732cfe20b81,Adjetivo
fr,French,de,de,@neg:plus_de,,114,0.767,0.8098,6.03,26,9c3ef37753d7737b986653873a9bab82,@neg:plus_de
fr,French,tôt,tôt,adv,,107,0.7671,0.8158,4.36,27,1599bd74d42b6114ae66bcb40861c935,Advérbio
fr,French,mieux,mieux,adv,,206,0.7673,0.8238,6.15,28,e658a0695ba24b827504514c5f8d2b81,Advérbio
fr,French,faut,falloir,vbmod,pri;p3;sg,378,0.768,0.783,14.15,29,d51b41c79d3e04e3fd0fb8eb53e7d68c,vbmod
fr,French,lui,lui,prn,pro;p3;mf;sg,467,0.7699,0.8015,6.75,30,8b507bcf412de2fc0d1cf98259559913,Pronome
fr,French,le,le,prn,pro;p3;nt,504,0.771,0.7904,6.42,31,a97c27cdd137c98e2aab7fe9c4af1305,Pronome
fr,French,cuisinier,cuisinier,n,m;sg,303,0.7737,0.796,5.01,32,0cc06dee6ed4c424df93547fc3e2bc4b,Substantivo
fr,French,alors,alors,adv,,152,0.7776,0.7979,10.47,33,bb79c5ccc13a7611ee2e55060bf48deb,Advérbio
fr,French,de,de,pr,,2412,0.778,0.794,25.92,34,59094033b33cb3bde588156a60afca61,Preposição
fr,French,importer,importer,vblex,pri;*pers;*numb,128,0.7797,0.7791,2.85,35,0b6152e40b322b504ac50017d0da0837,Verbo
fr,French,de,de,@pr:plus_de,,268,0.7803,0.8019,6.93,36,226c8d5a2fbd22bca13335e3b1e842d3,@pr:plus_de
fr,French,que,que,cnjsub,,155,0.7804,0.7979,29.72,37,bcf1d6ed64fe4ca110328cc76fbcd023,Conjunção
fr,French,dessus,dessus,adv,,133,0.7808,0.8155,3.92,38,052f3f3155188cda0a5ec9963d6f519a,Advérbio
fr,French,qu',que,@cnj:des_que,,528,0.7813,0.8346,8.53,39,8ebfd36fd8088e581e970f3dbef9c5ef,@cnj:des_que
fr,French,par,par,pr,,512,0.7813,0.8217,6.91,39,e310b6c8d97a9806c1ca7593b46ea19a,Preposição
fr,French,la,le,det,def;f;sg;@det:de_le,160,0.7816,0.7824,14.25,41,03ca43670a8b21825481399456373ed6,Determinante
fr,French,veut,vouloir,vbmod,pri;p3;sg,137,0.7822,0.7852,3.24,42,a9b89a2032bef65630fae9d020b87793,vbmod
fr,French,pendant,pendant,pr,,727,0.7826,0.7984,9.5,43,a30ae6125146210911d41dc6387cfbe4,Preposição
fr,French,octobre,octobre,n,m;*numb,130,0.7827,0.7892,5.96,44,fba1c11dded3d1989d4de071e353e36d,Substantivo
fr,French,souvent,souvent,adv,,174,0.7845,0.8,5.07,45,2c98805dd597e14dba984cc25c81968b,Advérbio
fr,French,faire,faire,vblex,inf,208,0.7851,0.8153,4.89,46,f5371133212a7b31ddad54eb86658f45,Verbo
fr,French,l',le,det,def;mf;sg;@det:de_le,329,0.7856,0.7925,12.44,47,9033426e34e2e23cea2f467e41ec22bf,Determinante
fr,French,sûrement,sûrement,adv,,106,0.7861,0.7989,10.04,48,2c00d7e076a76bc9217294506761bdf9,Advérbio
fr,French,devez,devoir,vbmod,pri;p2;pl,116,0.7864,0.8014,5.03,49,0f4322b70e6ab5f10be80a79eb661b7c,vbmod
fr,French,autant,autant,adv,,185,0.7864,0.8231,5.49,49,3ca543568ffc92cb1a62ee3251f5a5c3,Advérbio
fr,French,saucisse,saucisse,n,f;sg,335,0.7879,0.8209,4.53,51,9831a2cda6f1e1192d43850bdc1ce1d4,Substantivo
fr,French,plus,plus,adv,,1532,0.7887,0.8197,24.85,52,a663aa938fd8397713526382101bbcd4,Advérbio
fr,French,jusque,jusque,pr,,365,0.7913,0.8226,6.21,53,3bdb0047ddecd6adef1b1eb9801a5c82,Preposição
fr,French,falloir,falloir,vbmod,pri;p3;*numb,518,0.7915,0.7977,4.09,54,b5f9eaa85a819cd7bcdf6b4513dcbf73,vbmod
fr,French,marron,marron,adj,mf;sg,138,0.7932,0.7947,3.46,55,9f67c3deb62ba761bb3277523373a388,Adjetivo
fr,French,en,en,pr,,1658,0.7934,0.8033,51.63,56,a7c3836fb10b9610cab3c5174a1a7f0c,Preposição
fr,French,jusqu'à,jusqu'à,pr,,341,0.7935,0.8138,7.96,57,ef45360f43e0f4493eaabb78597c3700,Preposição
fr,French,ci,ci,adv,,130,0.7936,0.8353,5.95,58,b734ebdd6633d71a905c50f5f3084007,Advérbio
fr,French,frère,frère,n,m;sg,184,0.7937,0.7837,8.89,59,464390a3859b2f4ff3b587355e5ac51a,Substantivo
fr,French,a,avoir,vbhaver,pri;p3;sg;@compound_past,284,0.7938,0.8136,70.43,60,718f3a0bb5585cb1e950a366d9825fca,vbhaver
fr,French,pantalon,pantalon,n,m;sg,181,0.7942,0.8019,3.46,61,68e0337a0dec2124b52a1ce34a9ba863,Substantivo
fr,French,écrire,écrire,vblex,inf,377,0.795,0.8379,14.89,62,dd7c5b8ef5ec2a5245f48edf86a4d487,Verbo
fr,French,vêtements,vêtement,n,m;pl,108,0.7963,0.8175,3.36,63,e5d3e565ebcfc25a021c9823c08b1dc8,Substantivo
fr,French,qu',que,rel,mf;sp,600,0.7967,0.8293,7.84,64,ba08715c000e9cbdefa25991fdae32d0,rel
fr,French,depuis,depuis,pr,,644,0.7969,0.8209,9.13,65,68148eab5c9342c4090249ec4ec3632e,Preposição
fr,French,puisque,puisque,cnjadv,,749,0.7976,0.8239,6.98,66,851c38097a93f03a018fa7cf1e3e5804,cnjadv
fr,French,loin,loin,adv,,139,0.7978,0.8138,5.72,67,a261a4d4b77937aaa98374408a4ca9b4,Advérbio
fr,French,voir,voir,vblex,inf,239,0.798,0.8141,5.22,68,2322e589363b56d2b108adde2c57f0a6,Verbo
fr,French,que,que,prn,itg;mf;sp,1268,0.7985,0.8163,7.23,69,b7529156ab20b2a37942df1d9baacb77,Pronome
fr,French,entre,entre,pr,,455,0.8017,0.8271,6.52,70,10ef732b0de1db5b42a45869bd117d25,Preposição
fr,French,marcher,marcher,vblex,inf,281,0.8017,0.8315,5.73,70,7b745c83fa7a776b2a6023c8aabc9846,Verbo
fr,French,qu',que,prn,itg;mf;sp,1184,0.8019,0.8211,8.32,72,b7a1fc5b143178629d53930ec7935f1f,Pronome
fr,French,ressembler,ressembler,vblex,pri;*pers;*numb,134,0.8022,0.7881,2.72,73,2a2c3e1d46df2baa764d9141c2520128,Verbo
fr,French,bons,bon,adj,m;pl,1822,0.8027,0.8141,6.57,74,5de75b17938cdeda2223c3fe48c86968,Adjetivo
fr,French,chiennes,chien,n,f;pl,2460,0.8027,0.8222,6.07,74,fd574a3741f6fec25d6834e038479efb,Substantivo
fr,French,tant,tant,adv,,167,0.8032,0.8339,4.11,76,695e69c20e45808c2c8d03b1ceaa5d19,Advérbio
fr,French,cette,ce,det,dem;f;sg,1182,0.8033,0.8085,22.15,77,6a1f0fad3ee6ae3cc3643f962128dc85,Determinante
fr,French,n',ne,adv,,385,0.8039,0.8301,22.25,78,40676e97db291268c640bd0b0f79cf4d,Advérbio
fr,French,leur,leur,prn,pro;p3;mf;pl,445,0.8046,0.8286,5.64,79,b39171cd6373e0a6f4c25edd25a5db94,Pronome
fr,French,boisson,boisson,n,f;sg,355,0.8049,0.8377,3.49,80,6d9b7c9c27aabb19ba7294e20a41ba14,Substantivo
fr,French,où,où,rel,adv,360,0.8055,0.8288,4.89,81,306960d961b073075b4c956bcf9d05bc,rel
fr,French,que,que,@cnj:pendant_que,,386,0.8058,0.8562,7.72,82,ab0d81b688125b9ff8700603e2e5ec66,@cnj:pendant_que
fr,French,démontrer,démontrer,vblex,pri;*pers;*numb,110,0.8061,0.8288,3.62,83,939da6b2d521586fdf315ac86c831fe5,Verbo
fr,French,lever,lever,vblex,pri;*pers;*numb,132,0.8062,0.8218,3.2,84,827c4572dcf55d03ef582d85368e56ef,Verbo
fr,French,tes,ton,det,pos;mf;pl,2603,0.8063,0.8163,8.66,85,554100bb69c8de1d3baa235e18570663,Determinante
fr,French,parfois,parfois,adv,,175,0.8067,0.8254,5.45,86,26fa06004f30c0303277010b78c3e46b,Advérbio
fr,French,dernier,dernier,adj,*gndr;*numb,390,0.8072,0.808,2.95,87,9940f1ff5c6ff0d6c754557e3dfe10d1,Adjetivo
fr,French,veut,vouloir,vblex,pri;p3;sg,100,0.8075,0.8036,4.51,88,050bdda533946e1ea73998c610160818,Verbo
fr,French,professeur,professeur,n,mf;*numb,111,0.8078,0.8197,4.61,89,2a28c73de9540d2defaee2dbeb152105,Substantivo
fr,French,ne,ne,adv,,657,0.8079,0.8226,34.29,90,03aaf61ae9dca70070214f3c390ebd7e,Advérbio
fr,French,pâtes,pâte,n,f;pl,2595,0.8081,0.8228,6.02,91,1908182cb9ca303d33b5e3ea9806b29e,Substantivo
fr,French,peut,pouvoir,vbmod,pri;p3;sg,825,0.8083,0.8192,19.66,92,52c51c923127f49d6f8aea11725ccd72,vbmod
fr,French,rentrer,rentrer,vblex,pri;*pers;*numb,101,0.8094,0.8467,3.87,93,1c4e6fdbfc1cae6b8abd6e066cc28595,Verbo
fr,French,bleues,bleu,adj,f;pl,105,0.8095,0.8099,6.95,94,b4b5836407cee905944f179a92dd7228,Adjetivo
fr,French,à,à,pr,,4344,0.8113,0.8245,79.02,95,b7cc36c4e4b881984a41b804570e07b1,Preposição
fr,French,vrai,vrai,adj,*gndr;*numb,378,0.8119,0.8076,2.98,96,b7cd169304872b253e6cf833e3294dfe,Adjetivo
fr,French,lundi,lundi,n,m;*numb,130,0.8128,0.8473,5.12,97,f49d6446c3954f89ace6a714e203304a,Substantivo
fr,French,mère,mère,n,f;*numb,112,0.8132,0.8092,4.06,98,bf46a66326b9e6e724571ae2b1a8bc21,Substantivo
fr,French,enfuir,enfuir,vblex,pri;*pers;*numb,103,0.8133,0.8523,2.73,99,52005001f68343c2efb191349c97da80,Verbo
fr,French,eux,eux,prn,tn;p3;m;pl,351,0.8141,0.8244,4.18,100,65e87d2fc88e9034388e57ed4b2ff550,Pronome
fr,French,fois,fois,n,f;sp,371,0.815,0.8644,5.2,101,61216e1f647c55e0184fdeebef02d8df,Substantivo
fr,French,aimes,aimer,vblex,pri;p2;sg,593,0.8155,0.8151,2.73,102,00d5ef4900335b7698f5238d98d3888f,Verbo
fr,French,beaucoup,beaucoup,adv,,482,0.8156,0.8369,15.84,103,cb6d7331b5f41a3d3e3d85f678495259,Advérbio
fr,French,quel,quel,adj,itg;*gndr;*numb,368,0.8163,0.821,24.86,104,d7ddfecdd949615f1d6dc8705a314299,Adjetivo
fr,French,lisent,lire,vblex,pri;p3;pl,4256,0.8163,0.8326,8.04,104,f58a8dd6112cb7a46db6bcf48817ef09,Verbo
fr,French,sentir,sentir,vblex,inf,106,0.817,0.8404,5.71,106,f169c73d99678db573e17f3b09269599,Verbo
fr,French,peux,pouvoir,vbmod,pri;p2;sg,186,0.8177,0.8289,7.73,107,a0a0835da724538a37055b90ad9edbb0,vbmod
fr,French,perdre,perdre,vblex,pri;*pers;*numb,393,0.818,0.8354,3.4,108,ec1c1c8aae9ed77aa47f1c621c0de958,Verbo
fr,French,qui,qui,rel,mf;sp,380,0.819,0.8228,6.62,109,a7876147245f6f78fd6d43d17c2d6d6c,rel
fr,French,crêpe,crêpe,n,f;sg,2367,0.8196,0.8518,6.05,110,a82eb1c9580a6b60103c7b36b607f2d2,Substantivo
fr,French,la,le,prn,pro;p3;f;sg,473,0.8198,0.8506,5.56,111,563d1c3e65ffb0ce48636af120fc7506,Pronome
fr,French,temps,temps,n,m;sp,240,0.8201,0.8258,5.0,112,5be43e3bc6c47a6b374c4d0918de6e0f,Substantivo
fr,French,quelles,quel,adj,itg;f;pl,914,0.8203,0.8355,5.95,113,6b630614b0d57acdd434d5124899e3f8,Adjetivo
fr,French,vendredi,vendredi,n,m;*numb,138,0.8224,0.8125,3.23,114,89c08409151cdcbf3888d26dcae46836,Substantivo
fr,French,pas,pas,adv,,651,0.8224,0.8358,33.79,114,ed4493833453c6298dcda0e836a02b6a,Advérbio
fr,French,trop,trop,adv,,365,0.8233,0.846,9.96,116,3b5839e5d1170d8bd1dad018ef4bc0c8,Advérbio
fr,French,blanches,blanc,adj,f;pl,137,0.8234,0.8354,7.89,117,3abd38bc07fe793e711cc6fa41d2d5be,Adjetivo
fr,French,déjeuner,déjeuner,vblex,inf,197,0.8245,0.8691,4.48,118,95b7071d564e0b645869e792b1ce85f0,Verbo
fr,French,apprendre,apprendre,vblex,pri;*pers;*numb,415,0.8249,0.8227,2.66,119,7a95088fc48b86f8dfeefcd662fcf90b,Verbo
fr,French,sentir,sentir,vblex,pri;*pers;*numb,126,0.8254,0.8248,3.59,120,a3ec30a1dd31e2fa277fda01eeb12a73,Verbo
fr,French,venir,venir,vblex,pri;*pers;*numb,129,0.8256,0.8284,2.47,121,1f6cffbca591d8f5194be15e85647bee,Verbo
fr,French,vos,votre,det,pos;mf;pl,2930,0.826,0.8346,9.03,122,1c825b3680c40ce379f3ab665f5d7aa9,Determinante
fr,French,mangez,manger,vblex,pri;p2;pl,673,0.8264,0.8305,3.86,123,a62b30b8a79cb49badd6c875697e8acc,Verbo
fr,French,chaussures,chaussure,n,f;pl,514,0.8265,0.8297,3.23,124,118311dd7f8e3c81dedcecaad5be62a9,Substantivo
fr,French,que,que,@itg:que_est_ce_que,,1034,0.8265,0.8388,6.1,124,3c38449e9040d57c6ba402169ed732a8,@itg:que_est_ce_que
fr,French,aller,aller,vblex,inf,281,0.8265,0.8287,11.49,124,ec9382810e68332063e53ee38210055d,Verbo
fr,French,crêpes,crêpe,n,f;pl,2032,0.8266,0.838,5.8,127,3baca3559289e14345edc0c53f516033,Substantivo
fr,French,portent,porter,vblex,pri;p3;pl,275,0.8267,0.829,2.01,128,f3939323239efe725703dc42b2d726ae,Verbo
fr,French,toi,toi,prn,tn;p2;mf;sg,518,0.8271,0.8528,6.7,129,a91b154b62d07daa68ea99deaef0e43e,Pronome
fr,French,sans,sans,pr,,442,0.8271,0.8405,6.4,129,b2be4e2155c9489ceed7aef3e7e562aa,Preposição
fr,French,penser,penser,vblex,pri;*pers;*numb,141,0.8274,0.8364,3.09,131,89ee874a43eda7a6dd3db7f606e3a492,Verbo
fr,French,chez,chez,pr,,519,0.8286,0.8508,6.83,132,cdb261c72a222bd428a3d92a2246f06c,Preposição
fr,French,doit,devoir,vbmod,pri;p3;sg,136,0.8287,0.8307,8.62,133,9d1d228a8b55dd73b913d7ab2c886105,vbmod
fr,French,ce,ce,det,dem;*gndr;*numb,404,0.8292,0.8395,8.03,134,63c8bcc3a34ccd9a04c53bf70b3bb7aa,Determinante
fr,French,que,que,@itg:est_ce_que,,2064,0.8293,0.8427,17.52,135,88128dcea3ea4913d99b389a6be9f2c2,@itg:est_ce_que
fr,French,couple,couple,n,m;*numb,125,0.83,0.8414,3.29,136,318387e50c13d531366496e9c77f682c,Substantivo
fr,French,de,de,@pr:autant_de,,236,0.83,0.8349,4.92,136,795aa6748009743846d68c55f12fcf6f,@pr:autant_de
fr,French,fils,fils,n,m;sp,250,0.8301,0.8282,5.54,138,697928b712e21b8d36af9ccdd830768f,Substantivo
fr,French,parents,parent,n,m;pl,167,0.8303,0.8316,9.04,139,35696de86afb9aa605ca4ca8e5166c78,Substantivo
fr,French,encore,encore,adv,,205,0.8305,0.8526,5.7,140,cea0f4151cf36f3ce6edf10e8a17333d,Advérbio
fr,French,blanche,blanc,adj,f;sg,149,0.8305,0.8343,3.6,140,d35ca55119b8e9b8b80c300047e3d056,Adjetivo
fr,French,votre,votre,det,pos;mf;sg,3990,0.8307,0.8402,12.44,142,57cc909b9dfe2838b141c8081e23f612,Determinante
fr,French,hors,hors,adv,,294,0.8308,0.8463,5.48,143,9e1d87015417f0d6dc7770a6f3ee2b90,Advérbio
fr,French,bois,boire,vblex,pri;p2;sg,9852,0.831,0.8479,10.33,144,730b0cea8ba72488da248501583b0ea3,Verbo
fr,French,bien,bien,adv,,1686,0.8318,0.8373,18.14,145,f93adbae8086158b9648967826e46bca,Advérbio
fr,French,tellement,tellement,preadv,,137,0.8319,0.8565,5.85,146,3249e9c530282350dc92970d2addd040,preadv
fr,French,allez,aller,vblex,pri;p2;pl,638,0.8329,0.835,6.13,147,fe15f35c93e135e2a6790dd51ba73449,Verbo
fr,French,voiture,voiture,n,f;sg,117,0.8333,0.8485,15.07,148,777a9eda7869ebe5dda80d6fdf8966d4,Substantivo
fr,French,dois,devoir,vbmod,pri;p1;sg,288,0.8334,0.8384,6.04,149,694baf4a05c2ac850c248cab8a656d7f,vbmod
fr,French,quel,quel,adj,itg;m;sg,1335,0.8339,0.8504,5.21,150,9b4a36f9c9d588c8bf8de3eda9d5fac0,Adjetivo
fr,French,sauver,sauver,vblex,inf,174,0.8339,0.8511,4.01,150,a8955dba9dbfc7d3f7ce2cc0b302fea0,Verbo
fr,French,pouvez,pouvoir,vbmod,pri;p2;pl,241,0.834,0.8553,6.91,152,cb958222db4c655677bb1952c022b9de,vbmod
fr,French,d',de,pr,,638,0.8341,0.8471,7.59,153,17dfe72ff11d58065d79f471c17ea8a3,Preposição
fr,French,nos,notre,det,pos;mf;pl,3280,0.8341,0.8409,8.92,153,df6b01dab193fa3252b6dc9fc5bd676c,Determinante
fr,French,lit,lire,vblex,pri;p3;sg,6586,0.8347,0.8512,11.32,155,5c2c879342c029c7be610695abb15bd5,Verbo
fr,French,désolé,désolé,adj,m;sg,584,0.8347,0.8646,6.95,155,b15559ee339542513d28f69a5ecf4bb5,Adjetivo
fr,French,allons,aller,vblex,pri;p1;pl,157,0.835,0.8258,4.78,157,155e7be1a19130b1c33e94ee115d01a0,Verbo
fr,French,sortir,sortir,vblex,pri;*pers;*numb,100,0.835,0.8411,2.2,157,65bcbee9da2b949aa32fadec9622d93e,Verbo
fr,French,noirs,noir,adj,m;pl,558,0.8352,0.8296,2.66,159,a07f3ec0e6f161a7ffb2362f46dec7b9,Adjetivo
fr,French,moi,moi,prn,tn;p1;mf;sg,591,0.8361,0.8415,6.88,160,668a0288e4db47a03e78c8d660e2b7ad,Pronome
fr,French,le,le,prn,pro;p3;m;sg,442,0.8361,0.8554,5.48,160,a3992f3a5f04bfa2e543dd0bc2ea19f3,Pronome
fr,French,lourd,lourd,adj,m;sg,1595,0.8364,0.8528,4.8,162,b4cd336d7ed73d6e5b6005030a78c904,Adjetivo
fr,French,programmer,programmer,vblex,pri;*pers;*numb,102,0.8367,0.8408,3.14,163,25fa446b5828bb1f276dc122c9858a67,Verbo
fr,French,mère,mère,n,f;sg,336,0.8371,0.8392,9.13,164,7cf907a796118675fe95e80ed4d1eebc,Substantivo
fr,French,être,être,vbser,inf,4061,0.8372,0.8495,17.68,165,3d1abc0464934bd08980e2bc73f7706f,vbser
fr,French,son,son,det,pos;m;sg,5254,0.8374,0.8431,21.37,166,3d08c8ae54ba13de7f872a5d8e3c91b0,Determinante
fr,French,peux,pouvoir,vbmod,pri;p1;sg,558,0.8376,0.8516,26.13,167,de8f9f1b8f29f996f954732022ec93ea,vbmod
fr,French,ses,son,det,pos;mf;pl,3956,0.8383,0.8437,11.91,168,0ba76e542975db89c0290ba705f4fe9d,Determinante
fr,French,bonnes,bon,adj,f;pl,1737,0.8383,0.8612,7.34,168,3a05062c9117beb722ae9acb73b53eb6,Adjetivo
fr,French,lire,lire,vblex,inf,382,0.8385,0.8564,14.13,170,cdc962a938dd18d54b9d7e5588100073,Verbo
fr,French,jour,jour,n,m;*numb,127,0.8386,0.8571,3.13,171,29b366cfe9b298afac9ea4287d7ed131,Substantivo
fr,French,lis,lire,vblex,pri;p2;sg,5448,0.8389,0.8577,8.53,172,b6f94c87cfa77bcb0eef40bf093835cc,Verbo
fr,French,qu',que,@itg:est_ce_que,,1097,0.8394,0.8482,6.52,173,259060d1771c78f707f0a97e52f1f915,@itg:est_ce_que
fr,French,après,après,adv,,164,0.8395,0.8706,5.98,174,2d9ed4aa659189f3064dac9f4ce9c048,Advérbio
fr,French,haricots,haricot,n,m;pl,152,0.84,0.8754,4.63,175,e3e417ac485fedff77be88ab571e9637,Substantivo
fr,French,baleine,baleine,n,f;sg,236,0.8401,0.8715,4.05,176,c3159de02ce2ecb1f53bd5b1769f2092,Substantivo
fr,French,chaud,chaud,adj,m;sg,2128,0.8403,0.8551,6.46,177,ea461e223babcb5aade23b39bae0a576,Adjetivo
fr,French,voulez,vouloir,vbmod,pri;p2;pl,127,0.8407,0.8418,5.91,178,256fec7c5a023ea3e5465cc1d9acc6ac,vbmod
fr,French,allumer,allumer,vblex,pri;*pers;*numb,134,0.8408,0.8535,2.62,179,d39f0435c686bf6c7e1e0b9259e13af7,Verbo
fr,French,espagnol,espagnol,adj,*gndr;*numb,204,0.8409,0.8339,2.14,180,a6c0d9b770bd11f41fb5eb5c1db0a017,Adjetivo
fr,French,dedans,dedans,adv,,115,0.841,0.8485,5.91,181,682de7ee0d3dc45d4863fb093f7d9c69,Advérbio
fr,French,abeille,abeille,n,f;sg,264,0.8412,0.8676,4.23,182,44d9e11ccc8cb1c5ebdb7a7c8dd29dec,Substantivo
fr,French,laquelle,lequel,rel,f;sg,1330,0.8412,0.87,6.27,182,af4c5341fba4d473a467159c785f7608,rel
fr,French,appartenir,appartenir,vblex,pri;*pers;*numb,139,0.8417,0.8482,3.26,184,6b2f9dc73b734f2348938ed1f49bbb77,Verbo
fr,French,malgré,malgré,pr,,309,0.8417,0.8574,6.23,184,7504fc17a5a2fcc8b71c426f52eff5ff,Preposição
fr,French,dans,dans,pr,,784,0.8419,0.8553,12.12,186,ae192060f33d1d0605e4bc19baf5b628,Preposição
fr,French,ce,ce,prn,tn;nt,10310,0.8425,0.8591,22.24,187,146fa232459ae25f817416576569a73e,Pronome
fr,French,couleur,couleur,n,f;*numb,858,0.8427,0.8383,3.7,188,f63f6af012bbc7637d9b406a4df77383,Substantivo
fr,French,près,près,adv,,196,0.843,0.8692,7.35,189,5b5e8559674781ba86d4556f7d9b53c7,Advérbio
fr,French,casser,casser,vblex,pri;*pers;*numb,484,0.843,0.8436,2.67,189,6295ce220a736f5dc28254739dba6cb8,Verbo
fr,French,sûr,sûr,adj,*gndr;*numb,311,0.8435,0.8427,2.62,191,6c66e5910963a4f62ebfe5d97fdc87fa,Adjetivo
fr,French,qui,qui,prn,itg;mf;sg,1176,0.8436,0.862,10.18,192,6c5109b6ce37fa683875bb6d3275f380,Pronome
fr,French,ainsi,ainsi,adv,,143,0.8436,0.8889,4.67,192,bb76136d5f552047ae5c4016b1a11dff,Advérbio
fr,French,nous,nous,prn,pro;p1;mf;pl,3871,0.8437,0.857,9.21,194,842bf8157c0a8dad3262d43a13c8f089,Pronome
fr,French,savoir,savoir,vblex,inf,194,0.8438,0.8559,4.09,195,7ec49b044a3deedfafdea0c59e0981dd,Verbo
fr,French,nuit,nuit,n,f;*numb,104,0.8438,0.8611,18.98,195,f236533401b5b0087a9096df0f4b9a85,Substantivo
fr,French,demain,demain,adv,,727,0.8441,0.8766,9.48,197,4dcf17ca695fb738ebdc64b4224b58bb,Advérbio
fr,French,comment,comment,adv,itg,3876,0.8444,0.8562,17.9,198,6902d9b508caff78cd3e00b411aa5ec2,Advérbio
fr,French,filles,fille,n,f;pl,5440,0.8447,0.8551,8.01,199,8182ebe186d5e5bb51bbbc0f6b77b2f1,Substantivo
fr,French,ton,ton,det,pos;m;sg,5272,0.845,0.8538,15.53,200,b35477755771250571cbda7c38221628,Determinante
fr,French,du,de,pr,+le<det;def;m;sg,14245,0.8452,0.8667,22.56,201,0cbf09b9f0d3767395f1b68918b95c65,Preposição
fr,French,rester,rester,vblex,pri;*pers;*numb,104,0.8454,0.8496,2.8,202,1e0632cf38522c7dbfdae8be1be4823d,Verbo
fr,French,gros,gros,adj,m;sp,1959,0.8454,0.8589,5.77,202,84e3a81c13cb59002d915f564c2c4bc4,Adjetivo
fr,French,des,de,pr,+le<det;def;mf;pl,14037,0.8455,0.8805,30.32,204,eeaea9dd7feaad06518e114c325d1308,Preposição
fr,French,court,court,adj,*gndr;*numb,289,0.846,0.8416,2.75,205,9ae13940821bf0a981410a6159b65ab3,Adjetivo
fr,French,moment,moment,n,m;*numb,130,0.8462,0.844,2.88,206,ef28e7abc205e253829a6b3d70a1d6af,Substantivo
fr,French,des,de,pr,,6788,0.8463,0.8598,124.19,207,67273666a1b7f16c66dc15548ece5189,Preposição
fr,French,leurs,leur,det,pos;mf;pl,2349,0.8464,0.865,7.93,208,436f2c4816a73b3ebe7e4a1b6dccce9f,Determinante
fr,French,tu,tu,prn,tn;p2;mf;sg,37733,0.8466,0.8578,49.28,209,dc230cd7596e16ff8bbfbbd9eb36582a,Pronome
fr,French,plus,plus,@common_phrases:a_plus,,1482,0.8467,0.8232,3.93,210,365ed429ab3a661082765bdf39786f92,@common_phrases:a_plus
fr,French,parler,parler,vblex,inf,515,0.8471,0.8562,18.75,211,df4c78813384a9664e361b4099b59869,Verbo
fr,French,dire,dire,vblex,inf,203,0.8471,0.8539,4.92,211,e5b2abfa169d76b78f57d42c699df304,Verbo
fr,French,jaune,jaune,adj,mf;sg,229,0.8472,0.8571,3.45,213,1c274a12d1a7bcf08954b6acb2628002,Adjetivo
fr,French,mange,manger,vblex,imp;p2;sg,108,0.8472,0.8433,9.09,213,311f237d8c7893eb22980f35040167e7,Verbo
fr,French,année,année,n,f;*numb,117,0.8476,0.8667,4.21,215,2f4e35f0b46e337369e9b490801c9312,Substantivo
fr,French,sympa,sympa,adj,mf;*numb,220,0.8476,0.8529,2.34,215,53873ca3ce529eed3773ac996022be50,Adjetivo
fr,French,ces,ce,det,dem;mf;pl,659,0.8478,0.8485,7.74,217,c10c0e62f232c1638a0b8d5f47d2416a,Determinante
fr,French,leur,leur,det,pos;mf;sg,1996,0.8479,0.8628,8.04,218,7d4f55ded50c82e0ec73d889e3a9efd8,Determinante
fr,French,or,or,cnjadv,,746,0.8479,0.8803,12.04,218,8b907f2b1150c3e0c473cf7c429bf2fe,cnjadv
fr,French,voilà,voilà,adv,,125,0.8479,0.8796,5.15,218,bec8602b2032a0cbb81a58bfa79d7beb,Advérbio
fr,French,êtes,être,vbser,pri;p2;pl,1840,0.8482,0.8548,5.34,221,a33421480fedd23341e0f2cad08a401a,vbser
fr,French,manteau,manteau,n,m;sg,249,0.8484,0.8491,3.29,222,8b0766a19ca9dc15d3f97424df7a2761,Substantivo
fr,French,naturellement,naturellement,adv,,107,0.8488,0.871,10.99,223,0b8086cb73227f392d493c6c5a2b8087,Advérbio
fr,French,combien,combien,adv,itg,1858,0.849,0.8601,11.38,224,30edb15f086877a0c0d7efd362f00f1a,Advérbio
fr,French,choisir,choisir,vblex,inf,170,0.8492,0.8854,5.72,225,da4aab974b6a0ca73e5cf1f53065dd32,Verbo
fr,French,prendre,prendre,vblex,pri;*pers;*numb,564,0.8493,0.8477,4.1,226,4e4403dc7f8e46c09168a9a0e942cf98,Verbo
fr,French,davantage,davantage,adv,,118,0.8493,0.8915,5.53,226,979c4989082e4f5aa5689e6bd516416e,Advérbio
fr,French,envers,envers,pr,,326,0.8496,0.8611,6.44,228,1da25321ad6e7d58737f09aece0cfd43,Preposição
fr,French,ont,avoir,vblex,pri;p3;pl,1134,0.85,0.8598,3.78,229,4ad91daf2782488b52b80fd4f2288c51,Verbo
fr,French,on,on,prn,pro;ref;p3;mf;sp,606,0.8503,0.8644,10.29,230,01a3fc41ace247ad04a86774a1e8d11a,Pronome
fr,French,laisser,laisser,vblex,pri;*pers;*numb,157,0.8503,0.8521,2.57,230,e1399e395947f6680854b052c492049b,Verbo
fr,French,toujours,toujours,adv,,170,0.8505,0.8866,6.52,232,5652dc05109950389041520e60ec74d6,Advérbio
fr,French,frère,frère,n,m;*numb,154,0.8506,0.8624,4.47,233,171027e0c36d91ca0cb08d28df418633,Substantivo
fr,French,bière,bière,n,f;sg,3078,0.8511,0.8646,6.11,234,690243b9e6d1652ba20cf78adad15b20,Substantivo
fr,French,ils,il,prn,tn;p3;m;pl,14223,0.8515,0.8571,27.51,235,73bcadad77f168896b084da588c4c913,Pronome
fr,French,quand,quand,adv,itg,1767,0.8515,0.8553,7.77,235,947fe7d7debd5832a826a2a57aae6baa,Advérbio
fr,French,couper,couper,vblex,inf,153,0.8519,0.864,3.6,237,8201e2d41f456fdb85693ccc7f455721,Verbo
fr,French,évidemment,évidemment,adv,,103,0.8519,0.8772,4.49,237,cff22438a4e8c64c0d1fb8aea228f199,Advérbio
fr,French,apprendre,apprendre,vblex,inf,169,0.8519,0.8679,7.02,237,e3df0403ee6c49969f76a80ef58eb8c4,Verbo
fr,French,lisez,lire,vblex,pri;p2;pl,4259,0.8521,0.8671,7.53,240,7bef0b88931de7619c9e899b05025f23,Verbo
fr,French,cependant,cependant,cnjadv,,110,0.8523,0.8947,4.55,241,3029ef7d42e268bdd9e0bcea70301136,cnjadv
fr,French,moyen,moyen,adj,*gndr;*numb,229,0.8523,0.8571,2.63,241,f96fea55f40c9c2f317473b6945b4f1c,Adjetivo
fr,French,y,y,prn,pro;adv,720,0.8524,0.8863,12.53,243,2356fa0f634613be22c46258a41f544b,Pronome
fr,French,nouveau,nouveau,adj,m;sg,3335,0.853,0.8643,6.92,244,3ec6ed7d5a122ac3018def0b4f621b12,Adjetivo
fr,French,elles,il,prn,tn;p3;f;pl,4631,0.853,0.8629,7.68,244,562cf7328bea12a872a936a0ce59e978,Pronome
fr,French,lorsque,lorsque,cnjadv,,702,0.853,0.8659,6.5,244,95a620cda0dde54a19631985f6454300,cnjadv
fr,French,te,te,prn,pro;p2;mf;sg,993,0.8533,0.8705,11.1,247,8b1e930cc157655fa5ca8d3e5322d43e,Pronome
fr,French,s',se,prn,pro;ref;p3;mf;sp,323,0.8539,0.8778,4.83,248,0bb4399712bc4f94b47f329dbd811c92,Pronome
fr,French,mange,manger,vblex,pri;p3;sg,22702,0.8543,0.8678,20.7,249,8f1dc808b41b08007d5e66978fd78a4d,Verbo
fr,French,vert,vert,adj,*gndr;*numb,982,0.8544,0.8526,3.34,250,6bb4915ea6f3d0dc7a3f996cf7ac13c7,Adjetivo
fr,French,ta,ton,det,pos;f;sg,4197,0.8545,0.8623,11.23,251,add7ac691a8f586b45065417311ec30b,Determinante
fr,French,juillet,juillet,n,m;*numb,102,0.8546,0.8722,2.94,252,3757c9952af4cf71c06a34906669a659,Substantivo
fr,French,regarder,regarder,vblex,inf,287,0.8548,0.8786,6.55,253,d90cfc462676be385320339f94861264,Verbo
fr,French,lettre,lettre,n,f;sg,6818,0.855,0.8747,11.68,254,24ea7199ed8e95e420abc795c3770416,Substantivo
fr,French,aussi,aussi,adv,,404,0.8551,0.8653,13.09,255,3442961195aeecf070ad54733417b29f,Advérbio
fr,French,que,que,@cnj:depuis_que,,425,0.8555,0.8843,5.73,256,9a81ee56bebfa37951694352d9270d08,@cnj:depuis_que
fr,French,vais,aller,vblex,pri;p1;sg,1531,0.8555,0.864,15.1,256,c1f3c6d45e30512514ef214c2fc19592,Verbo
fr,French,zoo,zoo,n,m;sg,248,0.8556,0.8745,4.14,258,03f390f20dc973ff62c00ce3622b58fc,Substantivo
fr,French,échanger,échanger,vblex,pri;*pers;*numb,116,0.8556,0.8802,4.0,258,6d1a1fe9c4a1b76882189655d1ed7b60,Verbo
fr,French,environ,environ,adv,,112,0.8557,0.8671,4.42,260,0212613017e0b29a26ce833697fe42a3,Advérbio
fr,French,soir,soir,n,m;*numb,114,0.856,0.8571,3.56,261,5a84921a73cf19c3cb36a9e4de2cd3d3,Substantivo
fr,French,personne,personne,prn,tn;mf;sg,118,0.857,0.8916,6.81,262,6cd88aa2490edf40dbe3ce82ba80777f,Pronome
fr,French,quoi,quoi,prn,itg;mf;sp,1467,0.857,0.8675,9.3,262,ae8431b7a1e1dddda05fa8020bef985e,Pronome
fr,French,les,le,det,def;mf;pl,30816,0.8574,0.8745,65.88,264,631d297c324518ea97ac01fd2abd6e46,Determinante
fr,French,recettes,recette,n,f;pl,1945,0.8578,0.8712,6.61,265,0b1e668a5c7901c408fbcdb96d20ab04,Substantivo
fr,French,repas,repas,n,m;sp,3470,0.8581,0.8754,7.63,266,45aa7daf16443c276569c475a60883ac,Substantivo
fr,French,et,et,cnjcoo,,29881,0.8582,0.8509,25.48,267,6d6841b5a0ea88d87c2a7b6eee95ab48,Conjunção
fr,French,cuisine,cuisiner,vblex,pri;p3;sg,309,0.8582,0.9004,4.13,267,c89af4419ce74b57298bd3ec7aa4fc9c,Verbo
fr,French,mots,mot,n,m;pl,2541,0.8585,0.862,6.24,269,297853cd5696e6152fccd24fefdd6c66,Substantivo
fr,French,assez,assez,adv,,148,0.8587,0.871,4.97,270,b1c947d2fa7094ad0565a325263ca4ae,Advérbio
fr,French,carotte,carotte,n,f;sg,288,0.8592,0.8781,3.96,271,6b1758597a104fab874420e950bfbad3,Substantivo
fr,French,au,à,pr,,1164,0.8592,0.8585,30.14,271,c40836747008368bf83f1a94e94686c2,Preposição
fr,French,femmes,femme,n,f;pl,5318,0.8593,0.8858,14.16,273,23aea42a8b66fbbca4b27c4d93ae385b,Substantivo
fr,French,noix,noix,n,f;sp,1705,0.8595,0.8695,4.97,274,c3d99ff7997bfd797f864f7d00ce4b72,Substantivo
fr,French,enfin,enfin,adv,,129,0.8597,0.8657,3.92,275,ff8a62f9928604dfed1149a59f0a8c3d,Advérbio
fr,French,donner,donner,vblex,inf,174,0.8599,0.8698,5.93,276,8b69d264b71d995c162df1f3e4822210,Verbo
fr,French,sandwichs,sandwich,n,m;pl,1405,0.8603,0.8678,4.61,277,929e973567086fde8d8122ef54f2d2f0,Substantivo
fr,French,ailleurs,ailleurs,adv,,125,0.8604,0.8745,4.31,278,7f34a459604c036c77f7eb0afe8f81a9,Advérbio
fr,French,demander,demander,vblex,inf,163,0.8606,0.8729,7.02,279,c799494e4c3dbd46fbd508ff15aa6ba5,Verbo
fr,French,poissons,poisson,n,m;pl,1381,0.8611,0.8743,4.61,280,6bbc43990bedf9363ae879f06fc70161,Substantivo
fr,French,fourmi,fourmi,n,f;sg,271,0.8617,0.8746,4.07,281,ff2afea3a2c8c55b61c70979606ebc89,Substantivo
fr,French,emploi,emploi,n,m;*numb,103,0.8618,0.8776,3.25,282,2fe17cd44f3f8b9ed5f0af7648a70a87,Substantivo
fr,French,mangent,manger,vblex,pri;p3;pl,6500,0.8618,0.8643,10.13,282,c23991d493737f3a529bbe38c19033c0,Verbo
fr,French,descendre,descendre,vblex,pri;*pers;*numb,126,0.8618,0.8907,3.63,282,f317929548b556d39424c0ddd19c3f69,Verbo
fr,French,verres,verre,n,m;pl,1729,0.8622,0.8735,6.08,285,701c5fb3e7a8f226374f63caad96b66d,Substantivo
fr,French,selon,selon,pr,,336,0.8624,0.8796,5.0,286,683dfe9a16b0b6b5c51b72d6af6c559c,Preposição
fr,French,riz,riz,n,m;sp,14119,0.8625,0.8707,11.28,287,de64b0a3bb8cb9360e85a1a87d8c3c44,Substantivo
fr,French,froide,froid,adj,f;sg,1471,0.8626,0.8779,4.85,288,7876b9f0d157718ff01fe779188f4206,Adjetivo
fr,French,chaussure,chaussure,n,f;*numb,1520,0.8626,0.8578,4.08,288,94b9ba1433ec1bf7da2d323a004246c8,Substantivo
fr,French,ce,ce,det,dem;m;sg,2758,0.8626,0.8629,19.99,288,f629050d9ddc494762f75b81528039c4,Determinante
fr,French,qu',que,@cnj:alors_que,,203,0.8627,0.8646,6.05,291,b9b707b37510b8eeeb0d6326ca8b1a7d,@cnj:alors_que
fr,French,araignée,araignée,n,f;sg,272,0.8628,0.8768,4.71,292,b2c82c38c8a24a67dfce261ea1dc84c1,Substantivo
fr,French,l',le,prn,pro;p3;f;sg,317,0.863,0.8854,7.08,293,007962342241d050f352c1fcd119ec8a,Pronome
fr,French,petit-déjeuner,petit-déjeuner,n,m;sg,3174,0.863,0.8744,6.49,293,56b70d709d1189b431467d50ae65836a,Substantivo
fr,French,manges,manger,vblex,pri;p2;sg,17300,0.863,0.8568,9.91,293,5b714a6b291731d4b753c6372cde357a,Verbo
fr,French,boire,boire,vblex,inf,4305,0.8633,0.8746,9.49,296,5c7ea67876ecc95f79b3ceaf699cd7d2,Verbo
fr,French,boit,boire,vblex,pri;p3;sg,7651,0.8634,0.8667,9.35,297,ec64f661f408f055c9941aa00117c638,Verbo
fr,French,aimons,aimer,vblex,pri;p1;pl,225,0.8637,0.8645,2.44,298,9acfbe165810b0c334d5c8e87dc0b37e,Verbo
fr,French,manger,manger,vblex,inf,4980,0.8637,0.8712,14.53,298,fbf41b4660c01cda0b83542e6c7a3754,Verbo
fr,French,d'après,d'après,pr,,357,0.8639,0.8779,9.27,300,651e525355a96d12b1789b8c544a7678,Preposição
fr,French,pouvoir,pouvoir,vbmod,inf,204,0.8645,0.8808,3.78,301,87860f8f0b668e85234a21ca5c93a01e,vbmod
fr,French,café,café,n,m;sg,4401,0.8647,0.8728,8.32,302,eaacd94c22071c3f55ae49b305b06a5e,Substantivo
fr,French,poulet,poulet,n,m;sg,3096,0.8648,0.8735,6.08,303,e792a1f3fae0d9cd3aed1456b9aba01d,Substantivo
fr,French,ma,mon,det,pos;f;sg,8856,0.8649,0.871,30.32,304,e798121b0afe8d3c2fdb0bac9be6757c,Determinante
fr,French,père,père,n,m;sg,391,0.8649,0.8659,7.45,304,f59c5f43da66deeb525caf9438f04117,Substantivo
fr,French,sa,son,det,pos;f;sg,6031,0.8651,0.8673,22.67,306,426041c35bef83b731e0fc51b8a551d1,Determinante
fr,French,connais,connaître,vblex,pri;p1;sg,141,0.8652,0.8613,3.23,307,8e7ec86742eb636b7b5d952d7b215cb3,Verbo
fr,French,plutôt,plutôt,adv,,128,0.8652,0.8703,4.3,307,a7108da32225431a53cce6625d4fcb5a,Advérbio
fr,French,été,été,n,m;*numb,107,0.8653,0.8767,4.24,309,a681be06b371e5abcab5d7c19a8c38a3,Substantivo
fr,French,tomber,tomber,vblex,pri;*pers;*numb,101,0.8655,0.8722,3.08,310,cf43e8f1bbc85606e2fae07cc6d48730,Verbo
fr,French,fille,fils,n,f;sg,307,0.8659,0.8681,12.87,311,69215a458bdc1b4883c58a27b72253f2,Substantivo
fr,French,montre,montre,n,f;*numb,123,0.8659,0.875,3.23,311,c05b12cd6c17afaf22816858f97cc2f8,Substantivo
fr,French,disent,dire,vblex,pri;p3;pl,219,0.8661,0.8745,2.21,313,f998d22cba839c5e03a5881f66e0a9a7,Verbo
fr,French,dormir,dormir,vblex,inf,244,0.8662,0.8698,7.26,314,9291ac79525168ba17c82f4eda4fab48,Verbo
fr,French,l',le,det,def;mf;sg,38860,0.8664,0.8724,37.75,315,65675f993b9cdc38918837f561a70625,Determinante
fr,French,chocolat,chocolat,n,m;sg,3136,0.8665,0.8732,7.8,316,6cce0be3f8da3755e423bfcae7cfefc1,Substantivo
fr,French,serveur,serveur,n,m;sg,262,0.8667,0.8779,4.99,317,6c95fbf9992315caf14ca36de8fc06d1,Substantivo
fr,French,noms,nom,n,m;pl,821,0.867,0.8724,4.19,318,33634bb392f6a62eca9d8925661ad9b5,Substantivo
fr,French,montrer,montrer,vblex,inf,140,0.867,0.8908,4.0,318,627fd99778721cb36bc53a8adabf8b57,Verbo
fr,French,allemand,allemand,adj,*gndr;*numb,257,0.8671,0.8654,2.07,320,075d05cb0230ef9fa1016fd12ab4594e,Adjetivo
fr,French,mes,mon,det,pos;mf;pl,6026,0.8671,0.8703,16.39,320,1b279bb64bd6eba51ab37e4a61aad0c4,Determinante
fr,French,aujourd'hui,aujourd'hui,adv,,722,0.8671,0.8897,11.72,320,3ba531b974960974d85f6fdc1e4ce4b4,Advérbio
fr,French,ronde,rond,adj,f;sg,1373,0.8674,0.8791,6.98,323,f2dce5c717d6b7b3bb5b510b7d0abd6b,Adjetivo
fr,French,sous,sous,pr,,349,0.8678,0.8959,7.4,324,30d7442987ea21b42c48bbdb34d63adc,Preposição
fr,French,entendre,entendre,vblex,pri;*pers;*numb,357,0.8678,0.8687,2.83,324,641388b5cea22aa20be3c21a0d07bb79,Verbo
fr,French,thé,thé,n,m;sg,3735,0.8679,0.8744,7.17,326,040800b0ce9232fc7904745abae0b509,Substantivo
fr,French,journal,journal,n,m;sg,6835,0.8679,0.8806,10.44,326,bda3603f43f9eca8dba247df3501cae9,Substantivo
fr,French,mois,mois,n,m;sp,211,0.8679,0.877,4.73,326,d6f686452226fb8266b1cc64a8e90149,Substantivo
fr,French,que,que,rel,mf;sp,401,0.8683,0.8792,5.3,329,75b24ed0939ad910ab927020027145f2,rel
fr,French,pourquoi,pourquoi,adv,itg,2302,0.8684,0.8743,9.74,330,d33d176255d8d98d082bcb87614b7f11,Advérbio
fr,French,diriger,diriger,vblex,pri;*pers;*numb,137,0.8687,0.8627,4.57,331,14fbb70a61729cc16eb5a1a884e06504,Verbo
fr,French,pur,pur,adj,*gndr;*numb,273,0.8687,0.858,3.12,331,6818de12f5a25df42d6a4b0c57358c63,Adjetivo
fr,French,mardi,mardi,n,m;*numb,128,0.8691,0.8735,3.23,333,2a010a7956bcadde8bcc4c092cbc0471,Substantivo
fr,French,noire,noir,adj,f;sg,8930,0.8691,0.8757,9.89,333,cf8e43e702a64ce89e4cc4e3ee7e08cd,Adjetivo
fr,French,citron,citron,n,m;sg,3511,0.8692,0.8803,7.76,335,b93cbb826a0a2c5a0f326747c0d2157a,Substantivo
fr,French,vous,vous,prn,tn;p2;mf;pl,6789,0.8693,0.8859,11.5,336,eac0a6e012ae1793120d137c1d0b6596,Pronome
fr,French,t',te,prn,pro;p2;mf;sg,338,0.87,0.8889,5.01,337,ed1cc14c241d77d471c94572591587ff,Pronome
fr,French,tard,tard,adv,,523,0.8701,0.9094,7.47,338,01e7dd4df6af1295369b7eef782edcbf,Advérbio
fr,French,au,à,pr,+le<det;def;m;sg,973,0.8702,0.87,10.0,339,6cfd8f14b1818b8237f97b8696d76aff,Preposição
fr,French,intéresser,intéresser,vblex,pri;*pers;*numb,467,0.8703,0.8668,3.87,340,6d267fa1cd74e5032fa96bdac40c9db6,Verbo
fr,French,saisir,saisir,vblex,pri;*pers;*numb,434,0.8704,0.8746,4.12,341,0071dbeb5882114b1c7f837e0d4a7766,Verbo
fr,French,femme,femme,n,f;sg,27757,0.8705,0.8832,24.34,342,e3bebde2e7cee0fa6157219f3536d80f,Substantivo
fr,French,orange,orange,n,f;sg,3540,0.8709,0.8851,6.86,343,7926f6fc507c014066ac94b8647a2b86,Substantivo
fr,French,nul,nul,adj,*gndr;*numb,190,0.8711,0.8905,2.72,344,9f57f05d2358293e3060d1d1cba69712,Adjetivo
fr,French,livre,livre,n,m;sg,9820,0.8711,0.883,14.69,344,b43239f837356c525ca7d743d83fbf57,Substantivo
fr,French,enfants,enfant,n,mf;pl,13862,0.8711,0.8788,26.17,344,ba0a3f9e43bfc46291ffe54c4ff1aa99,Substantivo
fr,French,éléphants,éléphant,n,m;pl,2650,0.8712,0.8789,5.36,347,84626f17458f9be4590198dfd358afcd,Substantivo
fr,French,lis,lire,vblex,pri;p1;sg,5334,0.8715,0.8889,9.27,348,158491ff8c9c7e3c8d36b78533c08e32,Verbo
fr,French,travail,travail,n,m;*numb,113,0.8717,0.872,2.65,349,685bab14a2c94929c4eeeea720553835,Substantivo
fr,French,boivent,boire,vblex,pri;p3;pl,3881,0.8718,0.8776,10.78,350,7f652c7673a29b48d0f6bdf8190ba2e6,Verbo
fr,French,pâte,pâte,n,f;sg,2342,0.872,0.8788,5.39,351,8a02981bf46f91aa485d8c9778e29181,Substantivo
fr,French,fils,fils,n,f;*numb,129,0.8721,0.8671,5.64,352,65601df1e440212825aa890b63d1f57b,Substantivo
fr,French,écrivent,écrire,vblex,pri;p3;pl,3997,0.8722,0.8834,6.82,353,192ea1482b6805f0e7179e6e14c573e6,Verbo
fr,French,fruits,fruit,n,m;pl,2443,0.8722,0.8779,4.92,353,399f831eeb812a957ac4f523a2f41328,Substantivo
fr,French,deux,deux,num,mf;sp,201,0.8724,0.8716,21.96,355,4d92ecd6667e165688031fa911a04c39,Numeral
fr,French,hier,hier,adv,,490,0.8724,0.8925,6.81,355,e7e64b601e6c439c0731e9b87f5aa1e2,Advérbio
fr,French,appeler,appeler,vblex,inf,152,0.8725,0.8836,4.76,357,7398e7d77d6dddeb0978d10fcf8b752b,Verbo
fr,French,seuls,seul,adj,m;pl,1823,0.8726,0.8914,6.98,358,4c1a8f5abc3a3e659ea4736551fe6d84,Adjetivo
fr,French,retourner,retourner,vblex,pri;*pers;*numb,116,0.8728,0.8881,2.89,359,91bf41f7135dce82562cccc2e6fd89fa,Verbo
fr,French,professeur,professeur,n,mf;sg,114,0.8728,0.8832,7.43,359,e47e7e744e102008aa8ae0b9851034b7,Substantivo
fr,French,me,me,prn,pro;p1;mf;sg,478,0.8729,0.8849,7.11,361,174351fd94fd63404d68a66f2ef98c0c,Pronome
fr,French,comme,comme,cnjadv,,1011,0.8731,0.8852,7.54,362,a65ecd99e2235727fc22e424503a1a43,cnjadv
fr,French,vraiment,vraiment,adv,,149,0.8736,0.8745,8.64,363,42125d444a33ed65c44238e865c1b3af,Advérbio
fr,French,si,si,cnjadv,,795,0.8737,0.8949,6.69,364,1d4c8d7d918523034291bf200ecd25df,cnjadv
fr,French,saison,saison,n,f;*numb,113,0.8739,0.9096,6.07,365,07bdba542ab0a8247da233e5af275384,Substantivo
fr,French,a,avoir,@common_phrases:il_y_a,,1654,0.8739,0.8783,8.11,365,a7dd48438a05b525884120ddad0b1e80,@common_phrases:il_y_a
fr,French,large,large,adj,mf;*numb,265,0.8741,0.8834,3.64,367,5c8176b51d4551b26c04b38fa1238fcc,Adjetivo
fr,French,manteau,manteau,n,m;*numb,1423,0.8741,0.877,3.64,367,5c95651f98dcb44a3bcddb5e8c276aac,Substantivo
fr,French,police,police,n,f;*numb,109,0.8746,0.8882,3.33,369,034859f0319cc5cf58314ce1e727cf14,Substantivo
fr,French,baguette,baguette,n,f;sg,2813,0.8746,0.8823,5.34,369,61a7dbfa4d7f9539fca3b141feb55957,Substantivo
fr,French,aime,aimer,vblex,pri;p3;sg,2016,0.8746,0.8764,6.8,369,ec858977e634dcb134ad3abad7656242,Verbo
fr,French,rapidement,rapidement,adv,,102,0.8747,0.8913,4.21,372,b1afc4926910ee2bbf315399999627fe,Advérbio
fr,French,que,que,@cnj:tandis_que,,143,0.8747,0.8679,4.44,372,e0a060dbfa9d94237cb1113bbed9595b,@cnj:tandis_que
fr,French,grande,grand,adj,f;sg,2788,0.8753,0.8779,6.6,374,205180c11c88f58d2bccd497d4c48fbd,Adjetivo
fr,French,aimer,aimer,vblex,inf,155,0.8753,0.8894,4.11,374,77f7e6df9b10feaad4afc7606e0f2427,Verbo
fr,French,coûter,coûter,vblex,pri;*pers;*numb,163,0.8754,0.8812,5.17,376,ab8c12c77bb5195934aa742ea9a9a9de,Verbo
fr,French,prendre,prendre,vblex,inf,181,0.8755,0.8873,4.39,377,c8b5f706247119f013e5f55483af4d36,Verbo
fr,French,brancher,brancher,vblex,pri;*pers;*numb,126,0.8757,0.8842,2.98,378,3ef4f9536b93bb7da4b7943fbf903fa2,Verbo
fr,French,franc,franc,adj,*gndr;*numb,291,0.8757,0.8753,2.88,378,9d897b2d41d20da96613e33f36375fb4,Adjetivo
fr,French,lesquels,lequel,rel,m;pl,1000,0.8764,0.8871,7.42,380,466dbe6ebf09c955f07ce13f004e56ff,rel
fr,French,bas,bas,adv,,138,0.8767,0.8868,4.68,381,1582b9ff188f647a41d0c498a304e335,Advérbio
fr,French,as,avoir,vblex,pri;p2;sg,1585,0.8768,0.8923,4.38,382,04b87a124bb93403b45233af454f00da,Verbo
fr,French,septembre,septembre,n,m;*numb,115,0.8768,0.8824,5.36,382,a70abe065ab7e566fd7bb27ebabcdfd5,Substantivo
fr,French,bon,bon,adj,*gndr;*numb,366,0.877,0.8747,55.39,384,372ae72b6a72129d5e68ca38577c07a8,Adjetivo
fr,French,écrit,écrire,vblex,pri;p3;sg,5258,0.877,0.8959,8.66,384,b6488994f2a4e7183878ea8684358d15,Verbo
fr,French,il,il,prn,tn;p3;m;sg,11345,0.8772,0.8805,11.59,386,bfbd77c555aed5378a456e03e189e010,Pronome
fr,French,bientôt,bientôt,@common_phrases:a_bientot,,1536,0.8773,0.8841,4.32,387,02f15e20b044eb19f6abfb89e0992668,@common_phrases:a_bientot
fr,French,adorer,adorer,vblex,pri;*pers;*numb,709,0.8773,0.8767,3.44,387,3e156fb22876fb02cc45de9b1da8cff4,Verbo
fr,French,es,être,vbser,pri;p2;sg,17332,0.8774,0.8816,9.87,389,b1a71481e27138dc37501f2cbde775fc,vbser
fr,French,ai,avoir,vblex,pri;p1;sg,1615,0.8774,0.8946,4.45,389,ff7084db1cc1a1b0737cb6916ba9616f,Verbo
fr,French,sœur,sœur,n,f;*numb,135,0.8775,0.8678,4.89,391,9f1889145d71091c6af63a55809612c8,Substantivo
fr,French,chats,chat,n,m;pl,3202,0.8779,0.8729,7.63,392,b3c08c9e36d0ecdac61938cb2d3594cc,Substantivo
fr,French,aiment,aimer,vblex,pri;p3;pl,677,0.8779,0.8782,2.65,392,bcf36c2526c1fba7019511c65081f0fc,Verbo
fr,French,mais,mais,cnjcoo,,1160,0.8781,0.8741,9.43,394,e86ab25ab94dbe170303612b15f7ec3e,Conjunção
fr,French,porter,porter,vblex,inf,161,0.8782,0.9015,5.33,395,fe96734ce18594120b2e37025b2dadc3,Verbo
fr,French,docteur,docteur,n,*gndr;*numb,111,0.8784,0.8797,3.14,396,6d04e99b761855179f2027e05eafc965,Substantivo
fr,French,la,le,det,def;f;sg,43966,0.8786,0.888,51.49,397,03a546003e03b545a6d419b6620b3749,Determinante
fr,French,souhaiter,souhaiter,vblex,pri;*pers;*numb,538,0.8787,0.8773,3.83,398,6db6e174dd7de60dbceb6ba2ffeb4e54,Verbo
fr,French,chapeaux,chapeau,n,m;pl,295,0.8788,0.8847,2.03,399,51d79c1bb14f94dc45b9d09432146834,Substantivo
fr,French,notre,notre,det,pos;mf;sg,2210,0.8789,0.881,8.95,400,e767695ed944c4f87ee2490596ec6c70,Determinante
fr,French,vêtement,vêtement,n,m;*numb,1433,0.879,0.8791,4.84,401,e9440c29719f65f1c95faf38cc084e6e,Substantivo
fr,French,blanc,blanc,adj,*gndr;*numb,959,0.8792,0.8797,3.61,402,98438fb6f62f2d491389e3e6b480cfd0,Adjetivo
fr,French,chatte,chat,n,f;sg,2573,0.8793,0.8839,6.9,403,e43af831e58b8db506d64e20ad37a5cb,Substantivo
fr,French,du,de,pr,,5548,0.8794,0.8914,77.66,404,2f29469078d47c4e0852500bf7037f0d,Preposição
fr,French,vouloir,vouloir,vblex,pri;*pers;*numb,597,0.8794,0.8792,3.72,404,7444d5431007be3aea7a3af966b40428,Verbo
fr,French,tenir,tenir,vblex,pri;*pers;*numb,503,0.8794,0.885,3.36,404,7cb77c5f240da887dcff979121c620b5,Verbo
fr,French,père,père,n,m;*numb,129,0.8797,0.891,3.92,407,2ec847db8e9af0a71d92f674c0057bed,Substantivo
fr,French,beurre,beurre,n,m;sg,2176,0.8797,0.8985,5.36,407,ce578fc45489d1d4f843ebeff64341ec,Substantivo
fr,French,pouvoir,pouvoir,vbmod,pri;*pers;*numb,1059,0.8801,0.8778,4.24,409,0026328963c4e2b4ee46e614f6ef6422,vbmod
fr,French,voir,voir,vblex,pri;*pers;*numb,626,0.8802,0.8843,4.37,410,346205d723213806e0fc51d5cc10dbfe,Verbo
fr,French,le,le,det,def;m;sg,39385,0.8805,0.887,48.48,411,8243ebb6f04f8293b3c63cf666b5eacc,Determinante
fr,French,déjà,déjà,adv,,194,0.881,0.8881,5.41,412,d5321a48dd6ef452ebc0b7adeb6fcdf6,Advérbio
fr,French,écris,écrire,vblex,pri;p1;sg,3169,0.8811,0.9084,8.21,413,615396da0fcaab12c0bad1ea915118bf,Verbo
fr,French,souris,souris,n,f;sp,246,0.8814,0.8987,3.98,414,7bfd5f108295299b83a57614f5b5e835,Substantivo
fr,French,alcool,alcool,n,m;sg,3320,0.8816,0.8892,5.57,415,f54b9bccf8ce90957c75b45c5c84f3e3,Substantivo
fr,French,nouveau,nouveau,adj,*gndr;*numb,334,0.8817,0.8835,23.72,416,9aa96ca0ed92883b38fbbbcfd0ffcd6a,Adjetivo
fr,French,porte,porter,vblex,pri;p3;sg,216,0.8819,0.8831,4.75,417,e083016ab63f0e812bc1a6c2f6120ac4,Verbo
fr,French,une,un,det,ind;f;sg,45595,0.8824,0.8992,57.59,418,808d0c8ede6981e3d9a7a87153601e38,Determinante
fr,French,garçons,garçon,n,m;pl,5740,0.8824,0.8918,7.59,418,dadb5aa7b2d284331cf888f00898224f,Substantivo
fr,French,faire,faire,vblex,pri;*pers;*numb,1145,0.8825,0.882,4.68,420,e5a5c9c58fe53a2332b5f4a5b827636b,Verbo
fr,French,malade,malade,adj,mf;sg,140,0.8827,0.8757,6.63,421,d340e3e340c59b14f04d7332add3f1d9,Adjetivo
fr,French,personne,personne,n,f;sg,6930,0.8828,0.8963,11.0,422,1a48463fb06455fe377001d22ca36364,Substantivo
fr,French,noir,noir,n,*gndr;*numb,566,0.8829,0.8869,3.25,423,9c77248ef95c8d705ee871c4396aced5,Substantivo
fr,French,doux,doux,adj,*gndr;*numb,306,0.8829,0.882,3.25,423,fe2f30cf40df3a2ae06f42c4177597ff,Adjetivo
fr,French,avec,avec,pr,,1250,0.8832,0.8932,21.23,425,88865d60bba3719fc0ef85c0c839fc64,Preposição
fr,French,fou,fou,adj,*gndr;*numb,334,0.8832,0.884,2.71,425,d35f1e4469dc83edcbf30e4a700fede0,Adjetivo
fr,French,buvez,boire,vblex,pri;p2;pl,4589,0.8833,0.8922,7.3,427,17bbece268a95c1fbf901788c16f43bf,Verbo
fr,French,pantalon,pantalon,n,m;*numb,1429,0.8833,0.8796,4.64,427,6953914bb8cfec70084cbf0302185205,Substantivo
fr,French,s',si,cnjadv,,1553,0.8834,0.8912,12.47,429,90d1b1f9c6e5dc3379bd3cd0068aec1e,cnjadv
fr,French,pain,pain,n,m;sg,15758,0.8836,0.8867,14.09,430,8eab218aee7c0dac90f093c855af968a,Substantivo
fr,French,comprendre,comprendre,vblex,inf,163,0.8837,0.8872,3.8,431,1cf35495e38b49424fb8786f39ceb39f,Verbo
fr,French,petites,petit,adj,f;pl,1911,0.8838,0.8804,6.68,432,74c1744b80aee8da03ee1520a9e99293,Adjetivo
fr,French,correspondre,correspondre,vblex,pri;*pers;*numb,144,0.884,0.8867,4.26,433,56655155066572e1fe1717708a881187,Verbo
fr,French,devenir,devenir,vblex,pri;*pers;*numb,367,0.884,0.8829,2.61,433,cc566c14d967cbc17500c6fb00322190,Verbo
fr,French,consister,consister,vblex,pri;*pers;*numb,118,0.8842,0.8804,4.27,435,1dfd873b93433426b76f1e1271641b7e,Verbo
fr,French,nouvelle,nouveau,adj,f;sg,2481,0.8844,0.8946,5.84,436,eeb4c73e9ee297f18bce8a8549c90d3b,Adjetivo
fr,French,hommes,homme,n,m;pl,6018,0.8845,0.9029,13.85,437,74006bc05725c2d7fa3c04e0785513a7,Substantivo
fr,French,verte,vert,adj,f;sg,156,0.8846,0.8922,2.9,438,f1ea78c4d6307061a49740729031d6ee,Adjetivo
fr,French,dehors,dehors,adv,,138,0.8848,0.9129,5.88,439,693500432dff853b3d183ddfc7112926,Advérbio
fr,French,pomme,pomme,n,f;sg,17227,0.885,0.8901,14.14,440,b8177f85ffb5356bd51d6ebaacd146e4,Substantivo
fr,French,continuer,continuer,vblex,pri;*pers;*numb,154,0.8851,0.8973,4.46,441,49d6fe2e97aa1a6d966d8d58a251db2f,Verbo
fr,French,naissance,naissance,n,f;*numb,114,0.8852,0.8921,3.11,442,ba797e25455b77227babdfacf8e52c95,Substantivo
fr,French,lors,lors,adv,,123,0.8854,0.8708,4.52,443,e587c7c1f5b6f26376d978142a7d3819,Advérbio
fr,French,vers,vers,pr,,397,0.8858,0.8997,8.29,444,5e8466a042668b3b44be8c8e815e0a98,Preposição
fr,French,vouloir,vouloir,vbmod,pri;*pers;*numb,937,0.8858,0.8854,4.2,444,939b43b28a02c0686e4aad57b70c18dc,vbmod
fr,French,manteaux,manteau,n,m;pl,141,0.8859,0.9006,2.4,446,b15869aee35659fec934ee4f2d67538b,Substantivo
fr,French,pleut,pleuvoir,vblex,pri;p3;sg,719,0.8865,0.9055,4.99,447,5ae168f0283a01c96bcd0dcef777634f,Verbo
fr,French,avoir,avoir,vblex,inf,2257,0.8866,0.8991,8.42,448,64abda7edc42c9774a57d91720ad0f4e,Verbo
fr,French,nombreux,nombreux,adj,m;*numb,235,0.8867,0.8853,2.74,449,7c88816700493e8223f5b05133190fd2,Adjetivo
fr,French,américain,américain,adj,*gndr;*numb,300,0.8867,0.8893,2.27,449,d792398e21fb58c6ffc970d317427b92,Adjetivo
fr,French,écris,écrire,vblex,pri;p2;sg,3046,0.8868,0.8956,6.14,451,c0429e60fdfead40ba6447d185c9bce9,Verbo
fr,French,également,également,adv,,141,0.8871,0.8967,5.17,452,0fb4f388fcea437df48def8b99b2aacb,Advérbio
fr,French,œuf,œuf,n,m;sg,3450,0.8874,0.8954,6.56,453,55cf582402a25f38b9d9a80fac5a8d89,Substantivo
fr,French,ingrédient,ingrédient,n,m;sg,278,0.8874,0.9042,4.3,453,74a2180237bc29fab22a030694031321,Substantivo
fr,French,viande,viande,n,f;sg,2501,0.8877,0.8983,4.75,455,960198d7136e70bb8208ef567dc66743,Substantivo
fr,French,baguettes,baguette,n,f;pl,1723,0.8878,0.8974,5.96,456,ac27565a93112c1330ca25bf8a0255aa,Substantivo
fr,French,citrons,citron,n,m;pl,722,0.8879,0.8969,4.07,457,98ace992be870fba9eb843965d95713d,Substantivo
fr,French,ici,ici,adv,,234,0.888,0.9014,6.84,458,060eddbe02654b37be9edab1cbe97e69,Advérbio
fr,French,vivre,vivre,vblex,pri;*pers;*numb,540,0.888,0.8881,3.04,458,e88e1a71f8373cf1ea57460f5c57410c,Verbo
fr,French,savoir,savoir,vblex,pri;*pers;*numb,1030,0.8888,0.8886,3.78,460,3a715a7f339976027df852f9de19c759,Verbo
fr,French,mauvais,mauvais,adj,m;sp,2081,0.8888,0.8907,6.57,460,8ce72733eecc6c752c326779aa36e548,Adjetivo
fr,French,chapeau,chapeau,n,m;*numb,1437,0.8891,0.8931,4.06,462,12e6d89f8e1aa452129c040f55d1511b,Substantivo
fr,French,bête,bête,adj,mf;*numb,192,0.8893,0.9019,2.91,463,c48735e98594c2bf118a863c63c17975,Adjetivo
fr,French,mériter,mériter,vblex,pri;*pers;*numb,327,0.8894,0.9058,3.36,464,33cebf4cf9d663649d0562a350d8a06e,Verbo
fr,French,légumes,légume,n,m;pl,1786,0.8894,0.8987,4.81,464,ab2ccdbf80fcb6dbbf008fd0eccbe141,Substantivo
fr,French,heure,heure,n,f;*numb,141,0.8898,0.8797,3.4,466,654a01f3691a9c6a886aec263eaeb148,Substantivo
fr,French,un,un,det,ind;m;sg,42633,0.8898,0.909,54.31,466,be70637289b60b17de3b22270462e5bf,Determinante
fr,French,puis,puis,adv,,147,0.8898,0.91,4.04,466,cc3814c05cad7868e6ba0a5333a52545,Advérbio
fr,French,chiens,chien,n,m;pl,3787,0.8898,0.8894,7.96,466,f5b66d188d15ccb5d7777a59756e33ad,Substantivo
fr,French,vous,vous,prn,pro;p2;mf;pl,3565,0.89,0.8992,8.33,470,9eaf763f2e18226379e5dbfac1c50376,Pronome
fr,French,eau,eau,n,f;sg,14292,0.8902,0.8968,10.12,471,bc77537cb121e6e22bd91949fbecc4c4,Substantivo
fr,French,seule,seul,adj,f;sg,2012,0.8903,0.9,5.64,472,767d4caae661b9446d0269442601062c,Adjetivo
fr,French,bonne,bon,adj,f;sg,6531,0.8903,0.9019,11.05,472,8ccc51dac25d4ca64a5bcaf11e60efa9,Adjetivo
fr,French,dur,dur,adj,*gndr;*numb,196,0.8903,0.9055,3.02,472,945c346190504a35bfc1be638096aaeb,Adjetivo
fr,French,venir,venir,vblex,inf,152,0.8905,0.9176,4.55,475,4e35fc0771663a38af5cf725100d1aa1,Verbo
fr,French,ça,ça,prn,tn;nt,14367,0.8905,0.8986,15.54,475,b1e18ed8c315790bee5862b9cd0ba83d,Pronome
fr,French,japonais,japonais,adj,m;sp,327,0.8906,0.8914,5.28,477,98cefb3674393fdf5aeb46ba5dbc4585,Adjetivo
fr,French,noir,noir,adj,m;sg,10470,0.8907,0.8937,7.98,478,f3c7297e32f4bf16d315ea5982e950c2,Adjetivo
fr,French,connaître,connaître,vblex,pri;*pers;*numb,925,0.8908,0.8935,4.32,479,57f8f5b7e2b6f3d85394e927a3da7cd2,Verbo
fr,French,poser,poser,vblex,pri;*pers;*numb,416,0.8911,0.8903,3.48,480,27c57efce52f90deaa1c69be204b54a0,Verbo
fr,French,sec,sec,adj,*gndr;*numb,215,0.8911,0.8966,2.49,480,77ca412e70cd3156da9f7c656b55e252,Adjetivo
fr,French,noir,noir,adj,*gndr;*numb,858,0.8912,0.8921,30.87,482,581e637bb5f56dc1fc825f69f08446c9,Adjetivo
fr,French,attendre,attendre,vblex,pri;*pers;*numb,719,0.8913,0.889,3.34,483,2940c2cc3d3e090f20b1f70f46f0e70d,Verbo
fr,French,tortue,tortue,n,f;sg,2070,0.8913,0.8996,5.84,483,4be734ad4eed418f23a04065c567632e,Substantivo
fr,French,étrange,étrange,adj,mf;*numb,185,0.8914,0.9016,2.8,485,1c689b85c2ddeca7171e1d09d6c8329c,Adjetivo
fr,French,soupe,soupe,n,f;sg,2657,0.8915,0.903,5.78,486,07a8667acc3e036f138ab9ad0fcf8d0f,Substantivo
fr,French,chemise,chemise,n,f;*numb,1362,0.8917,0.8951,3.94,487,cb19168e55236e370decfc2723ee5861,Substantivo
fr,French,bois,boire,vblex,pri;p1;sg,8243,0.8918,0.8951,6.96,488,294c3d3483a5ecb9dcd61f9c26100d87,Verbo
fr,French,menu,menu,n,m;sg,9670,0.892,0.9038,13.15,489,235cfb740a5e1bb87b24cab385a8470d,Substantivo
fr,French,j',je,prn,tn;p1;mf;sg,8184,0.8922,0.9018,16.21,490,fd4fdcf2b405811203e523f09c95a6ce,Pronome
fr,French,européen,européen,adj,*gndr;*numb,258,0.8924,0.8767,2.93,491,abf01f07edb2447efab02a3e730f479f,Adjetivo
fr,French,tard,tard,@common_phrases:a_plus_tard,,1673,0.8925,0.8851,5.56,492,f351a1bda20937963b5881bf8992b2e0,@common_phrases:a_plus_tard
fr,French,penser,penser,vblex,inf,133,0.8929,0.9144,3.89,493,aa5df27b8f22320a7574b89d4fe91637,Verbo
fr,French,lait,lait,n,m;sg,11222,0.8931,0.8889,11.97,494,a9d9e40ec966f6bf6a78080d8d1947ac,Substantivo
fr,French,donc,donc,cnjadv,,811,0.8932,0.8987,5.15,495,f47540ee7620583317cbc93c51a2a455,cnjadv
fr,French,robe,robe,n,f;sg,11227,0.8934,0.9016,9.59,496,26f6b357718b150404303812a222e348,Substantivo
fr,French,contre,contre,pr,,367,0.8934,0.9036,5.48,496,32366c8041c7f8da8cb1739b6d738ea2,Preposição
fr,French,bleu,bleu,adj,*gndr;*numb,950,0.8937,0.8914,3.11,498,db1cba1dae7d3678ddf77b19bbe401b0,Adjetivo
fr,French,nourriture,nourriture,n,f;sg,2629,0.8939,0.9045,4.5,499,c3997eb2b150d2365a51e47d1c79fc21,Substantivo
fr,French,seules,seul,adj,f;pl,1800,0.8942,0.8965,6.85,500,381166e7c0a60671de97f110d011eb3a,Adjetivo
fr,French,gentil,gentil,adj,*gndr;*numb,306,0.8943,0.8986,2.71,501,1037ed25c14a0c24f9c6e704241c1cb5,Adjetivo
fr,French,roses,rose,n,f;pl,2198,0.8943,0.8976,6.1,501,ceee5f4602c783eed4dbd3f76d01abba,Substantivo
fr,French,rouge,rouge,adj,mf;*numb,789,0.8944,0.8936,20.24,503,cf106258708fc799029cb5273d8b02fe,Adjetivo
fr,French,animal,animal,n,m;sg,2983,0.8945,0.9076,6.15,504,55c1bfe7f851306403842dc412893ace,Substantivo
fr,French,vendre,vendre,vblex,pri;*pers;*numb,441,0.8946,0.8946,2.94,505,5d46fbead1ccfb3b8eff3bad18b7da32,Verbo
fr,French,déjeuner,déjeuner,n,m;sg,3039,0.8946,0.8958,5.12,505,6cccf8c1e2cf55255a1c30cda9da9cef,Substantivo
fr,French,trois,trois,num,mf;sp,194,0.8947,0.8885,20.14,507,12eeaf1b560c8170c796244366e9134e,Numeral
fr,French,marron,marron,adj,*gndr;*numb,667,0.8948,0.8931,3.56,508,476c6bf35d806e777f36041baf01df38,Adjetivo
fr,French,vertes,vert,adj,f;pl,213,0.8948,0.8912,1.87,508,9f19d3e98747303690b44442737924e5,Adjetivo
fr,French,va,aller,vblex,pri;p3;sg,12562,0.8948,0.9027,11.77,508,cc86e49e66863d159c228a7216fc5c1b,Verbo
fr,French,mal,mal,adv,,111,0.8949,0.9158,4.07,511,078e9231fe03e3811027f968160b9bfb,Advérbio
fr,French,enfant,enfant,n,mf;sg,20277,0.8949,0.8995,17.26,511,12157a474f4722909b9a08dc004b8e2d,Substantivo
fr,French,mange,manger,vblex,pri;p1;sg,12691,0.8952,0.9037,9.69,513,603b7cd0d4d54eee91008645adccd258,Verbo
fr,French,chaude,chaud,adj,f;sg,1852,0.8954,0.8957,5.69,514,30c4b49454ea22a085f60117250de039,Adjetivo
fr,French,très,très,preadv,,221,0.8954,0.9116,6.09,514,3e547b9f4de56e7ba2695ddbeda86195,preadv
fr,French,aimer,aimer,vblex,pri;*pers;*numb,1028,0.8954,0.896,30.16,514,8c5255928c25f3f819235ccc3fc18c81,Verbo
fr,French,petits,petit,adj,m;pl,2044,0.8955,0.9066,7.88,517,49a9f1c3c3ccf490a649445954128626,Adjetivo
fr,French,robes,robe,n,f;pl,3898,0.8955,0.8901,6.25,517,b6912ac36212b1eefea6719a7015def5,Substantivo
fr,French,chemise,chemise,n,f;sg,143,0.8956,0.8889,3.75,519,d60d7675482fba04e1969cd4ead1967d,Substantivo
fr,French,canard,canard,n,m;sg,3158,0.8958,0.903,6.85,520,fddd5d6d6e511645c84b41114650f099,Substantivo
fr,French,pour,pour,pr,,1141,0.8959,0.9019,17.96,521,083b3b25bb615c9df37d0668837decea,Preposição
fr,French,tomate,tomate,n,f;sg,2708,0.8963,0.9069,6.21,522,b3218864c2d22b24462549d306bf4cee,Substantivo
fr,French,grosse,gros,adj,f;sg,1762,0.8964,0.9052,5.55,523,6dfec11baed74509911801258a9dee4b,Adjetivo
fr,French,portefeuille,portefeuille,n,m;*numb,173,0.8964,0.8911,3.82,523,ab2595a33c1249f6b62f67976ef671aa,Substantivo
fr,French,courir,courir,vblex,pri;*pers;*numb,719,0.8965,0.8919,5.09,525,4092fce42c8788aba4f263c71b06c1ab,Verbo
fr,French,fromage,fromage,n,m;sg,3119,0.8966,0.9083,6.35,526,8a66dbc2075fff9769a0fc698d3d7936,Substantivo
fr,French,salut,salut,ij,,6214,0.8968,0.9062,10.57,527,a9aea87a4c1b6dec6a5960cef840d23e,ij
fr,French,porc,porc,n,m;sg,258,0.8969,0.9138,3.95,528,f2f3f3fde6b0e5416242df91e4859eb6,Substantivo
fr,French,durant,durant,pr,,335,0.8974,0.9127,6.64,529,19d3ed3e18cc98400734547b2e5b3097,Preposição
fr,French,qu',que,@cnj:depuis_que,,464,0.8974,0.8995,5.61,529,beb010f46e9f9853243795c6ca08ef48,@cnj:depuis_que
fr,French,exactement,exactement,adv,,134,0.8978,0.9095,4.19,531,d25b22b40364903c55c6edf53bde8bf3,Advérbio
fr,French,raser,raser,vblex,pri;*pers;*numb,111,0.8979,0.9104,2.86,532,c634f07f82cebebe713705f67455342a,Verbo
fr,French,jupe,jupe,n,f;sg,182,0.8984,0.9045,2.52,533,0967f829927442fc0506a9213fab492a,Substantivo
fr,French,confiture,confiture,n,f;sg,266,0.8985,0.9276,4.17,534,b974dc44f7a667e3d5812823a26e16be,Substantivo
fr,French,parle,parler,vblex,pri;p3;sg,6562,0.8985,0.9021,6.25,534,c0a645ef0812cf50c9807987c45e2701,Verbo
fr,French,grand,grand,adj,m;sg,2982,0.8985,0.8968,8.05,534,fe7107bee791621d14709741cf82a975,Adjetivo
fr,French,an,an,n,m;*numb,143,0.8986,0.9074,2.83,537,823485045568b80cef2f38f8f483f75f,Substantivo
fr,French,petite,petit,adj,f;sg,1976,0.8986,0.9041,5.45,537,887e3fc68c24f7b388c59258e3a09162,Adjetivo
fr,French,parfaitement,parfaitement,adv,,103,0.8992,0.8889,4.79,539,b16b57d8d0bdecc89921438c260bbeb7,Advérbio
fr,French,famille,famille,n,f;*numb,121,0.8994,0.9012,3.4,540,03ae68a9f492d1da3f2c986706db601a,Substantivo
fr,French,travers,travers,@pr:a_travers,,295,0.8994,0.9129,5.06,540,100c7c0b6ae375f7f5d7508bebf012c3,@pr:a_travers
fr,French,bébé,bébé,n,m;*numb,135,0.8994,0.8855,3.35,540,4f5a635aab4b74245ec861486d563535,Substantivo
fr,French,pommes,pomme,n,f;pl,2933,0.8994,0.9014,11.56,540,586f1161d40cd5201ef624d2e943ce1f,Substantivo
fr,French,blancs,blanc,adj,m;pl,262,0.8998,0.9007,2.39,544,d75d8b716737b87f64ab29f60d31ab4f,Adjetivo
fr,French,demain,demain,@common_phrases:a_demain,,1790,0.8999,0.891,6.06,545,53fea04539ece170abd38bc9463a1f18,@common_phrases:a_demain
fr,French,grosses,gros,adj,f;pl,1675,0.9001,0.9102,5.95,546,27298b4926b3c22463065d16a3287b1e,Adjetivo
fr,French,oiseau,oiseau,n,m;sg,3010,0.9003,0.9055,5.98,547,42f3d623cc8f60c30acc5032056926e3,Substantivo
fr,French,elle,il,prn,tn;p3;f;sg,20914,0.9003,0.8999,15.9,547,5594b03119f7beb09faeab02bda34d19,Pronome
fr,French,lancer,lancer,vblex,pri;*pers;*numb,480,0.9004,0.9056,4.24,549,8ca96919d4fbf272dcc1b6e59f61aa12,Verbo
fr,French,sinon,sinon,cnjadv,,772,0.9005,0.9228,6.89,550,a4a74ffd230276be35e341fbbe801fb3,cnjadv
fr,French,donner,donner,vblex,pri;*pers;*numb,689,0.9006,0.9024,4.36,551,10bd38fbb794917f9921d9719605d3c3,Verbo
fr,French,mauvaise,mauvais,adj,f;sg,1725,0.9006,0.9045,5.24,551,93492715544f757724ddf09f05bfac8b,Adjetivo
fr,French,banane,banane,n,f;sg,2135,0.9007,0.9135,5.85,553,0a4f6450dbdac8a31cf965d1c76b5ae3,Substantivo
fr,French,comprendre,comprendre,vblex,pri;*pers;*numb,952,0.9007,0.9005,3.9,553,4936b26c3b828f9c9a868db32e5ee9d9,Verbo
fr,French,long,long,adj,*gndr;*numb,403,0.9007,0.8974,2.55,553,fa564d06eb8eabc70c21f2e841285b9f,Adjetivo
fr,French,sauf,sauf,pr,,315,0.9008,0.9002,6.44,556,49f8559cc72269d243282dff4eaacab9,Preposição
fr,French,autour,autour,adv,,126,0.9008,0.9259,3.7,556,dfd8fedd14cb359a536a01ad66ee3be9,Advérbio
fr,French,jamais,jamais,adv,,372,0.9008,0.907,5.51,556,f60ee6b7d89986645bdeb985d1f956cb,Advérbio
fr,French,blanc,blanc,adj,m;sg,314,0.9013,0.8988,2.56,559,86758dac9cf7fd24e81bfefbc54d640d,Adjetivo
fr,French,différent,différent,adj,*gndr;*numb,336,0.9013,0.8992,2.84,559,c6268821b156bee7d5aea32e9597ae78,Adjetivo
fr,French,minute,minute,n,f;*numb,120,0.9014,0.9091,4.69,561,a4ec3eb071aece4fd4a6e993dfd245a0,Substantivo
fr,French,nu,nu,adj,*gndr;*numb,303,0.9015,0.9106,2.77,562,54f09faebfb21bf655cb4d63e7b4b470,Adjetivo
fr,French,botte,botte,n,f;*numb,163,0.9019,0.8832,3.64,563,7d2cf5e3df26d7b74ef41ecb3a73d97c,Substantivo
fr,French,aller,aller,vblex,pri;*pers;*numb,964,0.902,0.8999,23.25,564,1f0fa6ee6665bc2f9b1af1ae8875070f,Verbo
fr,French,durer,durer,vblex,pri;*pers;*numb,134,0.9021,0.8971,4.42,565,d5c099bd59eba57a2d0fa6c11b5db103,Verbo
fr,French,porter,porter,vblex,pri;*pers;*numb,709,0.9022,0.8999,5.69,566,85a3a92619f205ea9a8d7eb7b5314f74,Verbo
fr,French,faible,faible,adj,mf;*numb,273,0.9023,0.9115,3.0,567,075a55d0056dfe294ed1d7bd52f738c6,Adjetivo
fr,French,poisson,poisson,n,m;sg,3951,0.9023,0.9098,8.68,567,9fb60d42cab6d5ca6174ddf6d3b6d136,Substantivo
fr,French,sont,être,vbser,pri;p3;pl,7883,0.9028,0.9109,7.8,569,a142dd0d11d54e044e4b66f65953b0a7,vbser
fr,French,génial,génial,adj,*gndr;*numb,232,0.9032,0.9031,2.33,570,aec2d6e0e70575acd57791ed65a68d6e,Adjetivo
fr,French,lesquelles,lequel,rel,f;pl,938,0.9033,0.9239,7.08,571,a40346b97944ca3665966b2f7c716089,rel
fr,French,là,là,adv,,202,0.9033,0.9216,5.59,571,b25c55be8645d0358ee708f2c4200adb,Advérbio
fr,French,fraises,fraise,n,f;pl,2094,0.9035,0.9128,5.96,573,1c43442e12e46870675388619d170ae4,Substantivo
fr,French,éducation,éducation,n,f;*numb,127,0.9035,0.9,2.98,573,ab5aa249a1c4b25a63ac4145a2b8f618,Substantivo
fr,French,laid,laid,adj,*gndr;*numb,187,0.9037,0.9169,3.09,575,749bff0195efae1fe3363a06891da2ed,Adjetivo
fr,French,où,où,adv,itg,2088,0.9037,0.9117,13.65,575,c47a6f54303b1e005f4fb742d97fe45c,Advérbio
fr,French,dépendre,dépendre,vblex,pri;*pers;*numb,147,0.9039,0.9,3.73,577,421434a22740dee920f3808d60de5660,Verbo
fr,French,peser,peser,vblex,pri;*pers;*numb,111,0.9039,0.9194,4.02,577,4e10c41d141a69ce66b8c68389387e3b,Verbo
fr,French,mouche,mouche,n,f;sg,278,0.9041,0.9253,3.29,579,f648000b07542205cefd15f986c37415,Substantivo
fr,French,c',ce,prn,tn;nt;sg,34096,0.9045,0.9152,37.33,580,8e6df998cc5c26b86482a3040a5805e2,Pronome
fr,French,printemps,printemps,n,m;sp,147,0.9045,0.9177,3.95,580,8e748f699782fa6e525ba9dd4d75c17a,Substantivo
fr,French,mercredi,mercredi,n,m;*numb,116,0.9045,0.9036,3.8,580,9c48b3c6f5bd57f06cc5b889ab154cdf,Substantivo
fr,French,ou,ou,cnjcoo,,925,0.9046,0.9147,7.73,583,051e4907076e33937c6079c25536a7a6,Conjunção
fr,French,sur,sur,pr,,364,0.9046,0.9237,6.21,583,3712581f1a9fbc0894e22664992663e9,Preposição
fr,French,matin,matin,n,m;*numb,114,0.9047,0.8986,3.44,585,6e5423e9f06cb4361683cc1b0376ce53,Substantivo
fr,French,bon,bon,adj,m;sg,4512,0.9048,0.9037,9.84,586,5789310b7fe0e0960b33a8d1f9e32d42,Adjetivo
fr,French,chapeau,chapeau,n,m;sg,725,0.9048,0.9056,2.58,586,ac176a55936695b1b66166c250f2b59b,Substantivo
fr,French,siècle,siècle,n,m;*numb,105,0.9048,0.9084,2.8,586,c2b75c1ce008102fe9547862ddaf4433,Substantivo
fr,French,photographier,photographier,vblex,pri;*pers;*numb,413,0.9048,0.9086,3.08,586,cf7c3432e3a416fa9d9566d28106117a,Verbo
fr,French,jaune,jaune,adj,mf;*numb,896,0.9049,0.907,2.81,590,27566f0a21575918fee6c8a726a8731b,Adjetivo
fr,French,a,avoir,vblex,pri;p3;sg,15982,0.905,0.9118,12.32,591,2099dab843c707202dd04b1eb3348126,Verbo
fr,French,veux,vouloir,vbmod,pri;p1;sg,810,0.905,0.911,6.06,591,2995a8800f220b59c0a50b77bd5ec665,vbmod
fr,French,mars,mars,n,m;sp,185,0.9056,0.9117,7.15,593,4e24110e5e381aa2b3858187acb77619,Substantivo
fr,French,maintenant,maintenant,adv,,165,0.9056,0.9183,6.81,593,80c3df40754498ee0449ea01a3f56256,Advérbio
fr,French,mettre,mettre,vblex,pri;*pers;*numb,536,0.9056,0.9126,4.46,593,a2d5b12b5f807d1a43512ebf4f37d9a6,Verbo
fr,French,bol,bol,n,m;sg,233,0.9058,0.9303,4.44,596,af9481e863fdda9560e1d5020b9cd9a0,Substantivo
fr,French,manger,manger,vblex,pri;*pers;*numb,950,0.9058,0.9045,125.7,596,e420b1ac24ba5bf3f450b0d9273d5c7e,Verbo
fr,French,acheter,acheter,vblex,inf,217,0.9059,0.913,9.09,598,93ddef66509375fd9e3cea38f0cf7035,Verbo
fr,French,jouer,jouer,vblex,inf,208,0.9061,0.9127,7.0,599,1c9013249f7006150b322fa061ee0af5,Verbo
fr,French,blé,blé,n,m;sg,2732,0.9067,0.9206,6.21,600,be0690c45ec0853fac6f4e7b4f9e0c97,Substantivo
fr,French,mentir,mentir,vblex,pri;*pers;*numb,110,0.9068,0.9304,3.57,601,aca2ac39e5b4cb6a48dbd3e93b53fc85,Verbo
fr,French,regarder,regarder,vblex,pri;*pers;*numb,378,0.9072,0.9063,3.01,602,b891d2a896c5ea18f53637ea737b8ea2,Verbo
fr,French,que,que,@cnj:alors_que,,203,0.9076,0.9193,4.4,603,c5476d7a565cc3bbf84416cdc25a27b2,@cnj:alors_que
fr,French,frites,frite,n,f;pl,1891,0.9077,0.9125,5.01,604,86ab0bbefc02a331649c9c23f572f729,Substantivo
fr,French,cochon,cochon,n,m;sg,2314,0.9078,0.9073,5.92,605,ebbb9ea73ead15fcc77e3613b7afee6c,Substantivo
fr,French,quand,quand,cnjadv,,622,0.9079,0.9105,7.85,606,4cb8418c1da576dbdf2a51133e89430d,cnjadv
fr,French,aimez,aimer,vblex,pri;p2;pl,186,0.9082,0.899,2.04,607,23639fbfd39feaf04a6310003d005331,Verbo
fr,French,est,être,vbser,pri;p3;sg,28876,0.9082,0.9139,24.89,607,f3996a785b8d9fe04c44850c79a0a337,vbser
fr,French,presque,presque,preadv,,147,0.9083,0.9139,4.82,609,5088350a88beff51e40a1d72d574d3d0,preadv
fr,French,gâteau,gâteau,n,m;sg,2783,0.9084,0.9249,6.0,610,524fef1786d366bf49813def1458a181,Substantivo
fr,French,rêver,rêver,vblex,pri;*pers;*numb,102,0.9085,0.9237,2.59,611,fd83c956657744c3a3cc8e4587d8aa7e,Verbo
fr,French,particulièrement,particulièrement,adv,,121,0.9086,0.9263,4.07,612,656db0614b6af05d95d6646a5d47bf2b,Advérbio
fr,French,bonbon,bonbon,n,m;sg,348,0.9086,0.9303,3.76,612,9688724bea5d919b0ed7ee7b973ff85a,Substantivo
fr,French,cheval,cheval,n,m;sg,6079,0.9087,0.9122,10.7,614,14bcb8f93e4a16b09fcc2a4f90072b22,Substantivo
fr,French,second,second,adj,*gndr;*numb,316,0.9088,0.912,2.41,615,fae0c7ea7a27e80f43b341f52bfc3cd1,Adjetivo
fr,French,promener,promener,vblex,pri;*pers;*numb,140,0.9089,0.9128,3.04,616,c374cd644509176e2aba1f0be85bff56,Verbo
fr,French,montrer,montrer,vblex,pri;*pers;*numb,389,0.9092,0.9163,3.83,617,e15990582308931349b50160848fcde8,Verbo
fr,French,devoir,devoir,vblex,pri;*pers;*numb,702,0.9093,0.9201,3.76,618,39078dd7827bdb623a676ca1bda6ea01,Verbo
fr,French,jeudi,jeudi,n,m;*numb,124,0.9094,0.9181,4.4,619,9048f71486b8b4f003c3d34367f9bc03,Substantivo
fr,French,serpent,serpent,n,m;sg,234,0.9096,0.9259,3.9,620,9ef99057cb731a7c6267ba295bbd5058,Substantivo
fr,French,ail,ail,n,m;sg,1795,0.9096,0.9297,5.64,620,c53ad82b73284cde077438c1f812578b,Substantivo
fr,French,parent,parent,n,*gndr;*numb,107,0.9097,0.9343,10.49,622,4f606e8b1d58fc99aa5a9d9b3b29b6a5,Substantivo
fr,French,partout,partout,adv,,115,0.9097,0.9167,5.72,622,eef5dd9620cedb9594006c273b494eb8,Advérbio
fr,French,recevoir,recevoir,vblex,pri;*pers;*numb,108,0.9099,0.9157,3.32,624,3cb0c878fb665874ffb8190faa4124d3,Verbo
fr,French,plaît,plaire,@adv:s_il_vous_plait,,1863,0.9099,0.9099,5.25,624,61105ed03893f64cfc166fc1dc74d25a,@adv:s_il_vous_plait
fr,French,rouge,rouge,n,m;*numb,554,0.91,0.9086,2.77,626,a37e8adef202785272ed655c66971f44,Substantivo
fr,French,date,date,n,f;*numb,115,0.9101,0.9067,3.63,627,e9ef4af6aaa6fad7bb5fad4b21649829,Substantivo
fr,French,mourir,mourir,vblex,pri;*pers;*numb,711,0.9102,0.9086,4.97,628,5fa6f4b5261c789a4ab4483f7f04baa7,Verbo
fr,French,jolie,joli,adj,f;sg,1943,0.9102,0.9122,6.57,628,7ddc2afba2362bcb31de0eaca3d772b4,Adjetivo
fr,French,sandwich,sandwich,n,m;sg,4851,0.9102,0.9131,8.45,628,e5ad1ddd38ac024aec96b83b43bb9c34,Substantivo
fr,French,mon,mon,det,pos;m;sg,31761,0.9107,0.9156,45.38,631,8bd6d060bb604e17c936418f835d87c8,Determinante
fr,French,devant,devant,pr,,337,0.9111,0.928,7.24,632,7ee6d6630e33702d3c8dc3c0c8159c3a,Preposição
fr,French,ours,ours,n,m;sp,2989,0.9111,0.9145,6.14,632,da769be948d17ea4bef65e1c6c4b8ae8,Substantivo
fr,French,vite,vite,adv,,106,0.9112,0.9294,5.94,634,700c2a7008debd3964aaf642e72b0b92,Advérbio
fr,French,canards,canard,n,m;pl,3054,0.9112,0.9192,6.7,634,d78b69f130faff0f7a51d4d2266c4b7a,Substantivo
fr,French,suivre,suivre,vblex,pri;*pers;*numb,375,0.9114,0.9244,3.57,636,1e9872fc7eb3a70c8e029db2b1c8923c,Verbo
fr,French,devoir,devoir,vbmod,pri;*pers;*numb,1046,0.9115,0.9119,4.36,637,c2a9350a016f6a01b39f589f65d49cd7,vbmod
fr,French,seul,seul,adj,m;sg,2604,0.9115,0.9224,6.84,637,ca1162e06da4f6c0cfe00c749e03fadc,Adjetivo
fr,French,répondre,répondre,vblex,pri;*pers;*numb,116,0.9116,0.8982,3.69,639,99cba6e6b25a5c8c724e4f13ad027548,Verbo
fr,French,froid,froid,adj,m;sg,1940,0.9117,0.9165,5.34,640,de6ffc529d3fce74028f26449f8ef146,Adjetivo
fr,French,laver,laver,vblex,pri;*pers;*numb,523,0.9119,0.9076,4.05,641,23121d0f32a39373a82e5556239bb80a,Verbo
fr,French,croire,croire,vblex,pri;*pers;*numb,827,0.9119,0.9114,5.79,641,39e18cd0af1ce68e4e24b24c4c46fe8e,Verbo
fr,French,mangeons,manger,vblex,pri;p1;pl,5069,0.9122,0.9192,7.88,643,b71c13d5a05a6aabcdce64e81333274f,Verbo
fr,French,aime,aimer,vblex,pri;p1;sg,12411,0.9123,0.9125,11.25,644,0e69015102143c4cf0f98a23ddf01d6a,Verbo
fr,French,lequel,lequel,rel,m;sg,1003,0.9123,0.9289,8.73,644,2bd586ead7ef88838c937eefcfd713fb,rel
fr,French,beau,beau,adj,*gndr;*numb,344,0.9123,0.9081,2.42,644,4455ff24e886f8164ff9b60190f0506c,Adjetivo
fr,French,faux,faux,adj,m;*numb,169,0.9125,0.8972,2.62,647,c1c881ebab54e8a2bb33282f34d4fc05,Adjetivo
fr,French,vin,vin,n,m;sg,15097,0.913,0.9165,13.95,648,2d0937077480a627a3973de2a1e4015a,Substantivo
fr,French,rouges,rouge,adj,mf;pl,1025,0.9131,0.9136,2.77,649,4602450c22a6e437f50969eb7887d390,Adjetivo
fr,French,avoir,avoir,vblex,pri;*pers;*numb,882,0.9133,0.9155,84.74,650,ff362b6dfb9d637d66cf4f9f3660f145,Verbo
fr,French,semaine,semaine,n,f;*numb,131,0.9135,0.9074,3.5,651,2fdc04e1ef206beb0e2bb453ab81528c,Substantivo
fr,French,bel,bel,adj,*gndr;*numb,394,0.9135,0.913,2.88,651,4d5b8ceae8ff81dc0073c2162b8ebb93,Adjetivo
fr,French,raisin,raisin,n,m;sg,273,0.9135,0.9311,4.37,651,65f98094bcf1dd6e5ab3cb932c9e2400,Substantivo
fr,French,essayer,essayer,vblex,pri;*pers;*numb,153,0.9139,0.9107,2.86,654,e4db2f8d322db345dec312b1ac72429b,Verbo
fr,French,cher,cher,adj,*gndr;*numb,328,0.9141,0.9128,2.52,655,43d95b0fa4bd8f7bd922796c917dea2b,Adjetivo
fr,French,car,car,cnjcoo,,577,0.9141,0.916,10.67,655,9e46cba374515e65091ab881a81b94c9,Conjunção
fr,French,avons,avoir,vblex,pri;p1;pl,8084,0.9141,0.921,11.39,655,bcf9480ad551253c8f836017c9de8bd1,Verbo
fr,French,parmi,parmi,pr,,295,0.9141,0.9258,5.83,655,f96b72e0fbb1e0b2795b0cc835dd39ad,Preposição
fr,French,seulement,seulement,adv,,131,0.9142,0.907,4.19,659,cae6bf30d81f3b722dabc8207bc57719,Advérbio
fr,French,jeune,jeune,adj,mf;sg,2043,0.9146,0.9159,5.66,660,c9a1cca8ad59af6d396637949446c6fc,Adjetivo
fr,French,rendez-vous,rendez-vous,n,m;sp,187,0.915,0.9228,4.37,661,2b7e37bdf38f36464c887d15a8e05e08,Substantivo
fr,French,sucre,sucre,n,m;sg,2705,0.915,0.9208,6.37,661,3afafd5b426f26c010d9acbaf8b3165f,Substantivo
fr,French,lettres,lettre,n,f;pl,1309,0.915,0.9111,6.39,661,a00ddf6aa577e8e596a8ab3d519b6999,Substantivo
fr,French,enfant,enfant,n,*gndr;*numb,136,0.9154,0.9216,72.81,664,295887294bd233ec9e8c69611ab005c6,Substantivo
fr,French,beaucoup,beaucoup,@ij:merci_beaucoup,,4530,0.9155,0.9217,8.03,665,f41a1fe14e4ed8184207ddef1d7e80c7,@ij:merci_beaucoup
fr,French,nous,nous,prn,tn;p1;mf;pl,7550,0.9156,0.927,16.8,666,f644e2ba492883cb5808c939c51c909a,Pronome
fr,French,chinois,chinois,adj,m;sp,305,0.9157,0.9253,4.95,667,666101acf44b51f0dc19f4b04a1bb8c8,Adjetivo
fr,French,buvons,boire,vblex,pri;p1;pl,3331,0.9159,0.9231,6.41,668,5020a6e3b43b4fde064ffbc67ec80aa6,Verbo
fr,French,maman,maman,n,f;*numb,109,0.9159,0.9211,3.54,668,95aff431250798e44a67cfcbe3a3cefb,Substantivo
fr,French,fort,fort,adj,m;sg,3346,0.916,0.9189,6.17,670,1560febf08aabe8ae17dd64bb2838142,Adjetivo
fr,French,derrière,derrière,pr,,329,0.9161,0.9287,7.5,671,26ec3f09f01829b62324e3730e4d50a5,Preposição
fr,French,neige,neiger,vblex,pri;p3;sg,618,0.9165,0.9316,4.81,672,7ef39c66e5e0d65db9e747f1e8f55557,Verbo
fr,French,poivre,poivre,n,m;sg,245,0.9165,0.9213,4.48,672,c65dfd064a5286e7d40be4530d00f0ac,Substantivo
fr,French,livres,livre,n,m;pl,1902,0.9166,0.9222,6.28,674,8d85eaaff97c6855ac15a937b62e40d9,Substantivo
fr,French,voici,voici,adv,,121,0.9167,0.9266,6.7,675,cab27679f69e968210c1356a2df827fe,Advérbio
fr,French,bœuf,bœuf,n,m;sg,1403,0.9168,0.919,4.21,676,e56d4b05e1fe89824abb76ba21d678c0,Substantivo
fr,French,passer,passer,vblex,pri;*pers;*numb,115,0.9171,0.9226,3.28,677,42f2c1ed92e34558ab0aadca8d8e9cc8,Verbo
fr,French,rouge,rouge,adj,mf;sg,9332,0.9177,0.9198,9.54,678,62a090db014ab03963712da6c4a76f13,Adjetivo
fr,French,contenir,contenir,vblex,pri;*pers;*numb,491,0.9177,0.9159,4.13,678,9905178b404a8dd04052636a3e457448,Verbo
fr,French,va,aller,@common_phrases:comment_ca_va,,2387,0.9177,0.915,6.55,678,acdfa756d73b89b55e36ef3203f6d2f9,@common_phrases:comment_ca_va
fr,French,jus,jus,n,m;sg,2658,0.9178,0.9255,4.87,681,3924f6a9c93fd8247ba3af6cdad8df98,Substantivo
fr,French,anglais,anglais,adj,m;sp,400,0.9182,0.9222,4.08,682,bc2f9e0970ba02e471db084eff55b5cd,Adjetivo
fr,French,dauphin,dauphin,n,m;sg,239,0.9185,0.9352,4.05,683,238af0445289bc685ecb0ea29a6d8238,Substantivo
fr,French,jean,jean,n,m;*numb,117,0.9188,0.9116,1.83,684,e038c558c0901b8795d8282aa2ecc867,Substantivo
fr,French,léger,léger,adj,m;sg,1767,0.919,0.9227,5.13,685,b1fa821800397fc725c5d29e1a950dfd,Adjetivo
fr,French,aider,aider,vblex,pri;*pers;*numb,750,0.9191,0.9255,3.78,686,035cb18a4bed260b092e942450168625,Verbo
fr,French,surtout,surtout,adv,,123,0.9195,0.9056,4.41,687,05ba4ec1c644b2df4a6cfcd98cc489be,Advérbio
fr,French,fille,fille,n,f;sg,15227,0.9198,0.925,14.6,688,28bf9a71ef6ce4721e906f594b7a5b80,Substantivo
fr,French,grands,grand,adj,m;pl,1774,0.9198,0.9196,6.27,688,e9c1c486bb1cc26e726b83a7a522983b,Adjetivo
fr,French,homme,homme,n,m;sg,13860,0.9203,0.9254,13.52,690,653d29704b56b4a27be6b89f0a64453e,Substantivo
fr,French,chat,chat,n,m;sg,4458,0.9206,0.923,8.92,691,c9aba1059fc7d85806a21bf21745b817,Substantivo
fr,French,écrivons,écrire,vblex,pri;p1;pl,3778,0.9207,0.9303,7.12,692,e34ceee7daa46a3a67d04ab96e897cda,Verbo
fr,French,neveu,neveu,n,*gndr;*numb,101,0.9208,0.9266,3.4,693,eaad89a82cd690cbcd6bc3721cb04bfd,Substantivo
fr,French,dîner,dîner,n,m;sg,2758,0.9208,0.9259,5.14,693,f616c02d52bb80922f185e432df9d881,Substantivo
fr,French,orange,orange,adj,mf;*numb,632,0.9211,0.9197,2.69,695,536cbb8b83d484f5ffb42cbafec58cb5,Adjetivo
fr,French,rose,rose,adj,mf;*numb,731,0.9211,0.9241,3.74,695,5b0df2fd10cc9641e248dd3fd50cc120,Adjetivo
fr,French,oui,oui,adv,,6709,0.9212,0.9266,10.33,697,7d5c9c888f97a47883c8c0065efd1cde,Advérbio
fr,French,qu',que,@cnj:tandis_que,,141,0.9213,0.9183,3.7,698,4cfa43d063858472c6ff8ae5eebb881e,@cnj:tandis_que
fr,French,nuit,nuit,n,f;sg,7128,0.9213,0.9344,11.99,698,6f25a6ba334c4e0dee82dfcce4b20102,Substantivo
fr,French,cacher,cacher,vblex,inf,163,0.9213,0.928,3.46,698,f762fc4a3b470a5640ac9e43d339b5ef,Verbo
fr,French,améliorer,améliorer,vblex,pri;*pers;*numb,307,0.9218,0.9287,2.66,701,c1547b2ab5d11a68bbe31e1ed25c8ab4,Verbo
fr,French,jeunes,jeune,adj,mf;pl,1691,0.9221,0.9259,6.19,702,50fd737d097c2fb92b0f24d9c4fb9494,Adjetivo
fr,French,malade,malade,adj,mf;*numb,341,0.9223,0.9197,2.6,703,0f5cef12e4d03f8e3b341ee84c3474b6,Adjetivo
fr,French,rien,rien,@common_phrases:de_rien,,1529,0.9226,0.9384,9.11,704,e086ed91f232cd1f69edc1e72dd7f428,@common_phrases:de_rien
fr,French,dire,dire,vblex,pri;*pers;*numb,822,0.9227,0.9243,5.16,705,d404c271f374557d07334c00c4b43e0a,Verbo
fr,French,sale,sale,adj,mf;sg,1178,0.9228,0.9335,4.35,706,29bf28ff6c11573d6f833fbe508328ef,Adjetivo
fr,French,naturel,naturel,adj,*gndr;*numb,254,0.923,0.9322,2.94,707,bce5c8656848e3ef4fbba4148bc3f190,Adjetivo
fr,French,non,non,adv,,8013,0.9232,0.9298,12.86,708,8dcd4dc7ae4f7461f0fc262a87606e64,Advérbio
fr,French,charger,charger,vblex,pri;*pers;*numb,123,0.9232,0.9256,3.19,708,adfe0f5f35b0647fee8e3bb29b0ec24d,Verbo
fr,French,utiliser,utiliser,vblex,pri;*pers;*numb,120,0.9236,0.9209,2.52,710,54c34fa8d6cfa304af6cbec97859729c,Verbo
fr,French,motiver,motiver,vblex,pri;*pers;*numb,545,0.9237,0.9265,4.38,711,ea896e8c2b8f223d7b528e49932c6f15,Verbo
fr,French,remarquer,remarquer,vblex,pri;*pers;*numb,105,0.9238,0.9277,3.38,712,d0cdaecdf1390e91d355e07474b73c04,Verbo
fr,French,robe,robe,n,f;*numb,1460,0.9239,0.9233,27.93,713,cd24e52a329fce536ef2e9413b8964b2,Substantivo
fr,French,troisième,troisième,adj,mf;*numb,278,0.9245,0.9263,2.83,714,00e6945d22634ee47e05c727a4d4c183,Adjetivo
fr,French,dormir,dormir,vblex,pri;*pers;*numb,517,0.9246,0.9264,2.66,715,40d7b73a44f2f0dd29e0db351168c11d,Verbo
fr,French,concerner,concerner,vblex,pri;*pers;*numb,409,0.9248,0.9266,3.82,716,492cf9d2cf6c1d0dce2381e45c01ee5c,Verbo
fr,French,mort,mort,adj,*gndr;*numb,411,0.925,0.9269,3.73,717,3d7fc264f96e03fa2ed5dc220024ec40,Adjetivo
fr,French,animaux,animal,n,m;pl,1818,0.9252,0.9217,5.53,718,51d322c656c873fec8e2e5a2b9ec46e8,Substantivo
fr,French,poche,poche,n,f;*numb,1447,0.9252,0.927,4.2,718,b6307c1d68391608e9adf2079c0a3051,Substantivo
fr,French,même,même,adj,mf;*numb,406,0.9253,0.9219,3.13,720,7965f35937c963208aa6f1b4cf9c3895,Adjetivo
fr,French,sembler,sembler,vblex,pri;*pers;*numb,128,0.9258,0.9324,2.77,721,8d720c9fcef0b22b37285ff755740b07,Verbo
fr,French,africain,africain,adj,*gndr;*numb,270,0.9259,0.9306,2.36,722,a55a034726c57609a9c655d45ebc9b7e,Adjetivo
fr,French,jupe,jupe,n,f;*numb,1422,0.926,0.9224,4.43,723,f33d03eb218b85038d73d61d3064e57c,Substantivo
fr,French,ceinture,ceinture,n,f;*numb,1197,0.9261,0.9334,4.22,724,0f361d80c090532e2b68900d88581160,Substantivo
fr,French,avant,avant,pr,,304,0.9262,0.9264,11.26,725,28d84b8fd6dc749bc75900054fcc65df,Preposição
fr,French,prince,prince,n,*gndr;*numb,113,0.9263,0.9268,2.8,726,fcad4886083102bf0dad81aa6e3e0346,Substantivo
fr,French,cuisiner,cuisiner,vblex,pri;*pers;*numb,727,0.9264,0.9275,4.65,727,5b46ca2d344d697f777719594b100abf,Verbo
fr,French,oignon,oignon,n,m;sg,267,0.9265,0.9352,3.97,728,2ea64bda44125126f08d80aa975c74c1,Substantivo
fr,French,avez,avoir,vblex,pri;p2;pl,1027,0.9266,0.9356,3.66,729,65bc2b61d51830a93f7377deb6c208a3,Verbo
fr,French,représenter,représenter,vblex,pri;*pers;*numb,117,0.9266,0.9383,3.54,729,d0d9e9c69e2f19d0bf5054aa603d78fe,Verbo
fr,French,couper,couper,vblex,pri;*pers;*numb,592,0.9267,0.9254,3.9,731,00dd77bd7687daa0572365b07f68dfc7,Verbo
fr,French,requin,requin,n,m;sg,233,0.9267,0.9425,4.0,731,1191a48289a99892b0d3be159af48c23,Substantivo
fr,French,bien,bien,@common_phrases:ca_va_bien,,6020,0.9267,0.9369,8.48,731,1c477d372803deaaff6d4318c634943c,@common_phrases:ca_va_bien
fr,French,petit,petit,adj,m;sg,3613,0.9269,0.9287,8.35,734,0146e7216d02bba1a08e6a23e4e744a9,Adjetivo
fr,French,gris,gris,adj,f;*numb,613,0.9269,0.9251,2.72,734,2e788d0108662c6cc1b0d49ba68fce42,Adjetivo
fr,French,minuit,minuit,n,m;*numb,114,0.9269,0.9401,3.7,734,e104fc4f65cbb5c15c724f2b02d096c9,Substantivo
fr,French,sérieux,sérieux,adj,m;*numb,178,0.9274,0.9283,2.19,737,c36aa0c36b8d979d4b95230c22932189,Adjetivo
fr,French,chercher,chercher,vblex,pri;*pers;*numb,616,0.9275,0.9243,2.89,738,b87ccf85b2cee13dd20e9ff68a41d943,Verbo
fr,French,combattre,combattre,vblex,pri;*pers;*numb,121,0.9276,0.9215,4.45,739,db4796800645b48fedb64739c5d77567,Verbo
fr,French,fête,fête,n,f;*numb,114,0.9276,0.9191,3.1,739,f0a0431fad1fe43a6eaa8797678c750b,Substantivo
fr,French,concernant,concernant,pr,,226,0.9279,0.931,6.75,741,9368a7f2e24ab1147f81c671884fa4bb,Preposição
fr,French,éléphant,éléphant,n,m;sg,2787,0.928,0.932,6.31,742,e5bc0aaf26654b3298f1f817d6351cc9,Substantivo
fr,French,légère,léger,adj,f;sg,1795,0.9285,0.9375,5.59,743,11d54b1ba605cb0b306ac0bb50e304aa,Adjetivo
fr,French,lisons,lire,vblex,pri;p1;pl,3312,0.9285,0.9376,6.93,743,4578d28172004742ef5c674639f58588,Verbo
fr,French,prêt,prêt,adj,*gndr;*numb,287,0.9286,0.934,2.54,745,c5c88fc6fcf4815033a06aefc4ebef12,Adjetivo
fr,French,posséder,posséder,vblex,pri;*pers;*numb,308,0.9286,0.9249,3.07,745,e2bfd69d4c7b48902938b014a615e529,Verbo
fr,French,roi,roi,n,*gndr;*numb,119,0.9286,0.9353,3.24,745,f2d402c40f253b3cda20abfaa2addb7b,Substantivo
fr,French,quelle,quel,adj,itg;f;sg,849,0.929,0.9339,4.97,748,45ee45f643606258f3b7a7b7666701e3,Adjetivo
fr,French,acheter,acheter,vblex,pri;*pers;*numb,483,0.9298,0.9277,3.38,749,4f99241bea3994fc07dc697a6dd8fd37,Verbo
fr,French,écouter,écouter,vblex,pri;*pers;*numb,178,0.9298,0.933,3.74,749,7a536270aedadc43bf183688838a1bed,Verbo
fr,French,papillon,papillon,n,m;sg,217,0.9298,0.9233,3.81,749,ad196c4066c572dade3f09a8c871c742,Substantivo
fr,French,chien,chien,n,m;sg,5531,0.9304,0.9326,11.85,752,ed52344b160c012472bfe0f64ef28703,Substantivo
fr,French,facile,facile,adj,mf;sg,1735,0.9306,0.9415,5.12,753,486d50260e6bed768670e38a4804e6d3,Adjetivo
fr,French,agir,agir,vblex,pri;*pers;*numb,519,0.9306,0.9337,3.54,753,75394986621b7c79993c3d9bc680914e,Verbo
fr,French,propre,propre,adj,mf;sg,2113,0.9308,0.9373,5.33,755,ff5d64dc9c3944ecc01653ca661888df,Adjetivo
fr,French,merci,merci,ij,,8535,0.931,0.9372,14.37,756,710b68d3c21cf9ac44218b554a5360dd,ij
fr,French,chienne,chien,n,f;sg,2843,0.9311,0.9376,7.02,757,78eb0de881ebd07dc1845943bcb9b023,Substantivo
fr,French,grave,grave,adj,mf;*numb,158,0.9314,0.9352,2.09,758,b7b1bd1611ed6d8b2cd8cb86fee4f238,Adjetivo
fr,French,deuxième,deuxième,adj,mf;*numb,196,0.9318,0.9264,2.07,759,5aec1e609fb84ed17c6b9e267fa95702,Adjetivo
fr,French,cacher,cacher,vblex,pri;*pers;*numb,523,0.9318,0.9343,3.55,759,86bf065e9c720d947eea2a5bb73cb0c1,Verbo
fr,French,l',le,prn,pro;p3;m;sg,362,0.9318,0.9379,5.52,759,ad3220d3aa9dc907c2ae2c917ce0482d,Pronome
fr,French,gagner,gagner,vblex,pri;*pers;*numb,502,0.932,0.9354,4.48,762,0f9a264cef82697cf1fef2ea2a0e74ca,Verbo
fr,French,salade,salade,n,f;sg,2309,0.932,0.9373,4.79,762,c1deb108bc6744f9d55a0d53f773d172,Substantivo
fr,French,lion,lion,n,m;sg,2806,0.9321,0.9341,6.17,764,e91876cb0a2cc5af89c2b98a1941636d,Substantivo
fr,French,vivre,vivre,vblex,inf,132,0.9324,0.9364,3.78,765,87039cbbb837769bdfb13f1d768e0560,Verbo
fr,French,énorme,énorme,adj,mf;*numb,163,0.9325,0.9489,3.0,766,2a342250cac24d6e35f070ecebcb938a,Adjetivo
fr,French,bientôt,bientôt,adv,,115,0.9326,0.9482,5.4,767,35a0a2699d2beef233485172db1f0b66,Advérbio
fr,French,maïs,maïs,n,m;sp,2368,0.9326,0.9399,6.02,767,da95631a0adf347cb57054f2b49533f8,Substantivo
fr,French,méchant,méchant,adj,*gndr;*numb,207,0.9329,0.9249,3.2,769,2eac92ba28a922cfab3e524101ef533f,Adjetivo
fr,French,fermer,fermer,vblex,pri;*pers;*numb,283,0.9329,0.9344,2.41,769,a297557f770706ea8efdd87b15b33381,Verbo
fr,French,insecte,insecte,n,m;sg,219,0.933,0.9415,3.41,771,cf84fd9eec1df22d971b4d579639fcbb,Substantivo
fr,French,suis,être,vbser,pri;p1;sg,13988,0.9332,0.9355,6.79,772,6debf33c91876b19aa26095423ad0e3e,vbser
fr,French,sombre,sombre,adj,mf;*numb,220,0.9333,0.9292,3.58,773,964de588167185dcc5f563459668c77e,Adjetivo
fr,French,entier,entier,adj,*gndr;*numb,321,0.9335,0.9203,2.95,774,0b2465fab401ea644c666207500a62f6,Adjetivo
fr,French,joli,joli,adj,m;sg,1460,0.9337,0.9468,8.44,775,913586ed89bd00770a73487fd03eba35,Adjetivo
fr,French,être,être,vbser,pri;*pers;*numb,1026,0.9344,0.9306,144.72,776,531277bb907bd0b1dee4ae928dd2832d,vbser
fr,French,garçon,garçon,n,m;sg,13205,0.9344,0.9322,12.02,776,6eee7de1f58d4033e937386469f1a5ab,Substantivo
fr,French,chaussette,chaussette,n,f;*numb,127,0.935,0.9362,2.8,778,dfab5bc3b2c3310dde55ca9e16484dae,Substantivo
fr,French,offrir,offrir,vblex,pri;*pers;*numb,383,0.9358,0.9416,2.97,779,a059dca3df293182dbd6a5738d780241,Verbo
fr,French,aux,à,pr,+le<det;def;mf;pl,144,0.9358,0.9198,3.7,779,c9184e849a58e5397c4c4a7554826b66,Preposição
fr,French,refuser,refuser,vblex,pri;*pers;*numb,117,0.9359,0.9321,3.41,781,f6f1511b6c638f793f841f5748aa9b38,Verbo
fr,French,de,de,@pr:pres_de,,190,0.936,0.938,4.87,782,dbdfba1a493493adbbd2079edf0383a9,@pr:pres_de
fr,French,midi,midi,n,m;*numb,101,0.9373,0.9403,3.22,783,56ffeda1604e814d9015f051aaf9b984,Substantivo
fr,French,vert,vert,n,m;*numb,734,0.9376,0.9418,3.24,784,756ff9eaf1b854eb48951b8ef6e4f6cf,Substantivo
fr,French,vache,vache,n,f;sg,2251,0.9379,0.9431,6.6,785,7aa2228c30f03c74ba51ba58a7159782,Substantivo
fr,French,parler,parler,vblex,pri;*pers;*numb,645,0.938,0.9388,12.52,786,9442e5e602094ee1840f369791a0dae8,Verbo
fr,French,pêche,pêche,n,f;sg,2204,0.9386,0.9476,5.22,787,6338f773dda79ffc8ce41bae0143b410,Substantivo
fr,French,affirmer,affirmer,vblex,pri;*pers;*numb,156,0.9386,0.9383,3.34,787,efe7c692f0e92180aecd51929e5b3fbc,Verbo
fr,French,d'accord,d'accord,adv,,5142,0.9386,0.9378,10.08,787,fa60eb781d24b892375c5e2e8eeb7009,Advérbio
fr,French,demander,demander,vblex,pri;*pers;*numb,144,0.9387,0.9419,3.48,790,e0d094f10a452d95f4c3e6753d84ec5e,Verbo
fr,French,français,français,adj,*gndr;*numb,368,0.9389,0.9359,2.58,791,83b562bfec95ac47b6d97f122028ed63,Adjetivo
fr,French,simple,simple,adj,mf;*numb,306,0.939,0.9329,2.19,792,87840175fb2cb6ddc396c8d4a063c158,Adjetivo
fr,French,sauce,sauce,n,f;sg,1859,0.9393,0.9486,4.26,793,616eeefbd2125ebfac718b6e198e4203,Substantivo
fr,French,respecter,respecter,vblex,pri;*pers;*numb,611,0.9395,0.9411,5.08,794,b0c74773057b665b4d85d9be88ada395,Verbo
fr,French,apporter,apporter,vblex,pri;*pers;*numb,591,0.9397,0.9432,2.56,795,1d63ff4cc00ce8d9028cf7242aee5f78,Verbo
fr,French,entrer,entrer,vblex,pri;*pers;*numb,510,0.94,0.9468,4.17,796,2ab9354ca457363cf576534b0193c2a0,Verbo
fr,French,grandes,grand,adj,f;pl,1559,0.9404,0.9402,5.7,797,ad8bf6d449c71d9fb3f2ed13171e27bd,Adjetivo
fr,French,vendre,vendre,vblex,inf,204,0.9408,0.9314,4.89,798,ba5f3d2ab66e75998d39c64b3f0aa3b0,Verbo
fr,French,revoir,revoir,@ij:au_revoir,,1749,0.9411,0.9419,8.49,799,6d7fd372762b0ca7d31a1ca990833b5e,@ij:au_revoir
fr,French,après,après,pr,,301,0.9413,0.9525,5.12,800,16a2239ff4c80665f2c34e0635c044e3,Preposição
fr,French,marcher,marcher,vblex,pri;*pers;*numb,766,0.9413,0.9432,4.82,800,f6c08e6ee14cd0e7e3a36a26667cd706,Verbo
fr,French,papa,papa,n,m;*numb,121,0.9415,0.9471,3.64,802,51bd492e5d28f1ed09e7bce9d33c25f5,Substantivo
fr,French,clair,clair,adj,*gndr;*numb,279,0.9416,0.9358,2.91,803,c9f58440ef9edc7399f1488bf89c0e98,Adjetivo
fr,French,riche,riche,adj,mf;sg,1702,0.9417,0.9457,5.56,804,0dae20e36fa975d87253353117101c1b,Adjetivo
fr,French,pauvre,pauvre,adj,mf;*numb,360,0.9417,0.945,2.71,804,d7ddf693acf4f2fb7208bc497812836d,Adjetivo
fr,French,loup,loup,n,m;sg,211,0.9419,0.94,3.88,806,c1b49f127ee12bb83fb3c1f39796fa72,Substantivo
fr,French,bronzer,bronzer,vblex,pri;*pers;*numb,138,0.942,0.9515,3.15,807,4dea0a9d04c786f931dd174b83fc8db9,Verbo
fr,French,proposer,proposer,vblex,pri;*pers;*numb,392,0.942,0.9452,3.71,807,f2eaddcb2096876ec938289a2999c610,Verbo
fr,French,huile,huile,n,f;sg,278,0.9424,0.9409,2.66,809,e04f29c77309355887165d1fe99265f3,Substantivo
fr,French,adieu,adieu,n,m;sg,5173,0.9425,0.9496,12.73,810,aba6c498a63403a438acda191e90d89c,Substantivo
fr,French,appeler,appeler,vblex,pri;*pers;*numb,545,0.9425,0.9447,3.81,810,ec3bf0aff1f9c75a64d44ac1f13289f0,Verbo
fr,French,parfaite,parfait,adj,f;sg,1397,0.9429,0.9465,7.82,812,52d4c71b837df8530f66d8c243eb13fc,Adjetivo
fr,French,ouvrir,ouvrir,vblex,pri;*pers;*numb,403,0.9437,0.934,2.88,813,ec7c15bc1937880d727b3d8170fa484e,Verbo
fr,French,sac,sac,n,m;*numb,1456,0.944,0.9436,3.41,814,bcccbf7e748f8127c1d0efda7472be63,Substantivo
fr,French,trouver,trouver,vblex,pri;*pers;*numb,509,0.945,0.943,3.78,815,de2c05828e013275bfc85f003bcbe99e,Verbo
fr,French,femme,femme,n,f;*numb,125,0.9467,0.9297,63.38,816,d846d248f0ed051e78fbd43edc2baf25,Substantivo
fr,French,qu',que,@cnj:du_fait_que,,177,0.9472,0.9342,4.33,817,5c68ad4668d78d165e7061afdb8f4c79,@cnj:du_fait_que
fr,French,finir,finir,vblex,pri;*pers;*numb,501,0.9473,0.9454,3.51,818,c7387a43f39a981ac2015e36942d43ee,Verbo
fr,French,samedi,samedi,n,m;*numb,108,0.9475,0.947,3.83,819,56167aa33cb0d54ceccf84bd0b2038a8,Substantivo
fr,French,impossible,impossible,adj,mf;*numb,289,0.9478,0.9479,3.83,820,9ca2998ac7591f7b8f7a5852cafe188d,Adjetivo
fr,French,commander,commander,vblex,pri;*pers;*numb,491,0.9478,0.9465,3.38,820,ad0bd400d8339c6cbd1ef0df4137f081,Verbo
fr,French,liquide,liquide,adj,mf;sg,1066,0.949,0.9561,3.75,822,2b8438e5a037f8442a8d9315040edab7,Adjetivo
fr,French,mari,mari,n,m;*numb,117,0.9491,0.9474,3.97,823,b9cee7d3d81af44822e3e9da4d95bbad,Substantivo
fr,French,ajouter,ajouter,vblex,pri;*pers;*numb,288,0.9497,0.9557,2.61,824,c5b262b2e316881c0270b72fdaceb233,Verbo
fr,French,parapluie,parapluie,n,m;*numb,146,0.9498,0.9548,3.49,825,fa262eac46c8e2065c87a056591cc7dc,Substantivo
fr,French,biscuit,biscuit,n,m;sg,228,0.9499,0.946,4.49,826,011c3028567e7af6149197a4f741d2b8,Substantivo
fr,French,je,je,prn,tn;p1;mf;sg,14775,0.95,0.9518,15.93,827,7a271d40b9230ab5e12de433c00506fa,Pronome
fr,French,drôle,drôle,adj,mf;*numb,187,0.9501,0.9627,2.68,828,51c5dfeaa62e1e7666637257951d6ca0,Adjetivo
fr,French,que,que,@cnj:du_fait_que,,178,0.951,0.9347,4.2,829,16199c0588a6349798e8509941ec82bb,@cnj:du_fait_que
fr,French,difficile,difficile,adj,mf;*numb,310,0.9515,0.9423,2.34,830,5580c1d4ddc76429e1808bde325b8743,Adjetivo
fr,French,bonjour,bonjour,ij,,6088,0.952,0.95,9.47,831,af14b4e16acb4132ed19d8254d2bc59b,ij
fr,French,sensible,sensible,adj,mf;*numb,205,0.952,0.9604,2.4,831,e5a5a20f7179baa3dfc9a25b77e4584a,Adjetivo
fr,French,arriver,arriver,vblex,pri;*pers;*numb,184,0.952,0.9541,3.46,831,e78b8c9e667c6f4282390f15bf9cc8ec,Verbo
fr,French,cinq,cinq,num,mf;sp,109,0.9526,0.9455,8.85,834,865ff3a09ff08e7b92733baae2799ce9,Numeral
fr,French,important,important,adj,*gndr;*numb,301,0.9535,0.9527,2.0,835,cb909bf59ee1402786fd6f2e3884ab10,Adjetivo
fr,French,plaît,plaire,@adv:s_il_te_plait,,1676,0.954,0.9446,5.65,836,3c406058dc4a0cb7238656843e015f0c,@adv:s_il_te_plait
fr,French,réserver,réserver,vblex,pri;*pers;*numb,114,0.9547,0.9481,2.81,837,1df5eb47bb8c9efd25420fbeee6b0549,Verbo
fr,French,bien,bien,adj,mf;sp,376,0.9547,0.9604,3.37,837,e170251a5b261e2159abc6c8d0f4ab62,Adjetivo
fr,French,seconde,seconde,n,f;*numb,139,0.958,0.9529,4.29,839,938bf58b7ba06bc3916898c96cc8c851,Substantivo
fr,French,jouer,jouer,vblex,pri;*pers;*numb,168,0.9583,0.9565,3.11,840,dddd1ad8f80a907654cf0eb21d7ef78f,Verbo
fr,French,commencer,commencer,vblex,pri;*pers;*numb,512,0.9584,0.9562,3.32,841,f1849abba598adf4790050df472df6a7,Verbo
fr,French,parfait,parfait,adj,m;sg,1610,0.9585,0.9524,4.95,842,4f6d1c5e51311ed7f0967f8d758049e7,Adjetivo
fr,French,simplement,simplement,adv,,113,0.9587,0.9583,5.48,843,588c236531d9ba5c05efdfb165e5c90b,Advérbio
fr,French,gris,gris,adj,*gndr;*numb,129,0.9593,0.9524,2.28,844,7b0a123bcbb3cec576e65f40c37c1242,Adjetivo
fr,French,douter,douter,vblex,pri;*pers;*numb,140,0.9601,0.9476,3.56,845,fe97f435dc39dd3a6aea6fe2e718d093,Verbo
fr,French,terminer,terminer,vblex,pri;*pers;*numb,401,0.9607,0.9564,3.67,846,4083ec35f7700f9794d197d11d38a15f,Verbo
fr,French,fort,fort,adj,*gndr;*numb,319,0.9608,0.9619,14.68,847,87dbb14b130229dcc752426059625ee3,Adjetivo
fr,French,blonde,blond,adj,f;sg,1181,0.9608,0.9609,7.07,847,994c2dab385b1fdbc7116f6f7d9bab09,Adjetivo
fr,French,sommes,être,vbser,pri;p1;pl,2778,0.9612,0.954,3.63,849,ec1f01ba2a60b975d4eaa7ec5df9ef6e,vbser
fr,French,riches,riche,adj,mf;pl,1288,0.9616,0.9583,4.99,850,d9277f61d9ea7c4bc8018cbe3ca8f476,Adjetivo
fr,French,bienvenue,bienvenue,n,f;sg,5158,0.9617,0.962,9.48,851,0b1edc026029c010555cfc22f54ee25f,Substantivo
fr,French,pardon,pardon,n,m;sg,5363,0.9636,0.9696,10.5,852,4cf7cc58a60045f4396136f6368d8d41,Substantivo
fr,French,rapide,rapide,adj,mf;*numb,272,0.9638,0.9539,2.61,853,977b4dca2f7ad0bb2b75d1759857c014,Adjetivo
fr,French,anglais,anglais,adj,f;*numb,240,0.9639,0.96,3.93,854,4b42884990c58219d39056541d74bcd3,Adjetivo
fr,French,que,que,@cnj:parce_que,,144,0.9647,0.9651,3.99,855,04a06a585b9c3d0249bba72cb7527722,@cnj:parce_que
fr,French,violet,violet,adj,*gndr;*numb,143,0.965,0.9627,2.57,856,a4f00e3918009c28e7977e5577b03e1d,Adjetivo
fr,French,premier,premier,adj,*gndr;*numb,286,0.9664,0.9637,3.21,857,f59d2d7c07f8dbab2ccfc1861c662300,Adjetivo
fr,French,italien,italien,adj,*gndr;*numb,244,0.9679,0.9655,2.23,858,d134b237f2ca6f29b0c095a804107ac1,Adjetivo
fr,French,habiter,habiter,vblex,pri;*pers;*numb,100,0.97,0.9746,2.23,859,66dd36478c03d853dab81290774cec4e,Verbo
fr,French,français,français,adj,m;sp,145,0.9707,0.9701,2.75,860,74135e858d8594ef460d36c4022a9015,Adjetivo
fr,French,gant,gant,n,m;*numb,139,0.9712,0.9573,3.12,861,7877334472423f2f7f931494c3d8c864,Substantivo
fr,French,expliquer,expliquer,vblex,pri;*pers;*numb,116,0.9713,0.976,2.41,862,769cc9c319f493702822bd3ed2361ec1,Verbo
fr,French,qu',que,@cnj:parce_que,,144,0.9739,0.9699,4.31,863,4de1e10598145cc1f36b678dea2f63bd,@cnj:parce_que
fr,French,visiter,visiter,vblex,pri;*pers;*numb,400,0.9754,0.9711,2.41,864,d50a8b0ae9b88ebee3e8f76fdf67c6ee,Verbo
fr,French,mariage,mariage,n,m;*numb,103,0.9767,0.9722,5.38,865,26797fde472c1402677845ef8904712d,Substantivo
fr,French,tigre,tigre,n,m;sg,232,0.9774,0.9793,3.87,866,1112c11da81b8f6bf3ed74b5891f0ebd,Substantivo
fr,French,veste,veste,n,f;*numb,142,0.98,0.9752,3.25,867,76b80deb9d484374d40da808e022bd0d,Substantivo
fr,French,travailler,travailler,vblex,pri;*pers;*numb,158,0.981,0.982,2.66,868,f875547ccc3c22cbd7638284371da214,Verbo
fr,French,costume,costume,n,m;*numb,138,0.9891,0.9863,2.94,869,f48c5c0059013652e3292e3fe928e396,Substantivo
it,Italian,ci,ci,prn,pro;p1;mf;pl,202,0.7061,0.7336,8.84,1,f0d427c8af1a446d78a2fb5e06120fd0,Pronome
it,Italian,lo,lo,prn,pro;p3;m;sg,171,0.7154,0.7511,7.57,2,09981b3f4e5e67a8522b14823718292d,Pronome
it,Italian,li,lo,prn,pro;p3;m;pl,109,0.7248,0.746,5.02,3,430ea5525cec3ba5df0d3532a7514bbd,Pronome
it,Italian,piacere,piacere,vblex,pri;*pers;*numb,382,0.7282,0.7268,3.46,4,60e6e0d1a6fd75403cd32000e8692751,Verbo
it,Italian,proprio,proprio,adv,,121,0.7342,0.747,6.41,5,56e249bcab4242ec16f4dc62ec240e49,Advérbio
it,Italian,pure,pure,adv,,135,0.7426,0.7473,6.83,6,1b7df4a85f81c2cde27900a70c31556b,Advérbio
it,Italian,gli,gli,prn,pro;p3;m;sg,159,0.7547,0.7902,7.35,7,d6152a40614aace431bfa70d8aaebc3b,Pronome
it,Italian,mancare,mancare,vblex,pri;*pers;*numb,136,0.7684,0.7762,4.18,8,5e601a56c700175ec3358db6bff387c6,Verbo
it,Italian,anche,anche,adv,,170,0.7765,0.7925,7.66,9,b295783f7e9e5a1dea49ec9e51c5b354,Advérbio
it,Italian,nipote,nipote,n,*gndr;*numb,131,0.7837,0.7794,2.6,10,d524ebd90dada2c781d8e79d6179694f,Substantivo
it,Italian,maiale,maiale,n,m;sg,1271,0.7906,0.8042,6.28,11,4304ebcc10ea981b416d5f65391da881,Substantivo
it,Italian,fino,fino,pr,,336,0.7944,0.8101,4.7,12,9db8011b8a1088c5d7a48c0876d27898,Preposição
it,Italian,nei,in,pr,+il<det;def;m;pl,224,0.7949,0.8133,5.63,13,44d2a8d5fcb735d5be99c0be247097bd,Preposição
it,Italian,nelle,in,pr,+il<det;def;f;pl,315,0.7993,0.8138,5.59,14,f646cef1b1d4a2c1eb0a77cbabc28d10,Preposição
it,Italian,cosa,cosa,n,f;*numb,130,0.8,0.7938,4.3,15,e3357bcfd111edd0d1a060f826a7ed7f,Substantivo
it,Italian,suonare,suonare,vblex,pri;*pers;*numb,116,0.806,0.8051,2.72,16,130326be3f5596c13be457e57413c9c1,Verbo
it,Italian,si,si,prn,pro;ref;p3;mf;sp,199,0.8065,0.8069,8.28,17,f7ad4378488bf904dd4e6d112ff45109,Pronome
it,Italian,dagli,da,pr,+il<det;def;m;pl,204,0.8134,0.8278,7.04,18,47cbeb591f248da14f64f7916845a185,Preposição
it,Italian,suoi,suo,det,pos;m;pl,1133,0.8168,0.8276,6.67,19,9b14cdb2c1815bc29a503318be1f0bc0,Determinante
it,Italian,ti,ti,prn,pro;p2;mf;sg,148,0.8176,0.8513,6.89,20,3b32bec0dafada21c3d05890229b57ed,Pronome
it,Italian,a,a,pr,,392,0.8181,0.8466,8.68,21,78d97fd307c63c85ba970ff7a8658b88,Preposição
it,Italian,subito,subito,adv,,124,0.8199,0.8596,5.72,22,c1755ab0c6e6078c77399e7c1bb829e5,Advérbio
it,Italian,tardi,tardi,adv,,211,0.8223,0.8283,3.83,23,96dca7ec15265b3ba4d5d30d5762c0f4,Advérbio
it,Italian,più,più,adv,,375,0.8242,0.8343,12.3,24,98f26e95402f11daa253cdfe0d5e8ddd,Advérbio
it,Italian,occhiale,occhiale,n,m;*numb,120,0.825,0.8372,4.04,25,276598aa526cf531bf27a78173452baf,Substantivo
it,Italian,oltre,oltre,adv,,101,0.8251,0.8333,4.98,26,3bcdbe1e1cd3d781c80bfcaa3bf38a8f,Advérbio
it,Italian,dai,da,pr,+il<det;def;m;pl,332,0.828,0.8432,6.17,27,4e3f49577d848a3e82f8e6958b946dd4,Preposição
it,Italian,sicuramente,sicuramente,adv,,112,0.8298,0.8389,5.86,28,223495edaad70db492b19fac85b1b80f,Advérbio
it,Italian,prigione,prigione,n,f;*numb,138,0.8307,0.8375,4.52,29,7ed56967ac219ba9bfd222a9d3233afe,Substantivo
it,Italian,di,di,pr,,429,0.8308,0.8383,9.0,30,93f9766084f4da7a2e7e17a6018332aa,Preposição
it,Italian,giugno,giugno,n,m;*numb,174,0.8314,0.8307,4.04,31,afee676869e884a37e8f104f76e617ed,Substantivo
it,Italian,stesso,stesso,adj,*gndr;*numb,128,0.832,0.8321,3.06,32,09a41405a5d05cfedb4d93d103799c21,Adjetivo
it,Italian,specchio,specchio,n,m;*numb,149,0.8322,0.8323,3.84,33,e8cd47065f9894fd2e8e6a0137cedf9d,Substantivo
it,Italian,proprio,proprio,det,pos;m;sg,913,0.8333,0.8429,5.88,34,e59d00d6a4ca46c9653461fd6225f9c4,Determinante
it,Italian,cappotto,cappotto,n,m;*numb,722,0.8349,0.8359,4.16,35,440ce41cee240454b23ba6299ff56794,Substantivo
it,Italian,suo,suo,prn,pos;m;sg,1038,0.8351,0.8519,6.66,36,94a605b933d1f32be0995f8980162e45,Pronome
it,Italian,neanche,neanche,adv,,126,0.836,0.8554,6.43,37,1d64f9af321bc31b969f1262568672f3,Advérbio
it,Italian,sui,su,pr,+il<det;def;m;pl,239,0.836,0.8513,7.71,37,e92b6547f7d453c8549159d5d829ddf1,Preposição
it,Italian,su,su,pr,,300,0.8364,0.8562,6.82,39,71971db81a2353ac47cb3542b6a9cd92,Preposição
it,Italian,dei,di,pr,+il<det;def;m;pl,1194,0.838,0.8515,8.57,40,b5edbd8efc1d37dde6fac38d978366cb,Preposição
it,Italian,bicchiere,bicchiere,n,m;sg,1766,0.8387,0.8503,6.36,41,3381865bed47a3bd9fcfb725efe8ab5c,Substantivo
it,Italian,otto,otto,num,mf;sp,102,0.8391,0.8333,6.34,42,d630c211eefc8ee0981dff20b28fd1a2,Numeral
it,Italian,asciugamano,asciugamano,n,m;*numb,142,0.8392,0.8491,4.8,43,0d90605dbe0ef60994bba971119a6453,Substantivo
it,Italian,abbigliamento,abbigliamento,n,m;*numb,669,0.8392,0.8393,4.54,43,fcc4527ba312832af9311118cfc7fa1e,Substantivo
it,Italian,cuoio,cuoio,n,m;*numb,720,0.8394,0.8436,3.98,45,6bb613377ce5ba41cb1fd2c8c9af2e1b,Substantivo
it,Italian,rosa,rosa,adj,*gndr;*numb,452,0.8411,0.841,2.67,46,bad37386f225eda2ef8f33d968732778,Adjetivo
it,Italian,del,di,pr,+il<det;def;m;sg,285,0.8412,0.8467,5.95,47,ea6f504c588ace9d35458860c6964508,Preposição
it,Italian,offrire,offrire,vblex,pri;*pers;*numb,104,0.8413,0.8547,2.75,48,a0ba31df435a74f947b302699adfc07a,Verbo
it,Italian,ora,ora,adv,,308,0.8413,0.8492,6.8,48,dd1d6dd88127b9c5dfdf3f93da780fa7,Advérbio
it,Italian,né,né,cnjcoo,,635,0.8416,0.8479,7.87,50,e43a2a7273c50c286e9ba8e0d500c449,Conjunção
it,Italian,sin,sin,pr,,369,0.8425,0.8586,6.04,51,0c7ff1e2c27fe8fca7e8f4b7f019cb22,Preposição
it,Italian,sorella,sorella,n,f;*numb,287,0.8425,0.8459,6.4,51,b8be7167d8f6c8ebb614d758c8cf084c,Substantivo
it,Italian,sua,suo,det,pos;f;sg,1074,0.8429,0.8547,7.56,53,9183615cf74f8c434361d66794640df8,Determinante
it,Italian,età,età,n,f;sp,151,0.8433,0.8361,6.75,54,bd9654b714bd8b84b834e8e682d11299,Substantivo
it,Italian,se,se,cnjadv,,613,0.8437,0.8625,7.83,55,b52459eb3d541e9caa34348a9067ace3,cnjadv
it,Italian,albergo,albergo,n,m;*numb,173,0.8449,0.844,5.52,56,09409a2236dff913da999d8d075cf156,Substantivo
it,Italian,loro,loro,det,pos;mf;sp,919,0.8458,0.8616,6.75,57,eee622647a0ebe57ded876bdc7c4857e,Determinante
it,Italian,presto,presto,adv,,265,0.8465,0.863,6.59,58,5d17260fa4a452f0aac78935672ae7b9,Advérbio
it,Italian,negli,in,pr,+il<det;def;m;pl,213,0.8467,0.8644,5.45,59,588df91ad5322a90231c70306f83756b,Preposição
it,Italian,cucchiaio,cucchiaio,n,m;sg,1171,0.8474,0.8542,5.34,60,ca400aacf90c11aa66442ca4e2136c4e,Substantivo
it,Italian,però,però,adv,,140,0.8474,0.8466,6.31,60,e73654fa38b7088bb0245a96878fc47a,Advérbio
it,Italian,fortunatamente,fortunatamente,adv,,113,0.8481,0.8516,5.99,62,a4c5c10af043641eaf02b7ce2cb0a8e0,Advérbio
it,Italian,che,che,cnjsub,,619,0.8483,0.8551,10.21,63,49b0edc878fa7adea93353f2bd397e6e,Conjunção
it,Italian,bene,bene,adv,,122,0.8497,0.8497,6.44,64,40ff2c184895ed9a9a83751bb648dac4,Advérbio
it,Italian,cappello,cappello,n,m;*numb,831,0.8498,0.8539,4.37,65,97c3a561e7f2c2bdf06e34f003caa3dc,Substantivo
it,Italian,strada,strada,n,f;*numb,141,0.8499,0.8462,4.05,66,502aef11287778924db699180f8a6241,Substantivo
it,Italian,stadio,stadio,n,m;*numb,124,0.8508,0.8639,4.25,67,5c175e1f24b90fec97d1f068a1038514,Substantivo
it,Italian,dello,di,pr,+il<det;def;m;sg,244,0.8513,0.8711,5.53,68,5d3da60fd2c08652fcce653989a2e758,Preposição
it,Italian,quanta,quanto,prn,itg;f;sg,847,0.8518,0.8647,6.92,69,5e253ce1d200d3828aefe1e65219c341,Pronome
it,Italian,tanto,tanto,adv,,123,0.8523,0.8778,5.67,70,9a5681fdee8b6fb4b156b15f9beb0909,Advérbio
it,Italian,ragno,ragno,n,m;sg,1585,0.8537,0.8607,5.15,71,68cb20b97b2f14fc1c932e4607e542de,Substantivo
it,Italian,sala,sala,n,f;*numb,137,0.854,0.863,3.82,72,f5a5d2c62ebfec2a17cb222ec1db081a,Substantivo
it,Italian,villaggio,villaggio,n,m;*numb,116,0.8549,0.8571,3.63,73,57a5d851f97c047c7fe6ac95e2c7eeb1,Substantivo
it,Italian,miglio,miglio,n,m;sg,231,0.855,0.8701,5.0,74,3237b9150ebfaa5aa36decf4cead57c0,Substantivo
it,Italian,attualmente,attualmente,adv,,111,0.8551,0.8609,5.94,75,79d089587698b093fad6cb8f4f8912fe,Advérbio
it,Italian,acido,acido,adj,m;sg,999,0.8552,0.8697,4.71,76,883c27a8091336f881fe7b59c86025d1,Adjetivo
it,Italian,idraulico,idraulico,n,m;*numb,182,0.8553,0.8621,3.92,77,f81f1095a8e21ee9a6d0ab811c631ef1,Substantivo
it,Italian,scrittore,scrittore,n,*gndr;*numb,225,0.8556,0.8554,4.05,78,3aef6d1e87063f63516191d9d085224b,Substantivo
it,Italian,delle,di,pr,+il<det;def;f;pl,1024,0.8562,0.8665,7.18,79,9905be99f2175243f6d835f9160ac9fb,Preposição
it,Italian,ad,a,pr,,286,0.8565,0.867,4.72,80,6e36fa7c03e819c7622c23cc681f8337,Preposição
it,Italian,operaio,operaio,n,*gndr;*numb,195,0.8573,0.8578,3.69,81,8bb38dfbaf6c9adbe089e1a037ebb868,Substantivo
it,Italian,sabato,sabato,n,m;*numb,236,0.8591,0.8598,5.96,82,ea1f07a6a161ff8097175391b4fc4c4a,Substantivo
it,Italian,domenica,domenica,n,f;*numb,215,0.8591,0.8638,6.1,82,ede0150904f829a506fa006f0f1fc6a3,Substantivo
it,Italian,latta,latta,n,f;sg,1779,0.8598,0.8831,6.4,84,5d09ea8ec2581f32fbfd1ce09fc21221,Substantivo
it,Italian,come,come,adv,,1396,0.8608,0.8608,9.55,85,c609d2436b8af239c85c24c7a3d90292,Advérbio
it,Italian,gioielleria,gioielleria,n,f;*numb,734,0.8609,0.8695,4.91,86,9b31cb57bee2a414308f34f06be3350c,Substantivo
it,Italian,regione,regione,n,f;*numb,128,0.8617,0.8671,3.49,87,92df18a72b85ab04ee71898b426490e4,Substantivo
it,Italian,ciotola,ciotola,n,f;sg,2004,0.8617,0.8737,5.79,87,c658a3269748ebb5e47c7c59772b233e,Substantivo
it,Italian,fratello,fratello,n,m;*numb,293,0.8623,0.8638,5.22,89,9d0af6e49b0a014e9a11fddfd4216ed4,Substantivo
it,Italian,madre,madre,n,f;*numb,285,0.8623,0.8685,6.23,89,e3a409c15ee8dc601ece29900202eefb,Substantivo
it,Italian,centro,centro,n,m;*numb,120,0.8625,0.8527,3.32,91,1aa3f4de48b599e834076fbf1e6fbbc6,Substantivo
it,Italian,arrosto,arrosto,adj,m;sg,1198,0.8627,0.8588,7.8,92,625f28ddf739ed244bc52bac07c06f55,Adjetivo
it,Italian,mese,mese,n,m;*numb,216,0.863,0.8734,5.59,93,13afa65158c7762370ac59a0e3a5f07b,Substantivo
it,Italian,nonno,nonno,n,*gndr;*numb,279,0.8638,0.8664,4.24,94,97f73448b7e44a7459e109f23272a52b,Substantivo
it,Italian,per,per,pr,,452,0.8639,0.8779,8.12,95,5f4355aad844686519911c41543174bc,Preposição
it,Italian,cosa,cosa,prn,itg;mf;sg,1202,0.8639,0.8779,9.74,95,656461f0c3b313040fe7ef7eee5c8bf4,Pronome
it,Italian,stasera,stasera,adv,,260,0.8644,0.8727,6.28,97,2c2ca0b7c9ab38a3bb8eebc569b59e54,Advérbio
it,Italian,spuntino,spuntino,n,m;sg,1132,0.8644,0.8689,5.27,97,d4d8cb6862351bf02bda5dcbf3224d11,Substantivo
it,Italian,tetto,tetto,n,m;*numb,153,0.8644,0.8571,4.29,97,d57f40ce8391d4b02771eea4a9072ab1,Substantivo
it,Italian,centimetro,centimetro,n,m;*numb,172,0.8648,0.8684,4.61,100,e735a11d753365481b728f3eaadb6d63,Substantivo
it,Italian,marmellata,marmellata,n,f;sg,1386,0.8651,0.8815,8.04,101,ade0607f606b626d07bbba52b8c0aaa7,Substantivo
it,Italian,prossimo,prossimo,adj,*gndr;*numb,119,0.8655,0.8769,3.71,102,aa85b54e14332f92d87af3c0818a9991,Adjetivo
it,Italian,sullo,su,pr,+il<det;def;m;sg,257,0.8658,0.8761,6.05,103,7afe5be4e22003df093fd609331a703b,Preposição
it,Italian,mangiano,mangiare,vblex,pri;p3;pl,2513,0.8659,0.8705,7.95,104,9b2efa8d46360ae40a440843e0d8a08e,Verbo
it,Italian,mi,mi,prn,pro;p1;mf;sg,154,0.867,0.8832,7.47,105,1fbdb798f36804ce35d6e087e94f9892,Pronome
it,Italian,fra,fra,pr,,391,0.8673,0.8863,6.57,106,bbad35ca90aa047240dba82c3840a278,Preposição
it,Italian,allora,allora,adv,,122,0.8674,0.8488,7.65,107,27e2f9befa886395b45ed3b44c65d4d8,Advérbio
it,Italian,nonostante,nonostante,pr,,248,0.8676,0.8806,5.0,108,75b0f3672f5fdf015b3add7e0dcce900,Preposição
it,Italian,quali,quale,prn,itg;mf;pl,828,0.868,0.872,6.09,109,94c24a9b1b3f6fa48234fd733c770cc3,Pronome
it,Italian,bevono,bere,vblex,pri;p3;pl,3134,0.8682,0.8822,9.73,110,25616093938c98ae27514957f64b6084,Verbo
it,Italian,aggiungere,aggiungere,vblex,pri;*pers;*numb,148,0.8682,0.8773,4.08,110,5b2f46631a1d1a9bdc2694382c322590,Verbo
it,Italian,serpente,serpente,n,m;sg,1685,0.8682,0.8788,6.37,110,d70d8f0c9146be0f5ab0e7dae71bb476,Substantivo
it,Italian,paese,paese,n,m;*numb,132,0.8687,0.8652,3.64,113,c6494e5a6deb7014ac121aa845a0e76b,Substantivo
it,Italian,cancello,cancello,n,m;*numb,141,0.8688,0.8766,4.79,114,5f2ac1482a9e2aa9d35406d514633363,Substantivo
it,Italian,tempo,tempo,n,m;*numb,187,0.869,0.8667,5.75,115,f1b4eed7be1b28a5e792458d2ad00de1,Substantivo
it,Italian,sono,essere,vbser,pri;p1;sg,8725,0.8693,0.8801,19.6,116,418101d9be14cf5e53ad57ac4f8f4258,vbser
it,Italian,pulire,pulire,vblex,inf,303,0.8694,0.8853,7.38,117,bd39db65190196291c1c7769c3aa818d,Verbo
it,Italian,non,non,adv,,3891,0.8697,0.87,17.23,118,6c3d0d27dcd0bb523ea337052b2d5b22,Advérbio
it,Italian,è,essere,vbser,pri;p3;sg,5491,0.8698,0.8817,14.74,119,1bae0c85b056423560ddb9623f23773f,vbser
it,Italian,forma,forma,n,f;*numb,123,0.8699,0.8769,3.72,120,c43ea728af67c39494d97d7091ad5601,Substantivo
it,Italian,insomma,insomma,adv,,130,0.8705,0.8718,5.09,121,5577159c12ea68a203d9320b5360c3e8,Advérbio
it,Italian,i,il,det,def;m;pl,7090,0.8706,0.8784,18.17,122,cea0acb218d395e93ed197221932f5dc,Determinante
it,Italian,nostro,nostro,det,pos;m;sg,1166,0.8708,0.8826,9.71,123,c27ffe7da39b5809d5eee031bdf6951c,Determinante
it,Italian,borsellino,borsellino,n,m;*numb,608,0.8709,0.8771,4.13,124,956777463e8fa7662c7a1847d7239f99,Substantivo
it,Italian,finché,finché,cnjsub,,594,0.8711,0.8839,8.48,125,4a2e9afd15ab82dcabb38619c9418790,Conjunção
it,Italian,mio,mio,prn,pos;m;sg,1609,0.8713,0.8788,10.47,126,3396e418494b907454996ed8a456b27a,Pronome
it,Italian,ingrediente,ingrediente,n,m;sg,1428,0.8713,0.8867,7.87,126,6bcabcdea05c2c361a280ec489b01805,Substantivo
it,Italian,niente,niente,adv,,171,0.8714,0.885,8.6,128,bcacf4a808b87823fc51054dc20b8024,Advérbio
it,Italian,vostro,vostro,det,pos;m;sg,867,0.8714,0.8778,6.44,128,df596181b00bdb1ecec886e881e434a2,Determinante
it,Italian,limone,limone,n,m;sg,1182,0.8715,0.8702,5.95,130,9ad5399657d1e60285e5539b2bd63ca4,Substantivo
it,Italian,mai,mai,adv,,178,0.8717,0.8707,8.69,131,fa2276992f03ae5a411bec905b598011,Advérbio
it,Italian,ed,ed,cnjcoo,,834,0.8719,0.8825,13.27,132,f3a650fe9fb5a88cd459adcd8945d789,Conjunção
it,Italian,guardia,guardia,n,f;*numb,195,0.8726,0.8831,4.07,133,f1cbc8e961c6130cf7b06025cd1610ce,Substantivo
it,Italian,le,gli,prn,pro;p3;f;sg,111,0.8739,0.876,3.51,134,cff791ea219124684ea3177dfb5e09ae,Pronome
it,Italian,mattina,mattina,n,f;*numb,206,0.8742,0.8798,4.34,135,40295f54ba7ef82eed624faa61d897c5,Substantivo
it,Italian,meno,meno,adv,,344,0.8743,0.8996,10.17,136,e7e619754822505b8d0b702db95eb2b7,Advérbio
it,Italian,spesso,spesso,adv,,117,0.8746,0.891,6.28,137,3b5390d83ced303418db5466444177e2,Advérbio
it,Italian,biscotto,biscotto,n,m;sg,1939,0.8751,0.8777,6.7,138,15f962d0625bff96e695a60fba7e2721,Substantivo
it,Italian,tavola,tavola,n,f;*numb,171,0.8752,0.8763,4.51,139,c42a826dd110fc1abc85aa787631ef2e,Substantivo
it,Italian,alla,a,pr,+il<det;def;f;sg,268,0.8754,0.8917,6.71,140,e11bc887998f9470aecb77c41ce77f60,Preposição
it,Italian,giornali,giornale,n,m;pl,1698,0.8755,0.8827,8.12,141,88483a55479bd647e10fe99e17169416,Substantivo
it,Italian,postino,postino,n,m;*numb,213,0.8756,0.8761,3.41,142,1699b372ce2fa4bf8c3f51d3149aaa36,Substantivo
it,Italian,sulle,su,pr,+il<det;def;f;pl,227,0.8762,0.8879,7.14,143,883d031a8e9375884a440c58b2c9cb20,Preposição
it,Italian,cambiare,cambiare,vblex,pri;*pers;*numb,105,0.8762,0.8807,2.29,143,899e3b106a2ec79e3c9345aa8aff6839,Verbo
it,Italian,attraverso,attraverso,pr,,330,0.8765,0.8984,6.51,145,e795c9a831dfb5cf5f8838bff93b7543,Preposição
it,Italian,cipolla,cipolla,n,f;sg,1159,0.8769,0.8844,5.68,146,75e3e0a3b4ec564501a936c4514bccbc,Substantivo
it,Italian,dove,dove,rel,adv,122,0.877,0.9018,5.57,147,4100f549f0ff0ddcb749fbca0537e0fe,rel
it,Italian,adesso,adesso,adv,,124,0.877,0.8773,6.2,147,c7636e6850f939f5be153b9cb855f06d,Advérbio
it,Italian,tuoi,tuo,adj,pos;m;pl,936,0.8773,0.8808,6.19,149,37793561bfa473638481ff848d158c0b,Adjetivo
it,Italian,casa,casa,n,f;*numb,181,0.8775,0.8788,3.94,150,9fe7e3c8fc6119035c9e52a2f1c181cf,Substantivo
it,Italian,uccello,uccello,n,m;sg,1715,0.8776,0.8896,6.4,151,f5bc4621130722269115f852924eb136,Substantivo
it,Italian,anatra,anatra,n,f;sg,1635,0.8779,0.8891,6.19,152,3dfb6378dad72f58144f810d60a4dac1,Substantivo
it,Italian,in,in,pr,,345,0.8779,0.88,7.8,152,4974bbf6dba996cb29d938e920cfe273,Preposição
it,Italian,medio,medio,adj,*gndr;*numb,160,0.8781,0.8854,3.52,154,7bdee14db7dace35411357551eae9d6c,Adjetivo
it,Italian,ricevere,ricevere,vblex,pri;*pers;*numb,111,0.8784,0.875,3.52,155,a2efab430b26cc8cad860508982b2250,Verbo
it,Italian,mercoledì,mercoledì,n,m;sp,249,0.8786,0.8863,6.67,156,2f081591e13de4fb07241960d84600af,Substantivo
it,Italian,nello,in,pr,+il<det;def;m;sg,3208,0.8788,0.8784,6.23,157,2fb788e88a2e7521976c05edad689671,Preposição
it,Italian,propria,proprio,det,pos;f;sg,1027,0.8789,0.8818,6.56,158,531b3fb927dad23b97e1c5904ca650bc,Determinante
it,Italian,dallo,da,pr,+il<det;def;m;sg,257,0.8792,0.8841,5.22,159,ce4f31172a4bfc2efe50abe422dce42e,Preposição
it,Italian,ristorante,ristorante,n,m;sg,1318,0.8799,0.8844,6.63,160,d06265a483b720221997f754cbd8e5f4,Substantivo
it,Italian,nel,in,pr,+il<det;def;m;sg,2500,0.8803,0.8938,9.36,161,38790826f1d513fd5a3dd51cb6a74c6f,Preposição
it,Italian,mestiere,mestiere,n,m;*numb,209,0.8804,0.8921,4.48,162,b7e2e7dddef9305bd46e412a3f0c0214,Substantivo
it,Italian,abito,abito,n,m;*numb,647,0.8808,0.8854,3.73,163,7492e084876cdaf3d4efda476dba2660,Substantivo
it,Italian,oggi,oggi,adv,,543,0.881,0.8818,12.58,164,b243c9d90b1c161a4a44a1db12ccc403,Advérbio
it,Italian,ovunque,ovunque,adv,,101,0.8812,0.8947,5.27,165,031282d51b220492592920c37b6cd53f,Advérbio
it,Italian,mie,mio,det,pos;f;pl,2144,0.8814,0.882,12.41,166,5c7cbbb4a07d81e49af26cca998c6b65,Determinante
it,Italian,tuoi,tuo,det,pos;m;pl,1048,0.8815,0.8856,6.65,167,cf0119fc0c984e5313f4bf55fb23f788,Determinante
it,Italian,perdere,perdere,vblex,pri;*pers;*numb,114,0.8816,0.8862,2.63,168,ee51a9d422a2f6a48fa2df7d4bc91ae4,Verbo
it,Italian,gatti,gatto,n,m;pl,1453,0.8819,0.8896,6.85,169,32e62776fc77342ee3b54dc44571b454,Substantivo
it,Italian,suo,suo,det,pos;m;sg,1081,0.8819,0.8915,8.09,169,6e8563c20ce8ea0bf00697a80e594a19,Determinante
it,Italian,giornale,giornale,n,m;sg,3701,0.8819,0.8878,10.97,169,7cfeb3e5ea52792fa155eb94a3b4c0c7,Substantivo
it,Italian,tue,tuo,adj,pos;f;pl,936,0.882,0.8883,6.04,172,d670c4c363c1ff5089e296c4d5e89007,Adjetivo
it,Italian,ragazze,ragazzo,n,f;pl,2541,0.8825,0.8862,10.31,173,63a27707fe732896ff6b38fe7feeb23a,Substantivo
it,Italian,ho,avere,vblex,pri;p1;sg,2940,0.8826,0.8934,7.89,174,9065580655eda02c8076f9ccac5426a4,Verbo
it,Italian,benissimo,benissimo,adv,,116,0.8828,0.8827,6.38,175,5d0968723a9c0a2373da85148277f18b,Advérbio
it,Italian,poi,poi,adv,,167,0.8828,0.9008,7.68,175,835d40ee1ef8f8b7a2e22acda3d247d9,Advérbio
it,Italian,lì,lì,adv,,114,0.883,0.9007,5.81,177,73cd8be053f9b09db94bf0ac2242a81f,Advérbio
it,Italian,le,le,prn,pro;p3;f;sg,129,0.8836,0.8848,7.99,178,f2dd2b256cf7134247a7558801695d8e,Pronome
it,Italian,quante,quante,prn,itg;f;pl,824,0.8844,0.8896,6.04,179,ec87c08776d8f9fe673cbad65c6c92b4,Pronome
it,Italian,cani,cane,n,m;pl,1073,0.8845,0.8811,4.33,180,b2e29d6b477446936a479a8a5ed5f637,Substantivo
it,Italian,padre,padre,n,m;*numb,289,0.8849,0.8906,5.93,181,a6ff2c70dc886866c52c743474a441bd,Substantivo
it,Italian,siete,essere,vbser,pri;p2;pl,2471,0.885,0.8926,9.15,182,37bc94619d0b31ee77ca07d04f3e9c99,vbser
it,Italian,piatto,piatto,n,m;sg,2396,0.8852,0.8861,6.23,183,96ed34b4722d866997d35cc228e04d49,Substantivo
it,Italian,stazione,stazione,n,f;*numb,112,0.8854,0.8852,3.72,184,9a18428cda6a9d74984001f8a7fa4a04,Substantivo
it,Italian,fuori,fuori,adv,,190,0.8855,0.8746,7.95,185,577b6f0f194797c2ef9cff5fc83b52df,Advérbio
it,Italian,gli,il,det,def;m;pl,2883,0.8857,0.8947,8.58,186,e9c14cfc0fe740fb834cefa163199f7c,Determinante
it,Italian,uomini,uomo,n,m;pl,5464,0.886,0.895,18.8,187,471ee78d2bd4305cd16456a9c3ee10f4,Substantivo
it,Italian,sicuro,sicuro,adj,*gndr;*numb,114,0.886,0.9008,3.5,187,c0b02c9a350b1fb2ed0b17cefc03e11a,Adjetivo
it,Italian,posto,posto,n,m;*numb,141,0.8865,0.8904,3.71,189,786d4262d078e10c5f910d60ef9b45d5,Substantivo
it,Italian,miei,miei,prn,pos;m;pl,871,0.8869,0.8873,5.49,190,03f2477068c3fd59bfe24a1b39e4d4ce,Pronome
it,Italian,sull',su,pr,+il<det;def;mf;sg,238,0.8869,0.8958,5.27,190,9e6214c54509cd05e0f00133ed0a94a3,Preposição
it,Italian,il,il,det,def;m;sg,10669,0.8874,0.8885,20.64,192,4484596464a7bc250ccc3e48d5e8d7e9,Determinante
it,Italian,elefanti,elefante,n,m;pl,1232,0.8877,0.8879,4.98,193,c16b0a03feec336b68de393a29cf77d3,Substantivo
it,Italian,ai,a,pr,+il<det;def;m;pl,1217,0.8878,0.8939,5.58,194,68068f23a941dfbd675adafec72c45a7,Preposição
it,Italian,soltanto,soltanto,adv,,114,0.8882,0.8844,4.9,195,8149e431727767242ca3cef5e54fd390,Advérbio
it,Italian,degli,di,pr,+il<det;def;m;pl,324,0.8883,0.8939,6.54,196,d519e6b2534b6e38853df1d950ebd566,Preposição
it,Italian,patente,patente,n,f;*numb,103,0.8883,0.8889,3.45,196,da7666a11f6ee39e552e86a5cac2c414,Substantivo
it,Italian,palazzo,palazzo,n,m;*numb,121,0.8884,0.8871,3.65,198,e75654580ae8e408008225853e887e5e,Substantivo
it,Italian,d',di,pr,,248,0.8888,0.894,6.57,199,11a42adad4515ac47c5e4708d1c26bb7,Preposição
it,Italian,entro,entro,pr,,298,0.889,0.8946,5.42,200,48b46fbf0be332bf1f7c808298ff44e5,Preposição
it,Italian,doccia,doccia,n,f;*numb,122,0.8893,0.8923,3.25,201,94afe7ee9b9000eadfd53e745382c18c,Substantivo
it,Italian,tardo,tardo,adj,*gndr;*numb,104,0.8894,0.8926,3.98,202,a77bb0984718e2166f261635b1dbc244,Adjetivo
it,Italian,scrivono,scrivere,vblex,pri;p3;pl,2049,0.8895,0.8946,5.79,203,b52aafeb61ab9c1136d02a3e8e0a0fdc,Verbo
it,Italian,io,io,prn,tn;p1;mf;sg,7509,0.8898,0.8927,16.23,204,91170b323226b07e5f7f469935bc546f,Pronome
it,Italian,volere,volere,vbmod,pri;*pers;*numb,722,0.8899,0.8895,4.79,205,105e0792b33a6062b5e7b5e60e8fe36c,vbmod
it,Italian,elettrico,elettrico,adj,*gndr;*numb,109,0.8899,0.8899,3.18,205,b5dd38629e4bfa2cedae3abfc380855e,Adjetivo
it,Italian,caramelle,caramella,n,f;pl,1221,0.8899,0.8936,4.98,205,db755127845dff40355809a25830732e,Substantivo
it,Italian,prima,prima,adv,,147,0.89,0.9053,7.12,208,6a00b499020599f6f59a70dc1fe0ed99,Advérbio
it,Italian,biscotti,biscotto,n,m;pl,1141,0.8904,0.8914,4.73,209,fb46291f797a3db3e9b58d8e6faeeac4,Substantivo
it,Italian,durante,durante,pr,,318,0.8906,0.901,6.16,210,c1a9240f72483d2eaba30e77bd468fbf,Preposição
it,Italian,cibo,cibo,n,m;sg,2244,0.891,0.9042,5.96,211,7d027e7326728603a0885b3473614d27,Substantivo
it,Italian,tenere,tenere,vblex,pri;*pers;*numb,320,0.8911,0.8944,2.67,212,10d0af5512d136e97f7df53813789191,Verbo
it,Italian,ghiaccio,ghiaccio,n,m;sg,1148,0.8911,0.8981,7.06,212,43094479056fe657bce0fa5471f975b2,Substantivo
it,Italian,luglio,luglio,n,m;*numb,203,0.8912,0.8927,4.67,214,b3871296de28e97c91447974c8b3ad0a,Substantivo
it,Italian,sue,sue,prn,pos;f;pl,851,0.8914,0.8975,5.29,215,13a4dd316e897041bdb5140b9cbe3623,Pronome
it,Italian,alle,a,pr,+il<det;def;f;pl,275,0.8915,0.9023,6.72,216,c2b2cdb580fa684d8db2ef065f2f5068,Preposição
it,Italian,vestito,vestito,n,m;*numb,861,0.892,0.8941,3.61,217,31a15692ec4b52ed723c6f486f93d286,Substantivo
it,Italian,sue,suo,det,pos;f;pl,995,0.892,0.9055,7.07,217,38682260a0aa65a8754960c7f6e3ccc2,Determinante
it,Italian,edificio,edificio,n,m;*numb,139,0.8921,0.898,3.37,219,de5b57596c28bc6cd8e9388bb148b29a,Substantivo
it,Italian,ancora,ancora,adv,,136,0.8922,0.8894,6.92,220,f8adfe314ffb588d82de85f271c97fb7,Advérbio
it,Italian,ma,ma,cnjcoo,,646,0.8927,0.9003,8.22,221,5d3d7ddfebe81c1503c6aa0848c2e99b,Conjunção
it,Italian,orologio,orologio,n,m;*numb,775,0.8929,0.8953,4.18,222,a682f652ed40bc48f882c9416d367aad,Substantivo
it,Italian,buon,buon,adj,*gndr;*numb,104,0.8934,0.885,3.15,223,b4cb1e0f914e58dae9597e30328e1692,Adjetivo
it,Italian,ragazzo,ragazzo,n,m;sg,6824,0.8934,0.8997,11.36,223,f6554eb5c95f946d92b2bea7357e2980,Substantivo
it,Italian,bicchieri,bicchiere,n,m;pl,1290,0.8936,0.8969,5.91,225,5e27bc0ec9851a23ed650915fc7f50bb,Substantivo
it,Italian,viola,viola,adj,*gndr;*numb,598,0.8937,0.895,3.19,226,3f967ec52002c7326f1bd4e106798d5e,Adjetivo
it,Italian,nostro,nostro,prn,pos;m;sg,1064,0.8943,0.9016,8.03,227,3c64ce37d32f39983d7adde20a0dbed4,Pronome
it,Italian,colazione,colazione,n,f;sg,2189,0.8943,0.9042,5.72,227,bb9da12f6d3d7c131486d648cdc75bda,Substantivo
it,Italian,poliziotto,poliziotto,n,*gndr;*numb,183,0.8944,0.8969,3.36,229,a43a6142472a1d300c8226b1a9a83754,Substantivo
it,Italian,ragazzi,ragazzo,n,m;pl,2776,0.8946,0.9001,10.38,230,09b1b1ede04fc11de9441ecfbc65e224,Substantivo
it,Italian,maglione,maglione,n,m;*numb,603,0.8946,0.8946,3.81,230,96a1b96cca771a9f5fa5a60dc44fd50e,Substantivo
it,Italian,chilometro,chilometro,n,m;*numb,179,0.8948,0.8975,4.49,232,72a0d620d5187b6b495452db1438f827,Substantivo
it,Italian,ottobre,ottobre,n,m;*numb,159,0.8952,0.9032,3.91,233,3adca96ec81001233d0d0f641a90d6e4,Substantivo
it,Italian,una,un,det,ind;f;sg,10770,0.8952,0.8944,17.89,233,6c4aa305e6c755000f52f3af133c8ce2,Determinante
it,Italian,settimanalmente,settimanalmente,adv,,155,0.8953,0.9031,4.19,235,bd090f79d4cd5e777c79754ca16a9df8,Advérbio
it,Italian,succo,succo,n,m;sg,1172,0.8954,0.9047,7.32,236,05a8f41784dc70931794e826ff27441e,Substantivo
it,Italian,c',c',adv,,110,0.8955,0.9048,5.69,237,1a3b5c823b8a7e52e1577395b72001e9,Advérbio
it,Italian,agosto,agosto,n,m;*numb,222,0.8956,0.8988,5.45,238,e4e85163c08a34e0651b18a96b4a3832,Substantivo
it,Italian,libro,libro,n,m;sg,4625,0.8957,0.9025,18.35,239,a38c9ee69521833392baea5e9d677382,Substantivo
it,Italian,prendere,prendere,vblex,pri;*pers;*numb,518,0.8958,0.9002,4.17,240,1cb6f69aceae1dd1f21e9c7d6e5dccc5,Verbo
it,Italian,sua,sua,prn,pos;f;sg,898,0.8958,0.8997,5.62,240,f91af00c0bb36ee5f1c19e83d9f99ad5,Pronome
it,Italian,automobile,automobile,n,f;*numb,125,0.896,0.8978,3.98,242,fe5fb49388b64224a25eb703d5c4e5e3,Substantivo
it,Italian,portare,portare,vblex,pri;*pers;*numb,219,0.8961,0.9024,2.6,243,6bc47c56382cdc466b09e056f59ed509,Verbo
it,Italian,giocattolo,giocattolo,n,m;*numb,167,0.8962,0.8953,3.93,244,103cadbe494d84350633c098cf544354,Substantivo
it,Italian,sei,essere,vbser,pri;p2;sg,7791,0.8965,0.907,15.38,245,905beb33d0724056cf9f5fdaedf5ea3f,vbser
it,Italian,pochino,pochino,n,m;sg,190,0.8966,0.9079,6.32,246,60025c0c78f90add8b776ee977717799,Substantivo
it,Italian,vogliamo,volere,vbmod,pri;p1;pl,203,0.8966,0.8971,1.0,246,a01f260501d5e88b6705432364cc3056,vbmod
it,Italian,lo,il,det,def;m;sg,5810,0.8968,0.8968,14.53,248,fe72c841a54b9112e60870182236e00e,Determinante
it,Italian,porre,porre,vblex,pri;*pers;*numb,388,0.8969,0.8974,2.83,249,3f58d7dfe407ee650f563b11ef7b5612,Verbo
it,Italian,nell',in,pr,+il<det;def;mf;sg,254,0.8975,0.9077,5.83,250,7f3c0cca9917aa76ccc7de27353e572c,Preposição
it,Italian,giorno,giorno,n,m;*numb,220,0.8977,0.9021,4.71,251,00e9b4886d43961349175c547f0b9308,Substantivo
it,Italian,decennio,decennio,n,m;*numb,199,0.8978,0.9136,4.61,252,ed4960b67cd74ba6fc95c567a3678c80,Substantivo
it,Italian,totale,totale,n,m;*numb,173,0.8979,0.9052,7.7,253,1961e1509a788ff53366015ca4f3cdda,Substantivo
it,Italian,da,da,pr,,292,0.898,0.9071,6.46,254,571925aeb30bfe3a2be76d2903c3acd9,Preposição
it,Italian,siamo,essere,vbser,pri;p1;pl,3475,0.8982,0.9124,18.92,255,082f1640bfc4e541445ad38a68bf24d4,vbser
it,Italian,giacca,giacca,n,f;*numb,737,0.8983,0.9029,4.34,256,521c68f052b6eb4192efb9b46d33bdaf,Substantivo
it,Italian,al,a,pr,+il<det;def;m;sg,1740,0.8983,0.9094,6.92,256,f3a76d6491da368968c0dc75e4563f77,Preposição
it,Italian,entrare,entrare,vblex,pri;*pers;*numb,185,0.8986,0.8789,2.54,258,d9438143e8c096e4c68f356848847481,Verbo
it,Italian,azzurro,azzurro,n,m;*numb,539,0.8987,0.9008,3.62,259,4481db1280a09d7ea955c377b9a2a94c,Substantivo
it,Italian,là,là,adv,,100,0.899,0.902,6.02,260,74a96a7afb342be7a3b5f8956706319b,Advérbio
it,Italian,tranne,tranne,pr,,273,0.8991,0.9013,6.72,261,17eac3d34b3101b84de15974982e3d1d,Preposição
it,Italian,nostre,nostre,prn,pos;f;pl,982,0.8991,0.8994,6.4,261,cdf044105d0fbd430673678929b1c709,Pronome
it,Italian,tenda,tenda,n,f;*numb,138,0.8992,0.9059,4.37,263,61029c4b52c8f6838cbe06da9f81de7e,Substantivo
it,Italian,crema,crema,n,f;sg,1625,0.8993,0.8965,5.26,264,82080e819b65f579859fa1848b2fda2c,Substantivo
it,Italian,nero,nero,adj,*gndr;*numb,686,0.8994,0.8991,3.63,265,b71643503ce4c29c7b1d32e1667c629f,Adjetivo
it,Italian,allo,a,pr,+il<det;def;m;sg,252,0.8998,0.9101,10.1,266,18002d3eb440a41b1701557b21f9bef7,Preposição
it,Italian,stare,stare,vblex,pri;*pers;*numb,442,0.8998,0.901,4.33,266,be3cc4a58ac1632f453899f057988cc9,Verbo
it,Italian,e,e,cnjcoo,,768,0.8999,0.9119,12.42,268,96a8ed5b1a5da87b4a45ddae2faeffb5,Conjunção
it,Italian,stivale,stivale,n,m;*numb,732,0.9002,0.9021,4.36,269,1211a1e3dd15b36dd64e71fbf74e40d5,Substantivo
it,Italian,veramente,veramente,adv,,113,0.9002,0.9054,6.09,269,dd9bba3a0cb4a44281ca9961716c0a95,Advérbio
it,Italian,giusto,giusto,adj,*gndr;*numb,133,0.9004,0.906,4.36,271,75cc7172516d65329f19f31778311b1f,Adjetivo
it,Italian,qual,qual,adj,mf;sg,744,0.9006,0.9029,9.91,272,d92d1aaf63de97daf52b04c1e51a5d85,Adjetivo
it,Italian,telefono,telefono,n,m;*numb,171,0.9006,0.905,3.47,272,fe8f60da7600bdc643a4bb5bb443a694,Substantivo
it,Italian,verso,verso,pr,,294,0.9007,0.9178,5.96,274,a3fff7209597c9f057352a8bef3f3d05,Preposição
it,Italian,settimana,settimana,n,f;*numb,200,0.9008,0.8986,4.22,275,60461542c6ee12ccee6074d5bf1ce10f,Substantivo
it,Italian,invitare,invitare,vblex,pri;*pers;*numb,101,0.901,0.901,3.21,276,73c096a0e1bb489652379a7adee77866,Verbo
it,Italian,unico,unico,adj,*gndr;*numb,131,0.9011,0.8966,3.34,277,09ee43b93d41e93e5481dc6a2374372e,Adjetivo
it,Italian,squalo,squalo,n,m;sg,1532,0.9013,0.9121,5.72,278,2f362c545332b2c3ed1f6df5f74d01a2,Substantivo
it,Italian,genitore,genitore,n,m;*numb,264,0.9017,0.9043,7.44,279,635d0874091196111f30d7bc756894e5,Substantivo
it,Italian,anno,anno,n,m;*numb,236,0.9018,0.8996,4.88,280,bdb7825ada1bdca7a818c9a2393c12a9,Substantivo
it,Italian,legge,leggere,vblex,pri;p3;sg,5187,0.9018,0.9017,12.88,280,ff707682a41216251dc0f775138df9ed,Verbo
it,Italian,me,me,prn,tn;p1;mf;sg,170,0.902,0.9064,6.6,282,d1c9f98289a7228d79a9e74a7e90bc37,Pronome
it,Italian,arancione,arancione,adj,*gndr;*numb,557,0.9022,0.9035,3.03,283,0971eea88a96c1a5b719fe11a5b1be95,Adjetivo
it,Italian,chiave,chiave,n,f;*numb,174,0.9023,0.9061,4.03,284,449255fca5fdc9a675f22a86b4cd92fc,Substantivo
it,Italian,sulla,su,pr,+il<det;def;f;sg,268,0.9024,0.9053,5.5,285,79e5821e93481419b5202a22f9478537,Preposição
it,Italian,usare,usare,vblex,pri;*pers;*numb,282,0.9025,0.9041,2.56,286,ddfbc85363895ed341be901d5180c744,Verbo
it,Italian,sono,essere,vbser,pri;p3;pl,3967,0.9028,0.9124,17.98,287,56c31c27d842ab797d40a689c032c7b9,vbser
it,Italian,circa,circa,adv,,110,0.903,0.9058,5.74,288,1cc6254bdcfbbb1c495604a26117b3be,Advérbio
it,Italian,lampada,lampada,n,f;*numb,167,0.903,0.9076,3.5,288,521f80e6ca974e98f5e3d65e2d018731,Substantivo
it,Italian,dimenticare,dimenticare,vblex,pri;*pers;*numb,117,0.9031,0.8992,3.32,290,98028e1a2b3d69e74767de005029faa3,Verbo
it,Italian,ora,ora,n,f;*numb,196,0.9031,0.9005,3.94,290,acf59965f54e1215b66dfe6b5e057bc4,Substantivo
it,Italian,pasto,pasto,n,m;sg,1208,0.9033,0.9128,6.17,292,2fbe65662f1552d8dff18ffcd803f7f7,Substantivo
it,Italian,mangio,mangiare,vblex,pri;p1;sg,5175,0.9033,0.9045,10.06,292,69939ce6f88c820dfcbeb8ebb1379023,Verbo
it,Italian,ricercatore,ricercatore,n,*gndr;*numb,197,0.9036,0.9055,3.55,294,b049e93c2eed571aae38cd079411cd00,Substantivo
it,Italian,lui,lui,prn,tn;p3;m;sg,10420,0.9036,0.9025,19.48,294,fec119369ceb49cb5b6d72a58c3e770e,Pronome
it,Italian,notte,notte,n,f;*numb,221,0.9038,0.9016,5.57,296,edabf683d3cc35810707dbaa877a429e,Substantivo
it,Italian,guardare,guardare,vblex,pri;*pers;*numb,427,0.9039,0.9069,3.52,297,517fee52c45b5ba2b56057444d91af01,Verbo
it,Italian,leggiamo,leggere,vblex,pri;p1;pl,2611,0.904,0.906,5.76,298,ab4c2ddf98ff231b43795282857f11d6,Verbo
it,Italian,uomo,uomo,n,m;sg,7203,0.9041,0.9141,13.77,299,627446372a703444a66b743b56f851b0,Substantivo
it,Italian,leggi,leggere,vblex,pri;p2;sg,2920,0.9042,0.9076,8.16,300,c1c9deb2ebe11a0ee05ba3f8aac5c17e,Verbo
it,Italian,mangiate,mangiare,vblex,pri;p2;pl,1479,0.9043,0.9098,4.54,301,b249b3b406c008690974f7b869615aad,Verbo
it,Italian,uovo,uovo,n,m;sg,1803,0.9043,0.9123,5.65,301,d2cc107a4a3154511904b10895eb6b10,Substantivo
it,Italian,gennaio,gennaio,n,m;*numb,204,0.9044,0.9127,4.71,303,244a97d2106049c35773c6ac8f8a0cbd,Substantivo
it,Italian,figlio,figlio,n,*gndr;*numb,293,0.9044,0.9076,3.93,303,65901679ae4778aaba4327d1ba81ca2e,Substantivo
it,Italian,birra,birra,n,f;sg,2314,0.9044,0.9141,8.26,303,ed57858050cf3d0407fc22a8cd81306b,Substantivo
it,Italian,le,il,det,def;f;pl,6079,0.9046,0.9114,16.52,306,f9c28fffddf471709aaced07f07033b1,Determinante
it,Italian,amare,amare,vblex,pri;*pers;*numb,163,0.9049,0.9045,3.81,307,37aea4cceb07d682053e81fda77ded2c,Verbo
it,Italian,scrive,scrivere,vblex,pri;p3;sg,3730,0.9049,0.9059,8.49,307,5ab78d4aecdac412569b9558595fd065,Verbo
it,Italian,cuoco,cuoco,n,m;sg,2056,0.905,0.9141,6.78,309,bb726a5bf5fdf2ace390dc400f00808b,Substantivo
it,Italian,coltello,coltello,n,m;sg,1119,0.9051,0.9176,5.26,310,d8a2f75678319c29ca1c7fa6eff21785,Substantivo
it,Italian,animale,animale,n,m;sg,1846,0.9052,0.9049,5.74,311,7b500d8e02bae15ab63e440b11770ae2,Substantivo
it,Italian,ingegnere,ingegnere,n,*gndr;*numb,136,0.9056,0.9064,4.75,312,bf44122712f53761b996342cb7bc90dd,Substantivo
it,Italian,ape,ape,n,f;sg,1766,0.9058,0.9086,6.13,313,ae75b945b982dcd1357705fec892b382,Substantivo
it,Italian,un,un,det,ind;m;sg,10272,0.906,0.9071,17.92,314,76c9aa3651946b2f4f325001a7e6262c,Determinante
it,Italian,spazzola,spazzola,n,f;*numb,109,0.906,0.9106,3.5,314,8841f7980e053f8485acc52c5cdfd5b4,Substantivo
it,Italian,tua,tuo,adj,pos;f;sg,1171,0.9061,0.9056,7.79,316,7f8176d0631453796c73ea15fa9d1430,Adjetivo
it,Italian,caffè,caffè,n,m;sp,2550,0.9063,0.9074,6.82,317,45b64b5064c54c30bbe142502fc65585,Substantivo
it,Italian,sempre,sempre,adv,,161,0.9063,0.905,6.16,317,e79d97ba42868df4e46be0ec84c0e1d1,Advérbio
it,Italian,loro,lui,prn,tn;p3;mf;pl,9304,0.9064,0.913,36.5,319,60ca04f13f84bd807301e4407f7b6f18,Pronome
it,Italian,ponte,ponte,n,m;*numb,123,0.9065,0.9149,3.08,320,89da0b0bad052962bf4e4dfdd3574ca2,Substantivo
it,Italian,campo,campo,n,m;*numb,118,0.9068,0.9076,3.42,321,0da2f90864e25ef475002c1d223beb9b,Substantivo
it,Italian,la,il,det,def;f;sg,12556,0.9069,0.9056,21.58,322,9cfb037fb5bf9051645e9c7d5d336c73,Determinante
it,Italian,importante,importante,adj,mf;*numb,140,0.9071,0.9207,3.94,323,1cb1e5a35bb7774f1523d300dee0648f,Adjetivo
it,Italian,zucchero,zucchero,n,m;sg,9603,0.9072,0.9057,14.64,324,fe7960892696186fec5d63a0a46edd10,Substantivo
it,Italian,chiedere,chiedere,vblex,pri;*pers;*numb,429,0.9073,0.908,4.17,325,2f62d050c4bd8ad52aa1bd8e93419b49,Verbo
it,Italian,vostre,vostro,det,pos;f;pl,831,0.9075,0.9193,6.28,326,977284b99dde961a576d3a5edaa9d495,Determinante
it,Italian,comune,comune,adj,mf;*numb,103,0.9078,0.9043,3.17,327,0022e9c57d77dc7992f3aea7be6a53bc,Adjetivo
it,Italian,quotidianamente,quotidianamente,adv,,166,0.9078,0.9069,5.03,327,2027e8ca2b1939ed06d6805fdffe4f08,Advérbio
it,Italian,dal,da,pr,+il<det;def;m;sg,289,0.908,0.9227,5.46,329,c86fb37fc6667471fe2300355acad220,Preposição
it,Italian,latte,latte,n,m;sg,2581,0.9081,0.9034,9.38,330,47663584fd0ec02a32ddbe114263fe2e,Substantivo
it,Italian,chiudere,chiudere,vblex,pri;*pers;*numb,136,0.9081,0.9091,3.1,330,9940b9fcce16e0fe0dbc8d33e1b997ba,Verbo
it,Italian,macchina,macchina,n,f;*numb,129,0.9083,0.9065,3.88,332,12e55282f7cf59a5e03701874408f937,Substantivo
it,Italian,dall',da,pr,+il<det;def;mf;sg,258,0.9083,0.9139,5.55,332,4ff18ba2de4eae74b41523625780382f,Preposição
it,Italian,salsiccia,salsiccia,n,f;sg,1232,0.9083,0.9103,6.59,332,5566d51ef5cd5764132c29fbd6ca25e0,Substantivo
it,Italian,pantalone,pantalone,n,m;*numb,708,0.9084,0.9169,4.39,335,fd3598915a029bddfe3c8efb4075c3ac,Substantivo
it,Italian,quartiere,quartiere,n,m;*numb,124,0.9086,0.9161,4.92,336,48da37b04a9aedf88748d04030a005db,Substantivo
it,Italian,mela,mela,n,f;sg,5470,0.9087,0.9164,11.98,337,3ac396fd4e13c7952bafa99fcfd02d29,Substantivo
it,Italian,seguire,seguire,vblex,pri;*pers;*numb,351,0.9088,0.9091,3.05,338,d502bf0ed09b2d2b9ba9bf7579e42606,Verbo
it,Italian,ragazza,ragazzo,n,f;sg,10755,0.9089,0.9071,17.23,339,f4e41e590043babe16f64ac5639430aa,Substantivo
it,Italian,uva,uva,n,f;sg,1675,0.9093,0.9218,5.62,340,a42afa9f229469f0a3d58e98b212c12d,Substantivo
it,Italian,donna,donna,n,f;sg,9843,0.9093,0.9071,16.2,340,caaea1433a04b31cbb4fd926ca77ad02,Substantivo
it,Italian,pavimento,pavimento,n,m;*numb,175,0.9095,0.9076,3.47,342,5a8204600d061ee73157930e13f62c55,Substantivo
it,Italian,mezzanotte,mezzanotte,n,f;*numb,205,0.9096,0.9052,4.44,343,30306ceded6acd8bd97dac69e3d82681,Substantivo
it,Italian,chi,chi,prn,itg;mf;sp,854,0.9096,0.919,7.21,343,40d1096d64a68e4beec38ac4d46aab94,Pronome
it,Italian,aglio,aglio,n,m;sg,1795,0.9096,0.9187,5.7,343,beec1797263cc8f99515f22ca9f9696a,Substantivo
it,Italian,nostre,nostro,det,pos;f;pl,1100,0.9098,0.9138,6.74,346,4389377e221676e16608ad7b29b778de,Determinante
it,Italian,cucina,cucinare,vblex,pri;p3;sg,3528,0.9098,0.908,10.16,346,ada0b177d2ac10607febf3784dc5fb74,Verbo
it,Italian,forno,forno,n,m;*numb,161,0.9099,0.9091,4.68,348,8699a8e738c324bcd28e810bd5a99fe9,Substantivo
it,Italian,tavolo,tavolo,n,*gndr;*numb,172,0.9099,0.9106,3.67,348,dc20b6856eef67cbfd56b2841d72c4ca,Substantivo
it,Italian,forse,forse,adv,,3359,0.9099,0.912,8.78,348,ef3ae35baf55ca837ea2f68dc3b1f433,Advérbio
it,Italian,fagiolo,fagiolo,n,m;sg,1934,0.91,0.9149,6.1,351,83dccdbe8f6c5078f51cf372e617ad10,Substantivo
it,Italian,calza,calza,n,f;*numb,654,0.91,0.9117,3.9,351,bae46d1f0c99172ff5c89e9142c43cbd,Substantivo
it,Italian,compleanno,compleanno,n,m;*numb,224,0.9101,0.9167,5.51,353,10082cc5bacf08da5a587eebe9c1c7ee,Substantivo
it,Italian,elefante,elefante,n,m;sg,1521,0.9102,0.9199,5.41,354,a6535196207c11f4bcfad4e0974c33df,Substantivo
it,Italian,cuochi,cuoco,n,m;pl,1393,0.9103,0.915,6.73,355,9cdd82e6676400b4de54cf46e178fbcb,Substantivo
it,Italian,ricetta,ricetta,n,f;sg,1052,0.9104,0.9153,6.05,356,7d2732ba811b36e55ed4ece5f728d9e0,Substantivo
it,Italian,qualche,qualche,det,ind;mf;sg,168,0.9104,0.9189,7.3,356,ab7f8cb119caab188e8bd6ec74c73e1b,Determinante
it,Italian,piccolo,piccolo,adj,*gndr;*numb,162,0.9105,0.9105,3.34,358,000d2eb6a5658fa17f828c5fb0c66c11,Adjetivo
it,Italian,chilogrammo,chilogrammo,n,m;*numb,179,0.9106,0.9221,4.39,359,02f20e4582d1d639922a4d451da3f770,Substantivo
it,Italian,voi,voi,prn,tn;p2;mf;pl,3321,0.9108,0.9148,16.33,360,91a6ab09aa0d2b944525a387cc509090,Pronome
it,Italian,all',a,pr,+il<det;def;mf;sg,262,0.9109,0.9284,5.74,361,31ef52f94e21ce9ac168b3834e993226,Preposição
it,Italian,insieme,insieme,adv,,115,0.9109,0.9157,6.49,361,72253ab3f2f21b9c05baa5868021c931,Advérbio
it,Italian,pane,pane,n,m;sg,4986,0.9109,0.9155,11.14,361,c921f4833bdd933c9fc1f1eac6865edd,Substantivo
it,Italian,stanza,stanza,n,f;*numb,165,0.9111,0.913,3.83,364,104a551601a987861c2f401012239919,Substantivo
it,Italian,finestra,finestra,n,f;*numb,180,0.9111,0.9159,5.21,364,e75d174bbaf1e330690ffd6e896f1599,Substantivo
it,Italian,economico,economico,adj,*gndr;*numb,114,0.9113,0.9173,3.35,366,ac87ebd6f2a64aaf235d89a8f12a994f,Adjetivo
it,Italian,zuppa,zuppa,n,f;sg,1253,0.9113,0.9115,6.64,366,c8d1e84c8f7fbef95225c8303dbce3d6,Substantivo
it,Italian,tua,tua,prn,pos;f;sg,1132,0.9114,0.9138,7.37,368,181b99a8e90f5fa2ea06b06275f0c08e,Pronome
it,Italian,acqua,acqua,n,f;sg,5040,0.9114,0.9152,11.62,368,d70dad8a41e6c8d471dc99247aa717de,Substantivo
it,Italian,porto,porto,n,m;*numb,113,0.9115,0.9219,3.6,370,b665655d84f39e6748510a07481a8523,Substantivo
it,Italian,tuo,tuo,adj,pos;m;sg,1086,0.9117,0.9146,7.72,371,0fcabecaf4dad3dc5d9d8918bc74149d,Adjetivo
it,Italian,pomeriggio,pomeriggio,n,m;*numb,221,0.9118,0.9057,5.0,372,d32286042fc35c7f9d73807a14f4fa4c,Substantivo
it,Italian,pranzo,pranzo,n,m;sg,1080,0.9119,0.9125,5.2,373,f5004890a9c4e3b194bd345a2731c35e,Substantivo
it,Italian,grigio,grigio,adj,*gndr;*numb,557,0.912,0.9127,2.6,374,b8b581687f6aed9c995d9bc327cfc0ba,Adjetivo
it,Italian,cioccolato,cioccolato,n,m;sg,2217,0.9121,0.9145,6.41,375,0a1182023e118cdfe925e4449433cac1,Substantivo
it,Italian,noi,noi,prn,tn;p1;mf;pl,3935,0.9122,0.9183,16.7,376,175720603014bc396c1db38b426753a5,Pronome
it,Italian,perché,perché,cnjadv,,740,0.9122,0.9228,9.42,376,783d700166897f512207b921d791626c,cnjadv
it,Italian,autunno,autunno,n,m;*numb,207,0.9123,0.9091,4.7,378,f6afd1481194a6e9904088477c341cd5,Substantivo
it,Italian,ne,ne,prn,pro;adv,117,0.9124,0.9231,6.32,379,3be45c4c1cdfadfd51e612c38e6eb5e8,Pronome
it,Italian,senza,senza,pr,,266,0.9127,0.9084,6.15,380,2503214c32792a484587aaaafc2d16af,Preposição
it,Italian,appena,appena,adv,,104,0.9127,0.9065,4.77,380,eafbf47533b564e6fa9e817666956944,Advérbio
it,Italian,completamente,completamente,adv,,113,0.913,0.9214,5.5,382,286fd2a5103cd9155d9b95163f7e3085,Advérbio
it,Italian,papà,papà,n,m;sp,225,0.9133,0.9231,5.31,383,eb20fe3d96c368d62189de7e9b1da92c,Substantivo
it,Italian,secondo,secondo,pr,,280,0.9134,0.9227,5.25,384,69c98f28f94bdcf5b5e4692253c59286,Preposição
it,Italian,poco,poco,adv,,111,0.9135,0.9184,4.83,385,0e0cc66bfcd48882ad01a146dbe1e7c6,Advérbio
it,Italian,tacchino,tacchino,n,m;sg,1122,0.9136,0.9203,6.24,386,bdba0ee78ae804021618e71d0d3fe6ea,Substantivo
it,Italian,cucino,cucinare,vblex,pri;p1;sg,2208,0.9137,0.9156,6.31,387,e56106ee421765958c046981bcef68a1,Verbo
it,Italian,lei,lui,prn,tn;p3;f;sg,11009,0.9137,0.9154,20.46,387,f0afde011fdbd05f904638cd2776d722,Pronome
it,Italian,con,con,pr,,305,0.9137,0.9171,5.99,387,f7e5eabd3304bdc099f33e42c42ade5c,Preposição
it,Italian,presso,presso,pr,,321,0.9138,0.9291,6.61,390,f98426ecdf8921342253ece608ef725b,Preposição
it,Italian,tue,tuo,det,pos;f;pl,1414,0.9139,0.9136,8.81,391,5b5d6e0dae5d04d4903eb726cff47b7e,Determinante
it,Italian,scala,scala,n,f;*numb,122,0.9139,0.9167,3.34,391,b064fcc7f8e78152abca05953645c7f4,Substantivo
it,Italian,novembre,novembre,n,m;*numb,202,0.9142,0.9134,5.47,393,fa3ae3b1added967ad05702af2f3e727,Substantivo
it,Italian,dove,dove,adv,itg,1083,0.9144,0.9135,8.57,394,86e28a7144af4148dfad78bb36d0900a,Advérbio
it,Italian,frigorifero,frigorifero,n,m;*numb,117,0.9145,0.9209,3.26,395,2d0c6cb2528f88a854bf2cc85e42fcee,Substantivo
it,Italian,buono,buono,adj,*gndr;*numb,129,0.9147,0.9197,3.16,396,b2e3f4972fafc9d61f3e27536c334256,Adjetivo
it,Italian,cortile,cortile,n,m;*numb,176,0.9148,0.9179,4.75,397,203cc73844211ee31906e2b6f0c8a367,Substantivo
it,Italian,troppo,troppo,adv,,147,0.9151,0.9263,6.2,398,242651b8b330aca4eca92206a621f642,Advérbio
it,Italian,mosca,mosca,n,f;sg,1537,0.9151,0.9219,6.27,398,57e61a2923d190cf22de4bcf86161ce6,Substantivo
it,Italian,pomodoro,pomodoro,n,m;sg,1935,0.9152,0.9137,6.7,400,ccf7d77400fbd2754fb871030221f764,Substantivo
it,Italian,bevete,bere,vblex,pri;p2;pl,2497,0.9153,0.9111,9.02,401,030ecc1918aaef47e659e6b125b2c7a5,Verbo
it,Italian,polli,pollo,n,m;pl,1225,0.9153,0.9207,5.52,401,2d188ae6546d41b26672c7c25b38c0d3,Substantivo
it,Italian,insetto,insetto,n,m;sg,1619,0.9156,0.9236,6.7,403,4482c8fb6b35f3647508996b89015845,Substantivo
it,Italian,portafoglio,portafoglio,n,m;*numb,686,0.9163,0.9165,4.3,404,20839886110bda34f4879f4c9e370bad,Substantivo
it,Italian,contro,contro,pr,,347,0.9163,0.9217,7.04,404,6e7f0dcf90aef1d24b83a162453dee26,Preposição
it,Italian,tartaruga,tartaruga,n,f;sg,1416,0.9165,0.9213,6.33,406,e157947babb821dc93fcea0b22ffa71f,Substantivo
it,Italian,mezzogiorno,mezzogiorno,n,m;*numb,225,0.9167,0.9197,5.23,407,53b4e37ef8a05117754c52a6eac62d69,Substantivo
it,Italian,perché,perché,adv,itg,1098,0.9167,0.928,9.23,407,9049bd61c9605b2e5c3784eb16440e2c,Advérbio
it,Italian,diario,diario,n,m;*numb,114,0.9167,0.9,3.81,407,bb8dbabb46fdfda9a13d1597886c7a7a,Substantivo
it,Italian,tazza,tazza,n,f;sg,1500,0.9172,0.9288,5.17,410,76c7d79c574f409c252f0206df01b84b,Substantivo
it,Italian,muro,muro,n,m;*numb,143,0.9172,0.9133,3.81,410,840273acd93ae3673d5ab82e888ea1dd,Substantivo
it,Italian,leggono,leggere,vblex,pri;p3;pl,2624,0.9173,0.9198,8.69,412,637a229607270067abdb3a03b9482e9f,Verbo
it,Italian,ieri,ieri,adv,,390,0.9174,0.9146,7.75,413,3968387141b4883601cb8aa7d36cf31e,Advérbio
it,Italian,uccelli,uccello,n,m;pl,1199,0.9174,0.9146,5.43,413,59cc8607641aecfd05579ab5f2a9e0e2,Substantivo
it,Italian,sia,sia,cnjcoo,,550,0.9174,0.9205,10.16,413,77f3edce09e4b8815fc6c39064a3fc01,Conjunção
it,Italian,bottiglia,bottiglia,n,f;sg,2099,0.9174,0.9266,6.09,413,faaa35745f04d7f0d7228287f79b95d9,Substantivo
it,Italian,miei,mio,det,pos;m;pl,1048,0.9175,0.9185,7.14,417,21b72c2dfb3f016baf2be9cc36b3c8e2,Determinante
it,Italian,sera,sera,n,f;*numb,194,0.9175,0.9209,3.95,417,616e8a8a0e15cacde761aad8fb4331bb,Substantivo
it,Italian,dottore,dottore,n,*gndr;*numb,231,0.9177,0.9177,3.4,419,934170e31114157181f76596ca14eaaf,Substantivo
it,Italian,potere,potere,vbmod,pri;*pers;*numb,497,0.9178,0.9198,3.93,420,d10a9e9f2bd4b36d4487adcf7816020b,vbmod
it,Italian,formaggi,formaggio,n,m;pl,1217,0.9179,0.9176,5.58,421,5ee82f7b2263013c360a0f9e8b9d7be3,Substantivo
it,Italian,colore,colore,n,m;*numb,581,0.918,0.9215,3.24,422,04965af8189aba63a1bd4934694297d9,Substantivo
it,Italian,zoo,zoo,n,m;sg,1421,0.918,0.9239,6.52,422,a6d654a5a6f0306540262b4efe79de53,Substantivo
it,Italian,leone,leone,n,m;sg,1617,0.9181,0.9275,5.5,424,134d40daf8d6dd001ffe2b3113868c93,Substantivo
it,Italian,città,città,n,f;*numb,116,0.9181,0.9254,4.18,424,84589ba9c92e6ec4d37c5ba251d0dca7,Substantivo
it,Italian,col,con,pr,+il<det;def;m;sg,243,0.9181,0.9235,5.73,424,b6ff0c5196eaee85d6fa65085d4ce002,Preposição
it,Italian,duro,duro,adj,*gndr;*numb,110,0.9182,0.92,3.28,427,6720aa141efe8c4bf4f6afb88c1846c8,Adjetivo
it,Italian,correre,correre,vblex,pri;*pers;*numb,159,0.9182,0.9182,3.59,427,ebb9dcf5d0d8bc81f0559196351f1ea3,Verbo
it,Italian,fritto,fritto,adj,m;sg,1694,0.9182,0.9199,5.57,427,f249d88b7beb7a35c7df70dccef3e392,Adjetivo
it,Italian,gusto,gusto,n,m;sg,1270,0.9184,0.9236,5.96,430,9e434b23d012d33c05f4e93e416bb235,Substantivo
it,Italian,rosso,rosso,adj,*gndr;*numb,663,0.9186,0.9178,3.33,431,5b85e4d8cbd400373cc5a700c8726ef1,Adjetivo
it,Italian,carne,carne,n,f;sg,1222,0.9187,0.9238,6.85,432,a1e4e0d31f0582f88664d026dedac66f,Substantivo
it,Italian,mangia,mangiare,vblex,pri;p3;sg,8422,0.9188,0.9198,16.91,433,98b3a185ebdc3c67727d2d1f01094ac6,Verbo
it,Italian,leggete,leggere,vblex,pri;p2;pl,2033,0.9189,0.9217,6.88,434,0ee941608b3a699d77d8b421ea2c587b,Verbo
it,Italian,aperto,aperto,adj,*gndr;*numb,107,0.919,0.9115,3.07,435,c5563af08a89d120ae984c6e45b3523e,Adjetivo
it,Italian,sapone,sapone,n,m;*numb,161,0.9193,0.9195,4.29,436,69b9cb85ffec19d17fc7578c6378d94b,Substantivo
it,Italian,bolle,bollire,vblex,pri;p3;sg,1686,0.9194,0.9241,5.08,437,5fbf658c8611429fd9789517b0bdcbe9,Verbo
it,Italian,motore,motore,n,m;*numb,124,0.9194,0.9213,3.83,437,934cdfdde0292b2614d34d0c0dfca1fd,Substantivo
it,Italian,tua,tuo,det,pos;f;sg,962,0.9194,0.9215,6.87,437,9d43279bc922617ef57c0d7a426036ff,Determinante
it,Italian,popolare,popolare,adj,mf;*numb,119,0.9195,0.9185,3.44,440,49b281a367566b9bec12d8f952e2dbdd,Adjetivo
it,Italian,bottiglie,bottiglia,n,f;pl,1206,0.9195,0.925,5.68,440,9e78d23f06d1b9f51a5b7a96056332f8,Substantivo
it,Italian,gatte,gatto,n,f;pl,1478,0.9197,0.9228,6.35,442,dd716a1eca1f790066db61bf33ecbaf8,Substantivo
it,Italian,tè,tè,n,m;sp,1182,0.9199,0.925,7.07,443,204fa26dba2790ec1cd19095a31a5242,Substantivo
it,Italian,sotto,sotto,adv,,128,0.9201,0.9171,5.59,444,51b8538fb8260e862731943deb0e909c,Advérbio
it,Italian,animali,animale,n,m;pl,1250,0.9204,0.9204,5.25,445,16b9c333219a21b1856676acef17e531,Substantivo
it,Italian,mettere,mettere,vblex,pri;*pers;*numb,375,0.9206,0.9315,3.67,446,78d1c894289cbe98135f539c81ebecd6,Verbo
it,Italian,venire,venire,vblex,pri;*pers;*numb,529,0.9206,0.9212,4.11,446,fce8dc4ed1bfd5120560f7c54221aa46,Verbo
it,Italian,cameriere,cameriere,n,m;sg,1074,0.9208,0.9272,5.87,448,08fb0f2531465dbb98d1e1d27fdedf58,Substantivo
it,Italian,dire,dire,vblex,pri;*pers;*numb,434,0.9208,0.9253,4.2,448,6e904b1c21194081e26405cd1cb7b98d,Verbo
it,Italian,beve,bere,vblex,pri;p3;sg,8724,0.9209,0.9198,14.99,450,7e6d656a6c38aca23d98acc796a35720,Verbo
it,Italian,maggio,maggio,n,m;*numb,213,0.921,0.9244,5.14,451,5b81eb34e0dcb7aeed03631c088ce8ef,Substantivo
it,Italian,andare,andare,vblex,pri;*pers;*numb,476,0.9212,0.9199,3.87,452,3b19ce40a33a5a5cbd1cc7d4f85f71e0,Verbo
it,Italian,risposta,risposta,n,f;*numb,834,0.9213,0.925,6.51,453,55c6f8a2eba437e11d3758215e094b8b,Substantivo
it,Italian,formaggio,formaggio,n,m;sg,2191,0.9214,0.9256,5.79,454,07b1ca7a0c4806cf6b4ac2bacca37e11,Substantivo
it,Italian,misura,misura,n,f;*numb,124,0.9214,0.9267,4.44,454,cd109214a4b62fb5221736a6121f9375,Substantivo
it,Italian,molto,molto,adv,,191,0.9215,0.9276,7.72,456,15a9a783bf67ee38293f6d46ddb223e1,Advérbio
it,Italian,bagno,bagno,n,m;*numb,206,0.9216,0.9119,6.51,457,3abb440d4cf0863d4f9302f2a9eadd1c,Substantivo
it,Italian,provare,provare,vblex,pri;*pers;*numb,102,0.9216,0.9286,3.01,457,d9afd49f33f6f2841d684784fdcefad4,Verbo
it,Italian,fare,fare,vblex,pri;*pers;*numb,561,0.9216,0.9216,4.15,457,e3bf5e28caaf321936c68d6db34ed00b,Verbo
it,Italian,sapere,sapere,vblex,pri;*pers;*numb,279,0.9217,0.922,3.22,460,8444bc37386d7ed98cb791fd5b7ea401,Verbo
it,Italian,entrata,entrata,n,f;*numb,141,0.922,0.9276,4.6,461,df1647448d998ff75cc4a044a235af7b,Substantivo
it,Italian,vino,vino,n,m;sg,1445,0.9222,0.9211,6.45,462,a00ac61a157beed441c40ec64c73fadd,Substantivo
it,Italian,dicembre,dicembre,n,m;*numb,218,0.9224,0.9278,7.04,463,b494804b1f8cd36e2080916756fa7d21,Substantivo
it,Italian,leggo,leggere,vblex,pri;p1;sg,2721,0.9224,0.9279,7.34,463,fcf4569c3882c32dc5f9c17114cc1841,Verbo
it,Italian,martedì,martedì,n,m;sp,266,0.9228,0.9186,6.44,465,95071404787053025d541df53c3bab97,Substantivo
it,Italian,dolce,dolce,adj,mf;sg,2008,0.9229,0.9237,9.68,466,707e36654dd2aca2d668bdbc67d98bca,Adjetivo
it,Italian,tu,tu,prn,tn;p2;mf;sg,5093,0.9229,0.9305,10.88,466,e8806f0ea133f740106075fc3b30605b,Pronome
it,Italian,letto,letto,n,m;*numb,213,0.9229,0.9176,6.06,466,e9291112c5929b376e1ae138b37e8bf8,Substantivo
it,Italian,borsa,borsa,n,f;*numb,764,0.9229,0.9259,4.8,466,fdb58856630dbfe9785757a17eb709c7,Substantivo
it,Italian,topo,topo,n,m;sg,2258,0.9231,0.92,8.55,470,54a8c88009dcbbd7563f9d01a0753b6a,Substantivo
it,Italian,dell',di,pr,+il<det;def;mf;sg,936,0.9232,0.9275,6.85,471,df913774a214a39f1841da44db6155e0,Preposição
it,Italian,fragola,fragola,n,f;sg,1313,0.9233,0.9281,6.07,472,0ef472f5b211ca9ecc52208558b26010,Substantivo
it,Italian,solo,solo,adj,*gndr;*numb,139,0.9233,0.9178,3.57,472,e3d8c367e67a892e0b818d7d8049b8fa,Adjetivo
it,Italian,decidere,decidere,vblex,pri;*pers;*numb,274,0.9234,0.9242,2.78,474,70f7f48d8f27bc563a3ff7695f9c0614,Verbo
it,Italian,bianco,bianco,adj,*gndr;*numb,646,0.9234,0.9251,3.72,474,79c2c037680e9782c7af80b379206335,Adjetivo
it,Italian,lunedì,lunedì,n,m;sp,337,0.9236,0.9261,7.91,476,375d2180eb8ba0fde541e7c6bef21355,Substantivo
it,Italian,media,media,n,f;*numb,144,0.9236,0.9274,6.1,476,73e1cf5bda5e09e41973a2ca8532d69a,Substantivo
it,Italian,intorno,intorno,adv,,107,0.9237,0.931,5.07,478,8205688d12bc100aa200ce7704a9ddf7,Advérbio
it,Italian,così,così,adv,,153,0.9237,0.9307,6.0,478,b70d0c2a0c7239cebe7c7cd6f30ba984,Advérbio
it,Italian,quanto,quanto,prn,itg;m;sg,793,0.9239,0.926,5.56,480,72ca8ca0caf39b8641f090a0281e3cb1,Pronome
it,Italian,forchetta,forchetta,n,f;sg,1697,0.9239,0.9277,5.53,480,cc571e4d2667ef32ccdf6e5c07be0625,Substantivo
it,Italian,libri,libro,n,m;pl,2347,0.924,0.9264,10.87,482,4cb3c42e2d72ac9e2039bb71826ef8de,Substantivo
it,Italian,interessante,interessante,adj,mf;*numb,112,0.9241,0.9366,4.21,483,ecf3f9fb59393730853f6bcac01e1d19,Adjetivo
it,Italian,burro,burro,n,m;sg,2122,0.9244,0.9285,6.67,484,a916c869fb9122e370b265b88d3bc1b1,Substantivo
it,Italian,torte,torta,n,f;pl,1182,0.9245,0.928,5.25,485,32a79b80bd49498e6748fdf49a3c9868,Substantivo
it,Italian,olio,olio,n,m;sg,1179,0.9248,0.9296,6.46,486,0e4ed16a1488d9c90be7b9f2a0b24975,Substantivo
it,Italian,formica,formica,n,f;sg,1681,0.9248,0.9217,6.32,486,369a9e9fa1957875d93e8a331cc16fa1,Substantivo
it,Italian,data,data,n,f;*numb,211,0.925,0.9241,4.28,488,fd439e3a6d2ff46e587db474c701ef9c,Substantivo
it,Italian,nella,in,pr,+il<det;def;f;sg,499,0.9252,0.923,9.83,489,abb5a92ee5c2aa6c54f2444249cdad1a,Preposição
it,Italian,maglia,maglia,n,f;*numb,676,0.9253,0.925,3.67,490,0238337af304c7c290e28cc28a8c85c9,Substantivo
it,Italian,luce,luce,n,f;*numb,154,0.9253,0.9245,3.15,490,0b10296d94dfc68aa84a708e2616ae42,Substantivo
it,Italian,bistecca,bistecca,n,f;sg,1124,0.9253,0.9289,6.04,490,fdb742a4ac6d95a4d56062afdfb188a0,Substantivo
it,Italian,divano,divano,n,m;*numb,172,0.9254,0.9218,3.44,493,67692926cf42c614fa1bbec29e37858c,Substantivo
it,Italian,panini,panino,n,m;pl,1277,0.9254,0.9301,5.56,493,f73a0a9830f0ef63f9294fc3037adbc7,Substantivo
it,Italian,avvocato,avvocato,n,m;*numb,235,0.9255,0.9262,3.93,495,89be0aca3dd8abc2bd416bfa0d526cca,Substantivo
it,Italian,camicia,camicia,n,f;*numb,853,0.9256,0.9255,4.5,496,0ed31967580b020ee875219969d67461,Substantivo
it,Italian,computer,computer,n,m;*numb,121,0.9256,0.9318,3.92,496,698c496eccb981086b9eb7791259e544,Substantivo
it,Italian,quale,quale,prn,itg;mf;sg,904,0.9257,0.9336,7.45,498,2b25b926eb863c71385096c8746ae350,Pronome
it,Italian,caramella,caramella,n,f;sg,1842,0.9258,0.9306,6.23,499,015ff3f00b82f2bb5c5cc839a7cd4089,Substantivo
it,Italian,tuo,tuo,prn,pos;m;sg,1034,0.9261,0.9311,7.33,500,bca7c9228085781c67fd5505ecc61941,Pronome
it,Italian,bensì,bensì,cnjadv,,522,0.9263,0.9309,9.56,501,ffea9f6b5681e50b4ccefdcee885e627,cnjadv
it,Italian,aprire,aprire,vblex,pri;*pers;*numb,324,0.9264,0.9298,3.1,502,d6284db28e478d575d8cc24ab1652feb,Verbo
it,Italian,venerdì,venerdì,n,m;sp,249,0.9264,0.9243,6.25,502,fb50ceb92e5f6d2602e7831fbf5ccf6a,Substantivo
it,Italian,sentire,sentire,vblex,pri;*pers;*numb,304,0.9265,0.9318,3.31,504,32b193f06d8523dfc2564c9adb12e635,Verbo
it,Italian,conoscere,conoscere,vblex,pri;*pers;*numb,454,0.9266,0.9294,3.97,505,86014048172a4a76372b5cc162b23fbb,Verbo
it,Italian,dalle,da,pr,+il<det;def;f;pl,257,0.9266,0.9262,5.23,505,90f0c8a937286d79ef36f83e8d380357,Preposição
it,Italian,patata,patata,n,f;sg,1396,0.9267,0.9329,6.12,507,7ad6d642871dfec56fe2da63f6127532,Substantivo
it,Italian,essere,essere,vbser,pri;*pers;*numb,773,0.9269,0.9279,143.74,508,5ea62eb1a458471a75d79059a8d4fcb7,vbser
it,Italian,moglie,moglie,n,f;*numb,253,0.9269,0.9283,6.67,508,980e2e94aef5df992316ac796ca5a32e,Substantivo
it,Italian,vendere,vendere,vblex,pri;*pers;*numb,137,0.927,0.9301,3.66,510,0d317ec8c0b2cf22d285f6aba5d4f05f,Verbo
it,Italian,dietro,dietro,pr,,178,0.927,0.9278,4.22,510,83cb2a29769e1826e794ea527084aeaf,Preposição
it,Italian,nostri,nostro,det,pos;m;pl,1092,0.9272,0.936,9.57,512,16ab45454c38577f6e43b27c32ff495b,Determinante
it,Italian,eccetto,eccetto,pr,,319,0.9272,0.9374,5.35,512,4c37a3513c74df1ce04ea51dab4fb950,Preposição
it,Italian,tigre,tigre,n,f;sg,1199,0.9272,0.9293,6.82,512,c1caf9c9173659451013b230299ae7b3,Substantivo
it,Italian,dare,dare,vblex,pri;*pers;*numb,385,0.9273,0.9324,4.06,515,6c72f358ff3f69b3947887b8d84ae5dc,Verbo
it,Italian,insetti,insetto,n,m;pl,1149,0.9275,0.9306,5.12,516,11996f12e36d492d0ff850151a8df82f,Substantivo
it,Italian,delfino,delfino,n,m;sg,1482,0.9279,0.9312,5.58,517,a1c85e2b8fdd6c5c620b31f7d325f544,Substantivo
it,Italian,sopra,sopra,adv,,151,0.928,0.9141,6.28,518,fc0ae11808868ff4cd184df764e64ce5,Advérbio
it,Italian,estate,estate,n,f;*numb,212,0.9283,0.9339,3.99,519,b042e71db29bb93ae5f196219510d6bf,Substantivo
it,Italian,gonna,gonna,n,f;*numb,809,0.9285,0.9306,4.39,520,15540c5dc9bbe16b4d71edf6f31dcaee,Substantivo
it,Italian,pieno,pieno,adj,*gndr;*numb,112,0.9286,0.9328,2.65,521,09813b448c6e7b7f7c9ad045a41ea02e,Adjetivo
it,Italian,stanotte,stanotte,adv,,214,0.9287,0.9446,5.89,522,e9a6f2725bad0c509bc561c245111cfc,Advérbio
it,Italian,qui,qui,adv,,159,0.9292,0.9414,7.96,523,02eb95bdd3ad81b444336bfc42d6d6f2,Advérbio
it,Italian,mangi,mangiare,vblex,pri;p2;sg,6137,0.9292,0.932,10.78,523,ae7f22f9abe8035306c42fcb30b7d9c6,Verbo
it,Italian,rispondere,rispondere,vblex,pri;*pers;*numb,156,0.9295,0.9308,3.42,525,4f238381cbbe2fa2083bd677beee738d,Verbo
it,Italian,della,di,pr,+il<det;def;f;sg,992,0.9295,0.9342,6.63,525,e26f5e9fc3b80e3c33abcf288c0f9a87,Preposição
it,Italian,giovedì,giovedì,n,m;sp,227,0.9299,0.9373,6.44,527,88e5353a0dadc72529579f6b50c15d6b,Substantivo
it,Italian,oppure,oppure,cnjcoo,,562,0.93,0.9366,7.8,528,784d9d6a9601cd0b86f64a6c32961ed6,Conjunção
it,Italian,buonasera,buonasera,ij,,2694,0.9301,0.9344,7.41,529,f05be9491f1f7c5639873ef8f2e593c4,ij
it,Italian,arrivare,arrivare,vblex,pri;*pers;*numb,330,0.9303,0.9315,2.58,530,4139062233fc909ffc6adef4c3b4eefd,Verbo
it,Italian,lavoro,lavoro,n,m;*numb,251,0.9303,0.9323,4.6,530,a1f0306745ce0037ed4f4aa2ef31584a,Substantivo
it,Italian,flauto,flauto,n,m;*numb,115,0.9304,0.9339,2.72,532,e02c6f03411e063ba3f8e04be3276d16,Substantivo
it,Italian,inverno,inverno,n,m;*numb,219,0.9306,0.9286,6.41,533,1675c350e9c4ac922ebf9bedc736fcf8,Substantivo
it,Italian,cognome,cognome,n,m;*numb,246,0.9309,0.9366,6.15,534,fa8a0a9542204b92c2eb09d1425dd0e5,Substantivo
it,Italian,schermo,schermo,n,m;*numb,116,0.931,0.936,2.96,535,3787f6863c4c1d42455761b35a8f510a,Substantivo
it,Italian,nostra,nostra,prn,pos;f;sg,1126,0.931,0.9319,7.41,535,3ba1c57d18191d37ceb273385e9f0eea,Pronome
it,Italian,vivere,vivere,vblex,pri;*pers;*numb,334,0.9311,0.9353,3.02,537,657cd5607c517337493d9fc8663347d5,Verbo
it,Italian,divisa,divisa,n,f;*numb,651,0.9311,0.9289,3.58,537,e5f579bfc0d9eb48e1e5ae9c4c56da5a,Substantivo
it,Italian,finire,finire,vblex,pri;*pers;*numb,264,0.9312,0.9324,2.57,539,a64f1e115d4b584777aafee25222d39c,Verbo
it,Italian,nome,nome,n,m;*numb,263,0.9316,0.939,5.0,540,832869845a12f3944a57e10013680b45,Substantivo
it,Italian,riso,riso,n,m;sg,1346,0.9316,0.9319,7.39,540,944270866564be0f15cb78a2243ba6dc,Substantivo
it,Italian,manzo,manzo,n,m;sg,2731,0.9317,0.9347,7.53,542,70273bd4e2ae4fe0a1807d462acf8edc,Substantivo
it,Italian,scimmia,scimmia,n,f;sg,1617,0.9317,0.9343,6.42,542,adbf8869f0ee101e78c97c1c668c93fd,Substantivo
it,Italian,bevi,bere,vblex,pri;p2;sg,3941,0.9318,0.9352,7.77,544,3707e7967643ffb10781fc54da171507,Verbo
it,Italian,colorato,colorato,adj,*gndr;*numb,538,0.9318,0.931,2.88,544,ca60aa67954679e28a1087ee1bbf9b1c,Adjetivo
it,Italian,vedere,vedere,vblex,pri;*pers;*numb,551,0.9319,0.9329,4.14,546,b708ce1bd3baae7ed88fee2d81cd7174,Verbo
it,Italian,orso,orso,n,m;sg,1568,0.932,0.9395,5.31,547,6f75102a6b524ae6a6761ca9a49ae6ee,Substantivo
it,Italian,museo,museo,n,m;*numb,125,0.932,0.9353,2.9,547,ae03eb8b7d7bc90ad125f67aa658687d,Substantivo
it,Italian,mele,mela,n,f;pl,1436,0.9321,0.9331,7.76,549,0dc0761c89ba123388b4dda3a9fa9b89,Substantivo
it,Italian,indicare,indicare,vblex,pri;*pers;*numb,108,0.9321,0.9286,2.39,549,5c1ed9fb18a8801b500bf7c7c7dbab6f,Verbo
it,Italian,parco,parco,n,m;*numb,123,0.9322,0.9379,4.22,551,51ed4ee2511865cd6c12ce12049dd9ad,Substantivo
it,Italian,mio,mio,det,pos;m;sg,1141,0.9322,0.9283,9.19,551,55168bbc53d6f111d35c2040f5f0e3df,Determinante
it,Italian,abbastanza,abbastanza,adv,,258,0.9325,0.9483,7.04,553,804fa9e44c3dda6d965565a04a7dc750,Advérbio
it,Italian,buonanotte,buonanotte,ij,,2661,0.9325,0.9302,8.41,553,c226e58f802f1c579846e583a12cdc78,ij
it,Italian,giovane,giovane,adj,mf;*numb,109,0.9327,0.9357,4.5,555,6bf7a4f6b3977e756ada298f3b41b2ee,Adjetivo
it,Italian,foglio,foglio,n,m;*numb,104,0.9327,0.9327,2.59,555,bcfb98b0f5d34fe2bb37e53b87a5b488,Substantivo
it,Italian,lasciare,lasciare,vblex,pri;*pers;*numb,345,0.9333,0.9363,2.99,557,a4372e4517bde874d1d3293099561cbd,Verbo
it,Italian,speciale,speciale,adj,mf;*numb,134,0.9335,0.9247,3.47,558,258d1851c5a0c060809f6ab0da962f82,Adjetivo
it,Italian,passare,passare,vblex,pri;*pers;*numb,207,0.9336,0.9405,2.4,559,5eafdf4b5ed14e14842a960938650f2e,Verbo
it,Italian,segretario,segretario,n,*gndr;*numb,181,0.9337,0.9437,3.38,560,1679f55070a296ea0fa7f67a12816ae6,Substantivo
it,Italian,quanti,quanti,prn,itg;m;pl,815,0.9337,0.9288,6.31,560,6b89c2fcf75dcfadbd02db708b6246b6,Pronome
it,Italian,voglio,volere,vbmod,pri;p1;sg,197,0.934,0.9384,1.09,562,6c484f55e839e22cc8701c9dad6c3f79,vbmod
it,Italian,o,o,cnjcoo,,633,0.9344,0.9354,10.32,563,a8fdd0bc44fa4bf628ee7e36acfef439,Conjunção
it,Italian,trovare,trovare,vblex,pri;*pers;*numb,436,0.9346,0.9361,3.4,564,de46e1de082bb5af5570e57755a21f9b,Verbo
it,Italian,bar,bar,n,m;sp,125,0.9347,0.9296,4.11,565,99a2cb06a981d44fe8fcf879238760d8,Substantivo
it,Italian,ha,avere,vblex,pri;p3;sg,3277,0.9349,0.9401,9.49,566,2b28e6b398b36d4f7f6ef0b7da31fd5c,Verbo
it,Italian,direttore,direttore,n,*gndr;*numb,177,0.935,0.9423,4.14,567,9521e8cade3bfe4ce0843dbcd9d2be43,Substantivo
it,Italian,violino,violino,n,m;*numb,123,0.935,0.9375,3.74,567,deaecfad056cb72e176dcf36e1ab622b,Substantivo
it,Italian,sul,su,pr,+il<det;def;m;sg,274,0.9352,0.9472,6.18,569,223546b4ed5752bcbb3d52873d44b540,Preposição
it,Italian,bevanda,bevanda,n,f;sg,1724,0.9357,0.9385,5.73,570,78115bacb9c8e491d82a5e654f44006f,Substantivo
it,Italian,mangiamo,mangiare,vblex,pri;p1;pl,2079,0.9357,0.9374,6.12,570,9dcb87ba910456b572460e5e72cdcfb7,Verbo
it,Italian,capire,capire,vblex,pri;*pers;*numb,412,0.9357,0.934,3.18,570,b14c1fbf34bd2c1b95df25ada13e7fd8,Verbo
it,Italian,piazza,piazza,n,f;*numb,140,0.9357,0.9404,3.81,570,c3b92e936abaa370e84245b31be8ae7b,Substantivo
it,Italian,pezzo,pezzo,n,m;*numb,109,0.9358,0.9375,3.38,574,930809c0966e9d2a6e96aa13b683c678,Substantivo
it,Italian,quando,quando,adv,itg,863,0.9359,0.941,7.67,575,f1e44daf819ca106d8c7b8e9494e8432,Advérbio
it,Italian,l',il,det,def;mf;sg,5074,0.936,0.9408,7.45,576,f81c44c480142e3f01f0e5737f7e8bac,Determinante
it,Italian,enorme,enorme,adj,mf;*numb,152,0.9364,0.9299,4.05,577,290e815d93653e3d13979d367f9725cf,Adjetivo
it,Italian,febbraio,febbraio,n,m;*numb,193,0.937,0.9336,5.58,578,75edc0a9d045ad763b5f3d3aa7229b0c,Substantivo
it,Italian,prego,prego,ij,,628,0.937,0.9394,9.45,578,9a04a9af259780659fa790d55e5e700e,ij
it,Italian,giocare,giocare,vblex,pri;*pers;*numb,159,0.9371,0.9375,3.24,580,12865880d49f491f4ec4c1d5875153b2,Verbo
it,Italian,mucca,mucca,n,f;sg,1640,0.9371,0.941,6.65,580,6a4ca31e16030d1a59f985197fecea66,Substantivo
it,Italian,menu,menu,n,m;sp,1329,0.9371,0.9329,7.12,580,a3dfa73b72f732f2a9754799295dcb21,Substantivo
it,Italian,marrone,marrone,adj,mf;*numb,454,0.9372,0.9347,3.0,583,04000ca597ce7e4ad9ab387a36f3df30,Adjetivo
it,Italian,cavallo,cavallo,n,m;sg,1502,0.9374,0.94,4.92,584,c6674586e04408d157ed07f180c52bb6,Substantivo
it,Italian,carota,carota,n,f;sg,2086,0.9375,0.9398,6.25,585,cf42e5d33bdbdfe5a870aa328bad5e22,Substantivo
it,Italian,donne,donna,n,f;pl,2646,0.9376,0.942,10.52,586,6f41c72961651437ef4b76ae7c94cdc9,Substantivo
it,Italian,torta,torta,n,f;sg,2074,0.9377,0.9417,5.91,587,d3765ef111f9fea57587d69ccc0c0657,Substantivo
it,Italian,nuovo,nuovo,adj,*gndr;*numb,145,0.9379,0.9388,3.27,588,06453639483ebe4930f430f94a007152,Adjetivo
it,Italian,arrivederci,arrivederci,ij,,2663,0.9379,0.9333,8.65,588,e525865ed08dc764757a8c767412a33c,ij
it,Italian,difficile,difficile,adj,mf;*numb,121,0.938,0.9385,3.48,590,7cb312f145e91f0678d6929327854dba,Adjetivo
it,Italian,forchette,forchetta,n,f;pl,1140,0.938,0.9437,5.0,590,b345a1955c1d133f1ec77c943aff6009,Substantivo
it,Italian,scrivi,scrivere,vblex,pri;p2;sg,2018,0.9383,0.9396,6.27,592,14781b6bcfcfcaaf954edc771d25d8a4,Verbo
it,Italian,coperta,coperta,n,f;*numb,181,0.9384,0.9449,5.91,593,c9c30ff43f619c857f9c8e59700b7c1b,Substantivo
it,Italian,diventare,diventare,vblex,pri;*pers;*numb,285,0.9386,0.9398,2.72,594,ec9a1e6b30e4b47760cb074d92d44a15,Verbo
it,Italian,scrivania,scrivania,n,f;*numb,196,0.9388,0.9442,4.74,595,ac2634438ba4bc4be72bd8e032c57067,Substantivo
it,Italian,propri,proprio,det,pos;m;pl,120,0.9389,0.9375,3.18,596,b17ba001e7bb61e74d831f42172ec551,Determinante
it,Italian,settembre,settembre,n,m;*numb,197,0.9391,0.9343,4.81,597,8368985b0937bbe159c37cd07a0e28bd,Substantivo
it,Italian,grammo,grammo,n,m;*numb,173,0.9393,0.9375,3.55,598,60803b36ebcc9de49e5b1193111c7330,Substantivo
it,Italian,domanda,domanda,n,f;*numb,817,0.9395,0.9407,6.11,599,e1375c578c5c98d2a9b6183749375417,Substantivo
it,Italian,cane,cane,n,m;sg,1728,0.9396,0.9408,6.75,600,80ab2c124a02226a0b67b33b1eb07b67,Substantivo
it,Italian,azzurro,azzurro,adj,*gndr;*numb,579,0.9396,0.9436,3.46,600,bd5024d138f57a5cac44d385fd190c1a,Adjetivo
it,Italian,sedia,sedia,n,f;*numb,174,0.9397,0.9474,4.67,602,51d1041a5100abf435241ba2281c87cd,Substantivo
it,Italian,sale,sale,n,m;sg,1017,0.9399,0.9375,5.41,603,028ba932426484349e20ea8a4ac76ddc,Substantivo
it,Italian,dieta,dieta,n,f;sg,1610,0.9401,0.9438,4.95,604,3c557a074b7cb1e95537dbec5ec4e425,Substantivo
it,Italian,marito,marito,n,m;*numb,246,0.9404,0.942,5.18,605,4442d5563c4034ecf1edc35e73e6a96f,Substantivo
it,Italian,aspettare,aspettare,vblex,pri;*pers;*numb,344,0.9404,0.9395,2.85,605,68070451f77d99fdecd848448da429a5,Verbo
it,Italian,famiglia,famiglia,n,f;*numb,270,0.9404,0.9425,6.24,605,bb0a5bdc9fd21db5573fa009e78442e8,Substantivo
it,Italian,cucina,cucina,n,f;sg,2313,0.9405,0.9425,9.47,608,6522eecf15c0ec629881e96f6a5466eb,Substantivo
it,Italian,seggiola,seggiola,n,f;*numb,150,0.9407,0.9341,3.89,609,6f2802522e7645ee5be3f442371c1172,Substantivo
it,Italian,arancia,arancia,n,f;sg,1078,0.9408,0.9447,5.7,610,fc1b93172eef30156a0b8c388c72571c,Substantivo
it,Italian,grande,grande,adj,*gndr;*numb,160,0.9409,0.9499,6.84,611,5558e8ee60fa9dddf234053aab17efc3,Adjetivo
it,Italian,taglia,tagliare,vblex,pri;p3;sg,1784,0.941,0.9427,5.81,612,14066518ba6c28fc8f8260dcf4f86a69,Verbo
it,Italian,preferire,preferire,vblex,pri;*pers;*numb,119,0.9412,0.944,4.13,613,06df5161942fb4089776c2f964db8eb8,Verbo
it,Italian,verde,verde,adj,*gndr;*numb,511,0.9416,0.9418,2.71,614,64b05cd661c747ee4b06418a6a49ebe3,Adjetivo
it,Italian,nostra,nostro,det,pos;f;pl,1217,0.9416,0.9419,8.46,614,6f112898156c822226500fc66a6344c7,Determinante
it,Italian,supermercato,supermercato,n,m;*numb,120,0.9417,0.9435,3.73,616,4d4521b68397f0c243ee7fe75bcebb60,Substantivo
it,Italian,griglia,griglia,n,f;sg,1212,0.9422,0.9443,7.51,617,c4daa3d396b736a9273d2266ba479c22,Substantivo
it,Italian,donna,donna,n,f;*numb,104,0.9423,0.9556,60.22,618,2e1d1669f524d5548cf8f4a88d952de3,Substantivo
it,Italian,cos',cosa,prn,itg;mf;sg,751,0.9423,0.9374,8.74,618,ed79cf80a8e1a0c0e07a80e2f8317655,Pronome
it,Italian,straniero,straniero,adj,*gndr;*numb,110,0.9424,0.9435,3.67,620,8c0f84c285c621bd1450a4c658058969,Adjetivo
it,Italian,mais,mais,n,m;sp,1875,0.9425,0.9416,6.38,621,3a58a776296282dab3c6615d4d899fd7,Substantivo
it,Italian,bianco,bianco,n,m;*numb,588,0.9425,0.9403,3.24,621,d059f85025f0c70110e6bbda6fc7faa4,Substantivo
it,Italian,aprile,aprile,n,m;*numb,167,0.9426,0.932,4.8,623,a7919e3d3b6e444fd2d780a74f8f7cc4,Substantivo
it,Italian,dentro,dentro,adv,,111,0.9426,0.9371,5.3,623,b6981b7c7a413b8367e17e67a13fd63e,Advérbio
it,Italian,municipio,municipio,n,m;*numb,108,0.9426,0.9478,5.54,623,e013bf9e0e54943ccdf1aefae12d9f33,Substantivo
it,Italian,te,te,prn,tn;p2;mf;sg,147,0.9427,0.9412,6.22,626,6137b612a2f98957ac3426186fb58825,Pronome
it,Italian,comunità,comunità,n,f;sp,132,0.9429,0.9268,4.36,627,8dc2bf97a31f0b05f6e8e0fb63fa5d03,Substantivo
it,Italian,cena,cena,n,f;sg,1550,0.9429,0.9478,5.52,627,c88286aea67e6fb53d9ac62639e2add7,Substantivo
it,Italian,scriviamo,scrivere,vblex,pri;p1;pl,2238,0.9431,0.9465,7.46,629,c309996319a381cb4f789bfd5e7ea8d4,Verbo
it,Italian,nostri,nostri,prn,pos;m;pl,881,0.9432,0.9449,5.63,630,8866ec39405a5dd5c2f0de63d9679ecd,Pronome
it,Italian,già,già,adv,,124,0.9433,0.9505,5.94,631,21f67b089041e6f00834958a7ea8732c,Advérbio
it,Italian,farfalla,farfalla,n,f;sg,1479,0.9433,0.9452,5.74,631,a5acb16a326e9c220f6700f7faaf1401,Substantivo
it,Italian,ventilatore,ventilatore,n,m;*numb,106,0.9434,0.9492,3.63,633,2d1b6348a6867407c3584f987c4bae44,Substantivo
it,Italian,cuscino,cuscino,n,m;*numb,159,0.9434,0.9458,3.82,633,e70fd9b6a11c82fef2f7393dfa1d61bc,Substantivo
it,Italian,architetto,architetto,n,m;*numb,201,0.9436,0.9478,5.8,635,097c48b05f07734a51f7e4b8b0615e40,Substantivo
it,Italian,magari,magari,adv,,111,0.9437,0.9496,4.8,636,4112e7b4b7e5ad94e0121c4399c47ef4,Advérbio
it,Italian,alto,alto,adj,*gndr;*numb,142,0.9437,0.9448,3.61,636,76473c6f3daef009d2cb3176227b7af3,Adjetivo
it,Italian,limonata,limonata,n,f;sg,1123,0.9438,0.9499,5.92,638,7c332db2f5d81f34ff8cfeaccfcc6d8a,Substantivo
it,Italian,ricco,ricco,adj,*gndr;*numb,107,0.9439,0.9435,3.9,639,9f1669445ae2231d77f244631d53076e,Adjetivo
it,Italian,mia,mio,det,pos;f;sg,1101,0.9439,0.9465,7.36,639,e1616fe3dca848d6c31e570268cc6909,Determinante
it,Italian,panino,panino,n,m;sg,1268,0.944,0.9408,8.28,641,9bd9d7243cac93a602faba0d0a5884fb,Substantivo
it,Italian,banane,banana,n,f;pl,1373,0.944,0.9376,6.07,641,f716ce452a5bd47b126b33a3c4949fa7,Substantivo
it,Italian,cavalli,cavallo,n,m;pl,1262,0.9443,0.9466,5.57,643,237e509044960d161e5ba80790d41f0a,Substantivo
it,Italian,bevo,bere,vblex,pri;p1;sg,3996,0.9444,0.9447,6.82,644,79bc604cac932a2b9dd8df4ed021892d,Verbo
it,Italian,vecchio,vecchio,adj,*gndr;*numb,153,0.9444,0.9441,3.35,644,a1b58021d90496e096a1ee8eae118bf3,Adjetivo
it,Italian,dopo,dopo,pr,,376,0.9446,0.9388,6.69,646,42e36eee2068f86c46ed13dd1fc4af27,Preposição
it,Italian,meccanico,meccanico,n,m;*numb,217,0.9447,0.9427,3.81,647,b1cfafdeae5094ca9b331cd637dbb9f6,Substantivo
it,Italian,chiamare,chiamare,vblex,pri;*pers;*numb,363,0.9449,0.9486,3.37,648,1510faeff5253a609bc7a94003024d25,Verbo
it,Italian,balena,balena,n,f;sg,1439,0.9449,0.9428,6.29,648,7f6caadb2b2cfe3a0907206dc380a8f0,Substantivo
it,Italian,collina,collina,n,f;*numb,100,0.945,0.9397,3.5,650,1cbb3347d0ae68cf60f600c7eb61a182,Substantivo
it,Italian,tuo,tuo,det,pos;m;sg,1202,0.9455,0.9451,7.61,651,ed012f50a9b31e368d821964c42da856,Determinante
it,Italian,fa,fa,adv,,201,0.9455,0.9368,5.9,651,fa534a25133bace86ed378d40ed268c7,Advérbio
it,Italian,marzo,marzo,n,m;*numb,193,0.9456,0.9486,4.89,653,f245e769373fdf37a0d36dd388fb726e,Substantivo
it,Italian,aiutare,aiutare,vblex,pri;*pers;*numb,129,0.9457,0.9485,3.62,654,5957a27103e6061dfeab4c1361adc42e,Verbo
it,Italian,avere,avere,vblex,pri;*pers;*numb,727,0.9457,0.9474,35.83,654,cda607bc1d8cc258974dd202964a3c6a,Verbo
it,Italian,giallo,giallo,adj,*gndr;*numb,646,0.9458,0.9443,3.42,656,13b12273fc3eea9c1fd239028457861d,Adjetivo
it,Italian,scrivete,scrivere,vblex,pri;p2;pl,2351,0.9462,0.9526,7.51,657,0f0690975c20591df0c5f7f9fdfed6d9,Verbo
it,Italian,pepe,pepe,n,m;sg,1105,0.9464,0.9446,5.92,658,658242fffdcec0d483e6d846ead4506c,Substantivo
it,Italian,gatto,gatto,n,m;sg,1932,0.9466,0.9463,7.12,659,64d8f43cd22747c2debc6896614827b6,Substantivo
it,Italian,rimanere,rimanere,vblex,pri;*pers;*numb,418,0.9466,0.9463,3.11,659,726f389db907347cd76ced1015c337c1,Verbo
it,Italian,tra,tra,pr,,340,0.9467,0.943,6.87,661,a8e2259801f0eade8da789472d490a5d,Preposição
it,Italian,birre,birra,n,f;pl,1353,0.9469,0.9497,5.93,662,c6f10f7ce91a15789179d30ac6beaa69,Substantivo
it,Italian,capitano,capitano,n,m;*numb,174,0.9471,0.9482,4.32,663,9fd9dbd2086e6a112ed1f7ef9ded8204,Substantivo
it,Italian,conduttore,conduttore,n,*gndr;*numb,143,0.9476,0.9438,4.27,664,31dcd9f9017c81806211bf5878406d1d,Substantivo
it,Italian,dov',dove,adv,,796,0.9476,0.9564,12.64,664,c5fd9d9c41734ea3ac82a81735b15177,Advérbio
it,Italian,fame,fame,n,f;sg,1132,0.9477,0.9529,7.18,666,70306c50d98a863d192cd1264eee54dc,Substantivo
it,Italian,ruota,ruota,n,f;*numb,125,0.948,0.9453,3.54,667,230effa5f9993aadfa849c72b75811fb,Substantivo
it,Italian,cucina,cucina,n,f;*numb,187,0.9481,0.9472,25.43,668,2ce3a3b3d1cb54633c01964acb45d353,Substantivo
it,Italian,moderno,moderno,adj,*gndr;*numb,121,0.9483,0.9481,3.72,669,2e2375cef0bc05b88acaef8c69c15549,Adjetivo
it,Italian,studiare,studiare,vblex,pri;*pers;*numb,145,0.9483,0.9467,3.49,669,544118a685fe664e12cd9f4a5b24b7c4,Verbo
it,Italian,tasca,tasca,n,f;*numb,639,0.9486,0.9504,3.82,671,4fb523a6e545e89086e9b77ba32235aa,Substantivo
it,Italian,appartamento,appartamento,n,m;*numb,201,0.9486,0.9502,5.6,671,9316e28a599c77489ddffe1e33822f6c,Substantivo
it,Italian,mucche,mucca,n,f;pl,1150,0.9491,0.9479,5.37,673,e2c8740a2ad94d40b126aa2ff744e289,Substantivo
it,Italian,domani,domani,adv,,405,0.9492,0.9508,9.34,674,05063101784e31c854003428af2ca406,Advérbio
it,Italian,no,no,adv,,2744,0.9492,0.9477,4.93,674,4550b9d195806a681677254976071ead,Advérbio
it,Italian,contadino,contadino,n,m;*numb,235,0.9493,0.9489,5.6,676,6526bae015f89ea930c775d7f0604543,Substantivo
it,Italian,vasca,vasca,n,f;*numb,160,0.9493,0.9346,6.15,676,bce95d02f2a378a4188d5902fe9205d4,Substantivo
it,Italian,verdura,verdura,n,f;sg,1609,0.9496,0.9477,6.45,678,1e62ecc520ee52d3d7a30e24d05da1e5,Substantivo
it,Italian,frutta,frutta,n,f;sg,2906,0.9497,0.9519,7.15,679,5481f195e13174e3487e4390cf6259f8,Substantivo
it,Italian,quarto,quarto,n,m;*numb,169,0.9497,0.9505,5.86,679,6ddb43439f8d97f2fdca17282e0df789,Substantivo
it,Italian,spiacente,spiacente,adj,mf;sg,2300,0.9499,0.9523,11.1,681,d6fcb23db9e584c6c8e867b9b228b63a,Adjetivo
it,Italian,l',l',prn,tn;enc;p3;mf;sg,138,0.95,0.9302,7.17,682,bcf979b0f863be3ca5819a4e0e2e60e5,Pronome
it,Italian,pescatore,pescatore,n,*gndr;*numb,217,0.9501,0.941,5.78,683,ca1fc02c6339a19e17a225b8370561d2,Substantivo
it,Italian,pesci,pesce,n,m;pl,1233,0.9503,0.9515,5.66,684,aeeab1e32f49932c2328bced87242ece,Substantivo
it,Italian,vesti,vestire,vblex,pri;p2;sg,710,0.9507,0.9603,5.44,685,9880386256cb7cff4272ae275c7285c3,Verbo
it,Italian,agli,a,pr,+il<det;def;m;pl,256,0.9508,0.956,5.49,686,8553ea39a2cc31bb7e39189f3d9e913a,Preposição
it,Italian,secolo,secolo,n,m;*numb,204,0.951,0.9524,4.02,687,6bab1643c3a96a010b3b3f67e93464d2,Substantivo
it,Italian,scarpa,scarpa,n,f;*numb,823,0.951,0.9509,4.32,687,a3f6df94059ac26792575b49210782b5,Substantivo
it,Italian,banana,banana,n,f;sg,2193,0.9512,0.9469,6.51,689,21530ddeea9be9064dc3898af43b5cc0,Substantivo
it,Italian,mamma,mamma,n,f;*numb,246,0.9512,0.9573,4.77,689,9330e13c6d8879439a251b373924e60f,Substantivo
it,Italian,lungo,lungo,adj,*gndr;*numb,144,0.9514,0.9514,3.56,691,a712f1c3ca3850c2857cc6ff5436a484,Adjetivo
it,Italian,insalata,insalata,n,f;sg,942,0.9515,0.9501,5.59,692,5c2a8d6c3dc8efc9ce60d3cc59973434,Substantivo
it,Italian,dimostrare,dimostrare,vblex,pri;*pers;*numb,110,0.9515,0.9457,3.59,692,be45f15c1b82ee228e0bdc9f9ad9ad7d,Verbo
it,Italian,pronto,pronto,adj,*gndr;*numb,134,0.9515,0.951,3.95,692,ebbb25de4b8d23271b1afa12f6565bc4,Adjetivo
it,Italian,pasta,pasta,n,f;sg,1413,0.9519,0.9529,6.66,695,0fb4e5ccfe03dd44e8d01c3f6f881bf4,Substantivo
it,Italian,finalmente,finalmente,adv,,111,0.952,0.96,5.84,696,8182a89d85c7a30fc3b9f9e6991f8b01,Advérbio
it,Italian,sofà,sofà,n,m;sp,136,0.9522,0.9573,4.65,697,0c7c00989ed4b87cc6e704712beec291,Substantivo
it,Italian,costume,costume,n,m;*numb,639,0.9522,0.9544,3.9,697,78b689e6966cc30d926e7279d9296bab,Substantivo
it,Italian,momento,momento,n,m;*numb,232,0.9526,0.9547,4.39,699,e7631debadfe073a9128f4f59ecd73b5,Substantivo
it,Italian,lungo,lungo,pr,,222,0.9527,0.9594,4.76,700,0068e161f9f85fd70589cd706cc8ccf3,Preposição
it,Italian,libreria,libreria,n,f;*numb,103,0.9531,0.9469,3.34,701,846bf524ddf788c6665f25f2a2280ef8,Substantivo
it,Italian,leggere,leggere,vblex,pri;*pers;*numb,161,0.9534,0.9497,87.97,702,e167ed40dd4ec0da9f3c84718096e5dc,Verbo
it,Italian,mensilmente,mensilmente,adv,,237,0.9536,0.9555,6.66,703,1e607605d745abc57a28c8895c76da85,Advérbio
it,Italian,ombrello,ombrello,n,m;*numb,625,0.9536,0.9532,3.44,703,5fd60076353e61b1bc911efa0b3b7880,Substantivo
it,Italian,pagliaccio,pagliaccio,n,m;*numb,231,0.9545,0.9617,6.33,705,9afe51797bc27c0a25ca06fb57ff6b0f,Substantivo
it,Italian,periodo,periodo,n,m;*numb,199,0.9548,0.9559,4.69,706,ded9108d34c77516d20a63103d9d86ff,Substantivo
it,Italian,credere,credere,vblex,pri;*pers;*numb,423,0.9551,0.9551,3.07,707,7a27f91885d9b3ebef81e1cec03742e6,Verbo
it,Italian,grazie,grazie,ij,,2313,0.9554,0.9556,11.11,708,a3cf16fca592d0c4af6d44b6e3abb11b,ij
it,Italian,sì,sì,adv,,2327,0.9554,0.9582,10.24,708,d42adb3343d855fa2a1e94295a90c6dd,Advérbio
it,Italian,vi,vi,prn,pro;p2;mf;pl,118,0.9555,0.9467,6.25,710,62a9b1af19c1b5b5ff2678067a456610,Pronome
it,Italian,lupo,lupo,n,m;sg,1290,0.956,0.9578,6.19,711,dfbdccd9faa4ca53d719bb681a359af3,Substantivo
it,Italian,vesto,vestire,vblex,pri;p1;sg,822,0.9562,0.9604,5.04,712,3f749418a008334a16eda65c55e74bb9,Verbo
it,Italian,ciclo,ciclo,n,m;*numb,183,0.9563,0.9588,4.23,713,67b96d0f1e894b24839729c23fb5565b,Substantivo
it,Italian,pollo,pollo,n,m;sg,2758,0.9565,0.956,8.34,714,6143e352e91b669cf981ae573caa8557,Substantivo
it,Italian,piatti,piatto,n,m;pl,1246,0.9567,0.9627,5.59,715,a81f7af9f3fc80526fd782001aa3614e,Substantivo
it,Italian,riscaldamento,riscaldamento,n,m;*numb,124,0.957,0.9562,3.88,716,ef25322fcde228643a8df142bb6bff9c,Substantivo
it,Italian,zio,zio,n,*gndr;*numb,275,0.957,0.9555,4.11,716,f29b23800cfe0ad2dbb345261a297804,Substantivo
it,Italian,caldo,caldo,adj,*gndr;*numb,105,0.9571,0.9554,3.34,718,0cd958caf613ba855fd286c4fc11a5f7,Adjetivo
it,Italian,scegliere,scegliere,vblex,pri;*pers;*numb,140,0.9571,0.9533,3.61,718,48b59327321cb4086662e2f6231793f7,Verbo
it,Italian,cintura,cintura,n,f;*numb,703,0.9573,0.959,3.8,720,1c6be4c635256a624db48d5843c819d6,Substantivo
it,Italian,pasticceria,pasticceria,n,f;*numb,125,0.9573,0.9568,3.94,720,f067bf584e6fc9beae66f3b6982f57c5,Substantivo
it,Italian,scrivo,scrivere,vblex,pri;p1;sg,1946,0.9576,0.9644,5.09,722,11dd28d6b069f60bb8b0ddf9cb17e20f,Verbo
it,Italian,morire,morire,vblex,pri;*pers;*numb,264,0.9576,0.9564,3.44,722,957d01fc5e23a2e1248d0648a9e06945,Verbo
it,Italian,girare,girare,vblex,pri;*pers;*numb,107,0.9579,0.955,3.05,724,8beba734e2cd513cc494786ca53bbee1,Verbo
it,Italian,attraversare,attraversare,vblex,pri;*pers;*numb,125,0.958,0.9559,4.1,725,e4c76774113233c5ea2ad6181b8364f8,Verbo
it,Italian,porta,porta,n,f;*numb,208,0.9582,0.958,5.31,726,61a7300b13eb13d217022da241d444b3,Substantivo
it,Italian,sciampo,sciampo,n,m;*numb,104,0.9583,0.955,3.17,727,5a68ffe4cbb6c29946cc7a6ee7d3d00c,Substantivo
it,Italian,regalo,regalo,n,m;*numb,120,0.9583,0.9587,2.88,727,7e91b175e5c1142d358e5fb91281a448,Substantivo
it,Italian,strano,strano,adj,*gndr;*numb,133,0.9586,0.9615,4.07,729,bca3b394d967b7327f1efd87854ed0e3,Adjetivo
it,Italian,quasi,quasi,adv,,134,0.959,0.9617,6.85,730,857ecdbf731b55d531390ba9d3e892d8,Advérbio
it,Italian,mentre,mentre,cnjcoo,,573,0.9593,0.9607,8.76,731,963f833c94f4ca1bbfaa1c95ce899c7b,Conjunção
it,Italian,toro,toro,n,m;sg,1274,0.96,0.9595,4.86,732,5e567093bcbff0abe2a3d7c0d48e4896,Substantivo
it,Italian,bello,bello,adj,*gndr;*numb,134,0.9602,0.9592,4.43,733,e0fb02f59d7dd39e354cb4bcea986f57,Adjetivo
it,Italian,libero,libero,adj,*gndr;*numb,126,0.9603,0.964,3.54,734,257659dccc02140d3c154a6bd76f00f6,Adjetivo
it,Italian,senz',senza,pr,,254,0.9603,0.962,5.21,734,32e7b19bf6fe5e834a8ae7ba444e26ec,Preposição
it,Italian,bere,bere,vblex,pri;*pers;*numb,611,0.9607,0.9591,92.12,736,b9627a201a4fd5e7c0315e4ce5ec4c93,Verbo
it,Italian,mangiare,mangiare,vblex,pri;*pers;*numb,604,0.9611,0.9606,94.22,737,447d41d5adaf20217246b10ea2d93928,Verbo
it,Italian,davvero,davvero,adv,,125,0.9611,0.9578,6.95,737,687dbc157b0fdc606a618fc8f0e77b9f,Advérbio
it,Italian,guanto,guanto,n,m;*numb,753,0.9613,0.9632,5.04,739,887f3bff231d899947c78c0fbad4e9c7,Substantivo
it,Italian,beviamo,bere,vblex,pri;p1;pl,2022,0.9614,0.9565,8.12,740,6022acb6e855c19ab110c9860854192c,Verbo
it,Italian,pericoloso,pericoloso,adj,*gndr;*numb,117,0.9615,0.9597,3.43,741,078f6c3e7ecba1f50cc0507cced99245,Adjetivo
it,Italian,costruire,costruire,vblex,pri;*pers;*numb,114,0.962,0.9606,2.72,742,0a6918ddef3a588c7293142e59561136,Verbo
it,Italian,caro,caro,adj,*gndr;*numb,100,0.9625,0.9554,3.68,743,9ac9fffb215c3824dd75e620ef4bc242,Adjetivo
it,Italian,certo,certo,adv,,124,0.9637,0.9595,6.59,744,856b921bd44e66067189a57a2e44ad29,Advérbio
it,Italian,pagare,pagare,vblex,pri;*pers;*numb,138,0.9638,0.9645,3.53,745,3b3a9c8309a11f8d198eb0c250d04541,Verbo
it,Italian,tappeto,tappeto,n,m;*numb,171,0.9639,0.9614,5.77,746,9ae64eb47ba7b1b608a5f263e7ddb08b,Substantivo
it,Italian,taglio,tagliare,vblex,pri;p1;sg,1656,0.9641,0.9651,4.95,747,5944fdf690d8ddc8d14b5e2d30accc56,Verbo
it,Italian,farfalle,farfalla,n,f;pl,1196,0.9644,0.966,5.54,748,176846a2261f2ed9e8e5d60c27a62d32,Substantivo
it,Italian,forte,forte,adj,mf;*numb,170,0.9647,0.9669,4.49,749,8dd9e906d875c2fd3d3f391933599a52,Adjetivo
it,Italian,lavorare,lavorare,vblex,pri;*pers;*numb,454,0.9648,0.9654,3.58,750,1ba97da8e03fda0745fd355e71829630,Verbo
it,Italian,parlare,parlare,vblex,pri;*pers;*numb,508,0.9656,0.965,3.79,751,fb4ccb26cd8791ebe1aab027c977d646,Verbo
it,Italian,scrivere,scrivere,vblex,pri;*pers;*numb,574,0.966,0.9645,64.83,752,a839f790dd802422fd5ae6bb80fc4a55,Verbo
it,Italian,scatola,scatola,n,f;*numb,118,0.9661,0.9675,3.75,753,3f2d0eb07863b96a66c77fd5dd24e2ba,Substantivo
it,Italian,pesce,pesce,n,m;sg,1888,0.9662,0.9673,7.28,754,c8a93988f7ba8cede0a5c7e1684cf19c,Substantivo
it,Italian,pensare,pensare,vblex,pri;*pers;*numb,314,0.9663,0.9697,3.46,755,af1dfed0a9c17ea119596a5c4af81da7,Verbo
it,Italian,mia,mia,prn,pos;f;sg,838,0.9665,0.9689,5.5,756,db7a265840683472554b96dfc8b53502,Pronome
it,Italian,sandalo,sandalo,n,m;*numb,644,0.9666,0.9652,3.99,757,91122b458ac620762c5e0fa5b7e88240,Substantivo
it,Italian,negozio,negozio,n,m;*numb,120,0.9667,0.9704,5.37,758,9bd85c4ee28690d0aaf8b26d429f00af,Substantivo
it,Italian,minuto,minuto,n,m;*numb,210,0.9667,0.9673,4.16,758,9e9093d7a95fd4dc434e0c6d6c3fda8a,Substantivo
it,Italian,vero,vero,adj,*gndr;*numb,151,0.9669,0.9697,3.61,760,dcc1026275d49e039eafb19e8b5e4b14,Adjetivo
it,Italian,ricordare,ricordare,vblex,pri;*pers;*numb,313,0.9681,0.9697,2.96,761,9c136e44ec8bf31db8d33a2c4066f642,Verbo
it,Italian,primavera,primavera,n,f;*numb,209,0.9694,0.9661,4.98,762,853d348dd440e0277520a5cf07459511,Substantivo
it,Italian,dopo,dopo,adv,,108,0.9699,0.9722,5.56,763,dbfbf91de876578beff15f6208284b34,Advérbio
it,Italian,famoso,famoso,adj,*gndr;*numb,111,0.97,0.9695,3.69,764,1d3bab353a7f4bcce498dcd146a141be,Adjetivo
it,Italian,spiegare,spiegare,vblex,pri;*pers;*numb,102,0.9706,0.9727,3.25,765,b1080ee5e7bd139b424ae5de9a80d250,Verbo
it,Italian,cugino,cugino,n,m;*numb,244,0.9713,0.9728,3.83,766,0822451113977eafa86260f98b4460df,Substantivo
it,Italian,assolutamente,assolutamente,adv,,107,0.972,0.9783,5.56,767,b74cf94d89d93b8dcf77c83064f59b74,Advérbio
it,Italian,teatro,teatro,n,m;*numb,128,0.9727,0.9708,2.99,768,fbdb09b501cccc2abf5afb03da673950,Substantivo
it,Italian,balcone,balcone,n,m;*numb,204,0.973,0.9686,6.25,769,e26739cfa9411ff03c95fbee6768b1f6,Substantivo
it,Italian,castello,castello,n,m;*numb,127,0.9744,0.971,3.73,770,f34cdccde5511c9a4920512f9c9601de,Substantivo
it,Italian,calendario,calendario,n,m;*numb,236,0.9746,0.9738,4.94,771,98e226d815a203878cb2feb41706e8dc,Substantivo
it,Italian,litro,litro,n,m;*numb,178,0.9747,0.9746,3.59,772,6e231ed414244b335da139a0bfce4bb6,Substantivo
it,Italian,coppia,coppia,n,f;*numb,167,0.976,0.9713,7.35,773,f7444381f78a7527e5ec6d11537331e1,Substantivo
it,Italian,limpido,limpido,adj,*gndr;*numb,170,0.9765,0.9777,4.16,774,96e1c7dfc15e8ef29786c71ae966e328,Adjetivo
it,Italian,provincia,provincia,n,f;*numb,122,0.9768,0.971,4.2,775,732b08b0252120946f5e3f606099ff8c,Substantivo
it,Italian,ascoltare,ascoltare,vblex,pri;*pers;*numb,137,0.9781,0.9726,4.04,776,5a7d667484e7c48da0789151f66d828d,Verbo
it,Italian,normale,normale,adj,mf;*numb,117,0.9786,0.9766,4.13,777,e50a6c4492a928eb7fff6e062dfe210c,Adjetivo
it,Italian,busta,busta,n,f;*numb,101,0.9802,0.9817,3.69,778,d7dcff5c5fd3b559455102d490fc5e6b,Substantivo
it,Italian,minuscolo,minuscolo,adj,*gndr;*numb,158,0.981,0.9842,3.58,779,1df6502b7c73c37d8fde66662b6c882b,Adjetivo
it,Italian,lana,lana,n,f;*numb,629,0.9817,0.9815,3.88,780,633fae780634e7e4ee15524a7100b555,Substantivo
it,Italian,quando,quando,rel,adv,112,0.9821,0.9839,5.65,781,f3405b593538c3ed645324dad1d56921,rel
it,Italian,perfetto,perfetto,adj,*gndr;*numb,117,0.9829,0.9843,2.95,782,1707bda5763b70a65653db4aa2e28ea0,Adjetivo
it,Italian,ciao,ciao,ij,,2685,0.983,0.9828,5.96,783,1acc6424305304d9bf9744885e36be09,ij
it,Italian,metro,metro,n,m;*numb,178,0.9831,0.9864,4.08,784,095c8d4cffc0ed3533cdbe9cff811e1f,Substantivo
it,Italian,buongiorno,buongiorno,ij,,689,0.9956,0.9956,1.69,785,67c45a07a70d120ca328214b958d4f35,ij
it,Italian,nave,nave,n,f;*numb,100,0.9967,0.9911,3.6,786,c80f26f3bce150b7b9c72c5c3435d765,Substantivo
pt,Portuguese,ontem,ontem,adv,,158,0.6902,0.7549,10.15,1,e44f3f20553dc6b97334e3c7cc574ced,Advérbio
pt,Portuguese,refeição,refeição,n,f;sg,707,0.7097,0.7319,5.71,2,1bece19a78aa1e4bc6a60f8f3a586d8f,Substantivo
pt,Portuguese,vermelhas,vermelho,adj,f;pl,105,0.7111,0.7287,1.21,3,2e327d99285380dc37273580705b9f85,Adjetivo
pt,Portuguese,dos,de,pr,,134,0.7211,0.781,5.96,4,af1eebabfc2405ba910aadb21f399d6a,Preposição
pt,Portuguese,mãe,mãe,n,f;*numb,102,0.7235,0.7445,7.64,5,1660d9229e9306972d17eeb3809cc5cd,Substantivo
pt,Portuguese,desde,desde,pr,,199,0.7264,0.7455,9.69,6,826a902bc42b3ac85918087164174ab0,Preposição
pt,Portuguese,sobre,sobre,pr,,139,0.7356,0.7487,8.29,7,bc8e6758352ebb324f21a18adba222f7,Preposição
pt,Portuguese,daquela,de,pr,,187,0.7359,0.7912,8.86,8,d0f1e23cf6e1b6c4dbb5579a48636844,Preposição
pt,Portuguese,para,para,pr,,203,0.737,0.7549,12.91,9,c9cb6b63130f2106c3923796e5bf206b,Preposição
pt,Portuguese,xícara,xícara,n,f;sg,935,0.7422,0.7689,4.74,10,0db9e3b501108f13924dfacff858f7f2,Substantivo
pt,Portuguese,no,em,pr,,129,0.7432,0.7751,7.83,11,31e86107dcea77c58fdcb216163080df,Preposição
pt,Portuguese,quem,quem,prn,itg;mf;sp,249,0.7475,0.7825,6.43,12,9b00480041dadd36404f2486050810d6,Pronome
pt,Portuguese,na,em,pr,,144,0.75,0.7913,8.47,13,22f60a6244e35bbb54e4a7549b16de1b,Preposição
pt,Portuguese,a,a,pr,,237,0.7641,0.768,9.45,14,e53d8ab35be3575d05d07bfb813a4fb3,Preposição
pt,Portuguese,sem,sem,pr,,165,0.7662,0.8125,8.16,15,21c8cde3f6c85e3c10e2c34fa22a98b7,Preposição
pt,Portuguese,à,a,pr,,145,0.7677,0.792,5.96,16,dcef94635c3e85698d9dcf7395eb9c63,Preposição
pt,Portuguese,disso,de,pr,,113,0.7677,0.8057,5.75,16,e4a988b72c4445744c5f45dc888f16dc,Preposição
pt,Portuguese,em,em,pr,,191,0.7683,0.7537,9.64,18,198cdd0e57c4c9253faef8608a207f10,Preposição
pt,Portuguese,luva,luva,n,f;*numb,263,0.776,0.7833,3.15,19,e5763e76d689659be63b7865507b9711,Substantivo
pt,Portuguese,limão,limão,n,m;sg,746,0.7772,0.7898,5.88,20,b2d23288ff0972123a68769dd30727eb,Substantivo
pt,Portuguese,traje,traje,n,m;*numb,368,0.7794,0.7786,4.08,21,6e820e73c9936c1c90e20a174f3dd1ad,Substantivo
pt,Portuguese,do,de,pr,,285,0.7806,0.8203,10.8,22,c5d8e931daa3b10d479f41fba0c57404,Preposição
pt,Portuguese,que,que,prn,itg;mf;sg,344,0.7815,0.791,5.46,23,fb50f4de39fd14ecee2b1e04cfd10928,Pronome
pt,Portuguese,daqui,de,pr,,114,0.7882,0.8416,6.39,24,b07df0447acbd83b271935e7317941c2,Preposição
pt,Portuguese,férias,férias,n,f;pl,114,0.7947,0.8301,4.96,25,b35356998f325e1c237464b2bada2ce1,Substantivo
pt,Portuguese,às,a,pr,,172,0.7994,0.8271,6.0,26,c198fdbbf74e825b205af212b2347253,Preposição
pt,Portuguese,irmão,irmão,n,*gndr;*numb,117,0.8034,0.8074,7.87,27,2a34b51010a434b99ec66a031881d767,Substantivo
pt,Portuguese,pegar,pegar,vblex,pri;*pers;*numb,132,0.8048,0.8257,5.67,28,8684fc9be755f63eec6356d290ab4fa7,Verbo
pt,Portuguese,da,de,pr,,296,0.8051,0.8073,14.1,29,61f7f7fca06098c46feb2070f62a5fcf,Preposição
pt,Portuguese,exceto,exceto,pr,,117,0.8113,0.8323,5.35,30,b17ed5a2515440edd4b4feb6961e8557,Preposição
pt,Portuguese,pelos,por,pr,,118,0.8114,0.8293,5.53,31,3d7ff837a6a0639fd75e4ed92fdb9eb1,Preposição
pt,Portuguese,quê,quê,prn,itg;mf;sp,242,0.812,0.8083,3.9,32,c214fbc04cd7de1edeb086373ccfa292,Pronome
pt,Portuguese,até,até,pr,,122,0.8128,0.8579,7.2,33,2d31fcb7e3781d53d073d32874dcb5f4,Preposição
pt,Portuguese,muito,muito,adv,,122,0.8154,0.8351,12.42,34,8062d15e421b4e7e1834e6c3b2947969,Advérbio
pt,Portuguese,por,por,pr,,225,0.8304,0.855,11.37,35,80bbc18ce67903b3b5f9f3c2facff84e,Preposição
pt,Portuguese,roxo,roxo,adj,*gndr;*numb,258,0.8307,0.8231,2.61,36,6f42dc67e7fc4ba7cac0b5805ce3638e,Adjetivo
pt,Portuguese,ah,ah,ij,,1060,0.8323,0.8404,5.87,37,9283e507857ff74aa2bd27b45529ec7f,ij
pt,Portuguese,tardes,tarde,n,f;pl,1257,0.833,0.8233,22.5,38,72a099e2e79bcb8593c3754a9e34b570,Substantivo
pt,Portuguese,colher,colher,n,f;sg,748,0.8331,0.8439,4.79,39,347efefc2fa924b5274af5d8431b629b,Substantivo
pt,Portuguese,copo,copo,n,m;sg,1408,0.8349,0.8371,8.43,40,fd840152e853feb97f262513fe399e81,Substantivo
pt,Portuguese,suas,seu,det,pos;f;pl,758,0.8388,0.8361,6.8,41,8f39c1217e8e40a60baac6a5a5a1348a,Determinante
pt,Portuguese,molho,molho,n,m;sg,1185,0.8417,0.8609,7.36,42,38e25ada70b5c3b8d7dedf4e5d0625fe,Substantivo
pt,Portuguese,veste,vestir,vblex,pri;p3;sg,136,0.8419,0.8429,1.01,43,2b9123975e4ab136cc86e459c540cceb,Verbo
pt,Portuguese,ou,ou,cnjcoo,,348,0.8435,0.8588,18.71,44,d7f196406588a9763567fda6a2e7b396,Conjunção
pt,Portuguese,lê,ler,vblex,pri;p3;sg,1283,0.8439,0.851,14.27,45,b2e1f3421eb5216ac144a5714dbf7d6b,Verbo
pt,Portuguese,jornal,jornal,n,m;sg,1572,0.844,0.8533,13.75,46,52a4409bf910e2a2f7853da394b83004,Substantivo
pt,Portuguese,pai,pai,n,m;*numb,108,0.8441,0.85,6.52,47,9266177fcd30604a107d4e6b9dd3076c,Substantivo
pt,Portuguese,ir,ir,vblex,pri;*pers;*numb,170,0.8441,0.8462,2.55,47,e107131a591326ae622927e3bc3c0495,Verbo
pt,Portuguese,quero,querer,vblex,pri;p1;sg,109,0.8463,0.8487,1.12,49,e07321c588bfe75e4d09b4628517218a,Verbo
pt,Portuguese,porque,porque,cnjadv,,213,0.8464,0.8665,15.0,50,90a6ff64a5f81a48717aa30a09181953,cnjadv
pt,Portuguese,minhas,meu,det,pos;f;pl,706,0.8467,0.8437,7.59,51,edc0b04906d09cf9d4048dc04f41d7db,Determinante
pt,Portuguese,amanhã,amanhã,adv,,243,0.8481,0.8561,13.36,52,0b9a284d61544740b9af9583472dfd47,Advérbio
pt,Portuguese,cor,cor,n,f;*numb,325,0.8482,0.8455,2.71,53,835a343b5a72ee22f1cc94f0d2f535bc,Substantivo
pt,Portuguese,calças,calças,n,f;pl,623,0.849,0.8499,7.08,54,5378fee9d18dc3f1849d366858ea874a,Substantivo
pt,Portuguese,manter,manter,vblex,pri;*pers;*numb,131,0.8492,0.8745,4.92,55,425283152a3d79c0a2dce61da76b36cb,Verbo
pt,Portuguese,chove,chover,vblex,pri;p3;sg,198,0.8496,0.8941,4.29,56,d4eecddf0f9a3f29378d9a0177141ed4,Verbo
pt,Portuguese,nem,nem,cnjcoo,,197,0.8498,0.8841,26.48,57,8030edca8e2e23707ba470ecf8ab283e,Conjunção
pt,Portuguese,hoje,hoje,adv,,364,0.8524,0.8854,15.54,58,8328751cf2a620eefcf55a2239111459,Advérbio
pt,Portuguese,mas,mas,cnjcoo,,301,0.8535,0.875,20.67,59,0fdb1b63b93a895eea9db7f8863975fb,Conjunção
pt,Portuguese,filho,filho,n,*gndr;*numb,113,0.8555,0.8527,6.52,60,8ea32937d1fa8dbd29d7f802a7022512,Substantivo
pt,Portuguese,estou,estar,vblex,pri;p1;sg,448,0.8573,0.8642,4.85,61,99cebc64d09034216ee6c3fe786eeb85,Verbo
pt,Portuguese,dorme,dormir,vblex,pri;p3;sg,118,0.8581,0.8741,1.31,62,2b51dcf0d907e69173dc45be88734e16,Verbo
pt,Portuguese,receita,receita,n,f;sg,622,0.8591,0.8648,4.78,63,6c5ab64f598f2d0e41c6e2032ff18faf,Substantivo
pt,Portuguese,lanche,lanche,n,m;sg,593,0.8609,0.8603,4.31,64,ed9a466bfe4a5c9b563867c72adccba8,Substantivo
pt,Portuguese,leio,ler,vblex,pri;p1;sg,1772,0.8624,0.874,10.11,65,fb2420de60dade031cc534c3cf969189,Verbo
pt,Portuguese,precisar,precisar,vblex,pri;*pers;*numb,138,0.8635,0.8621,3.56,66,3c186c3cbd1aeb9bdf5a59599808df85,Verbo
pt,Portuguese,vir,vir,vblex,pri;*pers;*numb,110,0.8636,0.8667,2.69,67,4e15bfab94795318870f480ecd7e3d0e,Verbo
pt,Portuguese,contudo,contudo,cnjcoo,,194,0.8643,0.8684,15.85,68,3c5ec34101160c48afb3dca9c0fb0328,Conjunção
pt,Portuguese,meu,meu,det,pos;m;sg,588,0.8645,0.8727,5.95,69,6c558ba7b5eec26c7f55610733117e83,Determinante
pt,Portuguese,ouvir,ouvir,vblex,pri;*pers;*numb,191,0.8656,0.8702,3.14,70,01a33a82ed461ef299a2aa902fd9e2c9,Verbo
pt,Portuguese,daquele,de,pr,,113,0.8658,0.9052,8.81,71,336ed0b67eccbae029f7fbed44d9e4fa,Preposição
pt,Portuguese,garrafa,garrafa,n,f;sg,1164,0.8664,0.887,8.14,72,76ca65eb1acfd10a5401dbfd549efa22,Substantivo
pt,Portuguese,gatas,gato,n,f;pl,865,0.8682,0.8808,7.85,73,09cd6338773c2b99587b336a6141b185,Substantivo
pt,Portuguese,gosta,gostar,vblex,pri;p3;sg,2329,0.8692,0.8685,10.13,74,a650b5f58f811a5360c1c94772525a83,Verbo
pt,Portuguese,que,que,cnjsub,,254,0.8707,0.866,15.28,75,e2fea549051ff7e452ae5ffc87c79695,Conjunção
pt,Portuguese,aonde,aonde,adv,itg,197,0.871,0.8742,3.29,76,5c78508ce067141ece629e4043bf03a3,Advérbio
pt,Portuguese,manteiga,manteiga,n,f;sg,934,0.8722,0.8827,4.87,77,4d4f0ecc3c25350f7c988e8b4eb1956d,Substantivo
pt,Portuguese,atenção,atenção,n,f;sg,1321,0.8725,0.8835,27.8,78,5b84848dbdebe7922cc87d7939b9a0f3,Substantivo
pt,Portuguese,é,ser,vbser,pri;p3;sg,5937,0.8734,0.8838,53.22,79,ba634cde4013c8ff4eee5892e92b3e5b,vbser
pt,Portuguese,tá,tá,ij,,945,0.8737,0.8888,6.45,80,2d7186ed326d908261d77e128d94da90,ij
pt,Portuguese,lobo,lobo,n,m;sg,505,0.8742,0.8854,5.71,81,3d115ae60fa201a4179b160a3239572e,Substantivo
pt,Portuguese,cartas,carta,n,f;pl,1111,0.8745,0.877,9.79,82,1c79cbc2689f0c0125d385904ca3cfc8,Substantivo
pt,Portuguese,como,como,adv,itg,474,0.8747,0.8741,11.53,83,460557b60caed60924e0191342faced6,Advérbio
pt,Portuguese,tubarão,tubarão,n,m;sg,553,0.8749,0.8787,4.5,84,ef7cebcd2d0cb05aa593bca0ff8fa716,Substantivo
pt,Portuguese,e,e,cnjcoo,,3035,0.8752,0.8826,33.56,85,c32c890a3fbf84c25e79d9a4b4fede99,Conjunção
pt,Portuguese,um,um,det,ind;m;sg,5493,0.8754,0.8786,38.27,86,8d7de359f302e3faa2943de5cf671dfe,Determinante
pt,Portuguese,acontecer,acontecer,vblex,pri;*pers;*numb,129,0.876,0.8782,2.57,87,74926398161d1395fef0eeb7bef01cac,Verbo
pt,Portuguese,corta,cortar,vblex,pri;p3;sg,1046,0.8764,0.885,6.83,88,964918b64d9d9e8abda62b08e5293da9,Verbo
pt,Portuguese,colorir,colorir,vblex,pri;*pers;*numb,247,0.8765,0.876,2.51,89,dcb9d0aac819c29217413034ff3c5304,Verbo
pt,Portuguese,os,o,det,def;m;pl,2327,0.8781,0.8768,7.62,90,c7915410a9cff730ffe8e8d56a78df22,Determinante
pt,Portuguese,cenoura,cenoura,n,f;sg,1077,0.8782,0.8803,4.63,91,2ac0aad463cf10c1f359f1678c1f38f2,Substantivo
pt,Portuguese,tem,ter,vblex,pri;p3;sg,504,0.8782,0.8816,1.28,91,8414835cb39e4315146a59fefdd6d1c6,Verbo
pt,Portuguese,dela,de,pr,,199,0.8783,0.8922,11.63,93,e928aa85545e94091a65a31164976d13,Preposição
pt,Portuguese,gostam,gostar,vblex,pri;p3;pl,1381,0.879,0.8781,9.91,94,f1fdc5676a599c6a5a8974efba5c3620,Verbo
pt,Portuguese,uma,um,det,ind;f;sg,3709,0.8796,0.8884,36.6,95,4937fee957d27374da32a2c89498b1fc,Determinante
pt,Portuguese,meus,meu,det,pos;m;pl,506,0.8797,0.8808,6.99,96,3c03900a9a6992a1ae0f084d9f6d6750,Determinante
pt,Portuguese,bom,bom,adj,m;sg,932,0.8809,0.8892,7.77,97,5c285c9927c59e6d7805e0838f521b5a,Adjetivo
pt,Portuguese,preto,preto,adj,m;sg,335,0.8817,0.8967,6.58,98,0921c5c61b8a52224dbc38357232cb18,Adjetivo
pt,Portuguese,tuas,teu,det,pos;f;pl,330,0.8818,0.9009,4.72,99,8f091d6d19675916e7e85d4169b5a76d,Determinante
pt,Portuguese,vegetal,vegetal,n,m;sg,630,0.8823,0.8822,5.27,100,1bc30b0015e62fd4b43a3fb59ad0a8ed,Substantivo
pt,Portuguese,minha,meu,det,pos;f;sg,912,0.8827,0.8837,7.58,101,70e79ed0b304a22a9b51cc3f26c36d73,Determinante
pt,Portuguese,roupa,roupa,n,f;*numb,415,0.8831,0.8831,2.98,102,3a898602c268f23d8acbeadacc9138be,Substantivo
pt,Portuguese,nosso,nosso,prn,tn;pos;m;sg,318,0.8831,0.8783,4.85,102,ba8b5324d7632c8a37a50e173736cf72,Pronome
pt,Portuguese,elas,ele,prn,tn;p3;f;pl,1071,0.8834,0.8999,22.05,104,93df585e7fd29cbef91c94611710ca66,Pronome
pt,Portuguese,gatos,gato,n,m;pl,883,0.8845,0.9004,6.13,105,646eacbdadabb6c714fef0b2aeb40f6c,Substantivo
pt,Portuguese,meu,meu,prn,tn;pos;m;sg,368,0.8846,0.8976,5.73,106,bd9ba1a6aac648c990374d1fce15160a,Pronome
pt,Portuguese,você,você,prn,tn;p3;mf;sg,2160,0.8854,0.8987,20.61,107,ae28bc4c0c21361b5d7ffee94982eefa,Pronome
pt,Portuguese,sou,ser,vbser,pri;p1;sg,3262,0.8857,0.9027,32.2,108,c246f3dd7d96f167fe12a3f142b00e56,vbser
pt,Portuguese,saia,saia,n,f;*numb,430,0.8859,0.886,3.33,109,1fc183ee42e2f440f7ca318fc6c46e63,Substantivo
pt,Portuguese,bons,bom,adj,m;pl,496,0.8863,0.8988,3.94,110,112aae9517986b5ebb740b2c4fbd4992,Adjetivo
pt,Portuguese,dar,dar,vblex,pri;*pers;*numb,107,0.8866,0.8866,2.79,111,f304d50a3fc192a72d36796bf24dad3c,Verbo
pt,Portuguese,mulheres,mulher,n,f;pl,1466,0.8879,0.908,20.59,112,69b9dd02029bb8b66d2305fd9c9b852f,Substantivo
pt,Portuguese,homens,homem,n,m;pl,1203,0.8881,0.8966,21.63,113,eae19eb5946003fac4c6ec055bfae90c,Substantivo
pt,Portuguese,bolo,bolo,n,m;sg,1321,0.8883,0.8993,7.51,114,2a589f70964d7ee8bf335eaed69cbc2e,Substantivo
pt,Portuguese,cerveja,cerveja,n,f;sg,1115,0.8885,0.8911,13.6,115,1f14196797e0976a14eba47e4e1585eb,Substantivo
pt,Portuguese,encontrar,encontrar,vblex,pri;*pers;*numb,130,0.8885,0.8993,2.54,115,fe5e99cf734f39ac7659106664ef5e0a,Verbo
pt,Portuguese,daquelas,de,pr,,134,0.8887,0.9095,6.66,117,c49500c419b4f2c2316ed2bd5b92d940,Preposição
pt,Portuguese,doce,doce,adj,mf;sg,1058,0.8889,0.8947,8.38,118,2e0da84f572ec90e7a603443e778c658,Adjetivo
pt,Portuguese,gosto,gostar,vblex,pri;p1;sg,1944,0.8894,0.8847,7.61,119,6b6eb18b36896344877e52826eac0d33,Verbo
pt,Portuguese,faca,faca,n,f;sg,718,0.8897,0.9017,5.52,120,67570b57ae4489b8b830bebda0b0e637,Substantivo
pt,Portuguese,de,de,pr,,3844,0.8897,0.8965,22.34,120,69fdb2b105eff102b3dc8d3b3f3e1e62,Preposição
pt,Portuguese,relógio,relógio,n,m;*numb,343,0.8909,0.896,4.04,122,3bd5d714e2fd898a573a4d1ae48b2791,Substantivo
pt,Portuguese,comida,comida,n,f;sg,712,0.8919,0.9095,6.28,123,8ed969fefa0922a6b38d6a9ed7c20d3b,Substantivo
pt,Portuguese,ler,ler,vblex,pri;*pers;*numb,102,0.8922,0.8909,45.25,124,1ffe4c043895fb30099e1abc758c3e52,Verbo
pt,Portuguese,moscas,mosca,n,f;pl,701,0.8933,0.8975,7.6,125,9726b32f5b63adffb6d86f4e916fc1b4,Substantivo
pt,Portuguese,seu,seu,prn,tn;pos;m;sg,320,0.8935,0.9074,7.35,126,815fd44965d48ba1a09b28e281244fed,Pronome
pt,Portuguese,bebem,beber,vblex,pri;p3;pl,2894,0.8938,0.9037,20.68,127,7493f076a0cb57815f03748aee58a64c,Verbo
pt,Portuguese,pela,por,pr,,110,0.8941,0.9,7.0,128,b1347fade0f6431e8113924bf4f1f11d,Preposição
pt,Portuguese,quanto,quanto,adv,itg,226,0.8942,0.9,3.53,129,131e089dcf538dd2c49b01822bc328c3,Advérbio
pt,Portuguese,amar,amar,vblex,pri;*pers;*numb,104,0.8942,0.8957,3.11,129,9107bcbc685dc1c920e700b7767d7a70,Verbo
pt,Portuguese,seu,seu,adj,pos;m;sg,303,0.8944,0.9054,2.81,131,2f9c6588afe0c3f87d2d8786d3d30662,Adjetivo
pt,Portuguese,rosa,rosa,adj,mf;*numb,297,0.8945,0.8985,4.15,132,49bd26b62371287a59153771151dc6fe,Adjetivo
pt,Portuguese,nossa,nosso,det,pos;f;sg,654,0.895,0.8973,5.51,133,7327aa0d71c9dc29afe5392efa7d4524,Determinante
pt,Portuguese,nossas,nosso,det,pos;f;pl,706,0.8951,0.8953,8.01,134,41db134d8af1c0610b0d926d8a53d01a,Determinante
pt,Portuguese,teus,teu,prn,tn;pos;m;pl,346,0.8954,0.9135,5.05,135,4918df3c5389df20d15ce76cc5d76057,Pronome
pt,Portuguese,ter,ter,vblex,pri;*pers;*numb,917,0.896,0.8787,6.7,136,b038ebcc7806444f5aad9b854fb2e2b8,Verbo
pt,Portuguese,bolsa,bolsa,n,f;*numb,372,0.8962,0.8986,4.79,137,2922d48ff827eb606ab8250dbbd2c777,Substantivo
pt,Portuguese,seu,seu,det,pos;m;sg,337,0.897,0.9027,8.01,138,4a8daf5e0d26bec2fb34d329012fdb15,Determinante
pt,Portuguese,fala,falar,vblex,pri;p3;sg,1849,0.8975,0.9011,12.58,139,bd9c03619890797852d573b6f877743a,Verbo
pt,Portuguese,nossos,nosso,det,pos;m;pl,416,0.8977,0.9106,6.39,140,0c11ca56cf53eb84afbed0e00af389ab,Determinante
pt,Portuguese,vermelho,vermelho,adj,*gndr;*numb,334,0.8982,0.8991,3.2,141,da9f80d6d412330e03290fb232dd8cda,Adjetivo
pt,Portuguese,quando,quando,adv,itg,254,0.8988,0.9038,5.22,142,3b90f64dfa33918b221e0aabd249dc75,Advérbio
pt,Portuguese,homem,homem,n,m;sg,1921,0.8988,0.9003,10.23,142,3e159ca2bdf07340a4d98d94dd0de032,Substantivo
pt,Portuguese,com,com,pr,,3207,0.899,0.903,16.69,144,43b3d7f98b6c73ee14a566a0300171a6,Preposição
pt,Portuguese,açúcar,açúcar,n,m;sg,1007,0.9,0.9045,8.62,145,799b6b2657e6f9e22a97eca4d4a31130,Substantivo
pt,Portuguese,seus,seu,det,pos;m;pl,395,0.9,0.8948,4.29,145,fa63e9daca2567910c37239311ee98a7,Determinante
pt,Portuguese,casaco,casaco,n,m;*numb,383,0.9003,0.9011,4.95,147,8b660cb351b4d1e80c17f8a307818f6e,Substantivo
pt,Portuguese,qual,qual,prn,itg;mf;*numb,174,0.9004,0.8959,3.95,148,527fae6cb0075a56ce0648ceb292bc55,Pronome
pt,Portuguese,cozinha,cozinha,n,f;sg,763,0.9006,0.9046,6.14,149,3ea77aeae0cceaea2fa8442cf4ed4520,Substantivo
pt,Portuguese,borboleta,borboleta,n,f;sg,693,0.9009,0.9039,4.6,150,9c55d3d02ef15b5dcf90a69286a6dab0,Substantivo
pt,Portuguese,minha,meu,prn,tn;pos;f;sg,377,0.9011,0.9055,6.15,151,4efa130a0d285f8d989a4c5b5b859dfe,Pronome
pt,Portuguese,senão,senão,cnjcoo,,167,0.9012,0.9035,12.87,152,88c1233560b79d20a7f119425f0bc7f2,Conjunção
pt,Portuguese,animal,animal,n,m;sg,823,0.9016,0.9089,6.01,153,e144efadd0d1aa58a3e8b0b0744e614a,Substantivo
pt,Portuguese,fome,fome,n,f;sg,839,0.9017,0.9001,4.45,154,3046c4e0d8b30be3785fe250b2a339e1,Substantivo
pt,Portuguese,tartaruga,tartaruga,n,f;sg,677,0.9017,0.9142,7.01,154,ae847c1b42d65ab7f81dcf7d76086575,Substantivo
pt,Portuguese,nosso,nosso,det,pos;m;sg,471,0.9017,0.9144,10.49,154,c524e882b4240a6057da893582ead6b9,Determinante
pt,Portuguese,massa,massa,n,f;sg,890,0.9021,0.9081,7.46,157,e2d83347907f044f78e08aa3c2e3fa9d,Substantivo
pt,Portuguese,és,ser,vbser,pri;p2;sg,406,0.9022,0.9237,11.11,158,0dd6934ef0f42a5151850fa8ca018c2c,vbser
pt,Portuguese,comem,comer,vblex,pri;p3;pl,1386,0.9025,0.9122,8.94,159,784042a9bc442c50b735fcb81859dc18,Verbo
pt,Portuguese,minhas,meu,prn,tn;pos;f;pl,292,0.9027,0.9054,4.15,160,3e9520495b8eefb4c66477902db7cf75,Pronome
pt,Portuguese,sanduíche,sanduíche,n,m;sg,1052,0.9028,0.9045,12.46,161,11596d937b214beff5a6fec0a37a8ecc,Substantivo
pt,Portuguese,pato,pato,n,m;sg,743,0.9028,0.8987,6.21,161,17f747437aee974b58f0d8175fa700db,Substantivo
pt,Portuguese,tentar,tentar,vblex,pri;*pers;*numb,108,0.9028,0.9156,2.11,161,daaffd52177bd51ce4162648a15eccca,Verbo
pt,Portuguese,meia,meia,n,f;*numb,366,0.903,0.9079,4.16,164,5e580dce57b5b52541e4d9a865fb2a36,Substantivo
pt,Portuguese,tomate,tomate,n,m;sg,763,0.9037,0.9098,6.89,165,fe5c0cd299c6c28360e92a852843c028,Substantivo
pt,Portuguese,seguir,seguir,vblex,pri;*pers;*numb,115,0.9043,0.906,2.97,166,87e31f43a68ab8e3a5847802d3499bd9,Verbo
pt,Portuguese,pássaros,pássaro,n,m;pl,809,0.9044,0.913,7.45,167,4ec86dba8dfaa38b2be1413d54418651,Substantivo
pt,Portuguese,o,o,det,def;m;sg,3003,0.9051,0.908,12.12,168,955c040cc84408f9e687f99d4778b03b,Determinante
pt,Portuguese,comendo,comer,vblex,ger,238,0.9055,0.9083,3.47,169,4310561cd354b6cad1569d35856823f0,Verbo
pt,Portuguese,eu,eu,prn,tn;p1;mf;sg,2191,0.906,0.9191,14.32,170,48d47b9238eec5079758e71e45a9c136,Pronome
pt,Portuguese,cães,cão,n,m;pl,685,0.906,0.9154,5.08,170,b909b9ba214e56b5ba25c369d05ecd80,Substantivo
pt,Portuguese,pele,pele,n,f;*numb,350,0.9064,0.9043,3.52,172,ea04a57b119113b097e3f4e1d4b8b7c1,Substantivo
pt,Portuguese,menino,menino,n,m;sg,1845,0.9065,0.9142,9.7,173,c7fbdb036c146c75c31bf4e6f7086196,Substantivo
pt,Portuguese,mulher,mulher,n,f;sg,3516,0.9066,0.906,24.61,174,26a160cb6964b488e182bb2cc9a1bf91,Substantivo
pt,Portuguese,ela,ele,prn,tn;p3;f;sg,2794,0.9068,0.9132,20.87,175,7d73e4cc0e9b592b39a96849a806ba47,Pronome
pt,Portuguese,gosto,gosto,n,m;sg,644,0.907,0.9026,5.5,176,ab8d7d818b2879dcd636303b72059430,Substantivo
pt,Portuguese,cão,cão,n,m;sg,821,0.9073,0.8881,5.3,177,7ab5ef9586b79b2079fcce99fadd811f,Substantivo
pt,Portuguese,bananas,banana,n,f;pl,449,0.9073,0.912,6.07,177,9444569763784afdc4d71de0edc31cf9,Substantivo
pt,Portuguese,conhecer,conhecer,vblex,pri;*pers;*numb,154,0.9078,0.9096,2.73,179,5df60a55b03cb5542c59fad9d4d77737,Verbo
pt,Portuguese,ele,ele,prn,tn;p3;m;sg,1555,0.9079,0.9085,9.14,180,4d99f16b4bdd8cd0a8f5d962301a5be8,Pronome
pt,Portuguese,sua,seu,det,pos;f;sg,364,0.9082,0.9176,5.65,181,97536dcf947504b01ae1261c2475da1c,Determinante
pt,Portuguese,azeite,azeite,n,m;sg,421,0.9086,0.9089,4.26,182,99799f8b6b58349afb4c631ffc80ec18,Substantivo
pt,Portuguese,escreve,escrever,vblex,pri;p3;sg,1980,0.9088,0.9128,21.98,183,295086f6fa46c6554244540114f8aa71,Verbo
pt,Portuguese,dizer,dizer,vblex,pri;*pers;*numb,142,0.9088,0.9242,2.73,183,c3784e467a27f12087421353e4977b8e,Verbo
pt,Portuguese,as,o,det,def;f;pl,877,0.909,0.9154,7.05,185,5f5302712fc288cc75a4f27771b4ea2b,Determinante
pt,Portuguese,conversar,conversar,vblex,pri;*pers;*numb,148,0.9093,0.9183,3.51,186,5e9ed72c9fdc37a36d360599f7821505,Verbo
pt,Portuguese,bota,bota,n,f;*numb,284,0.9102,0.9148,2.57,187,f0ebd2f66e246d83ef3472450bef2c50,Substantivo
pt,Portuguese,meninas,menino,n,f;pl,1284,0.9103,0.9181,19.01,188,bc44438d32f363a7c61700ff2361ad1c,Substantivo
pt,Portuguese,maçãs,maçã,n,f;pl,995,0.9103,0.9207,15.0,188,cda965dd044bc55ac5741dfc71cd64b4,Substantivo
pt,Portuguese,chaves,chave,n,f;pl,687,0.9105,0.9119,5.61,190,1c15e15370fec89ef467a27c6dfda560,Substantivo
pt,Portuguese,são,ser,vbser,pri;p3;pl,2866,0.9106,0.9172,28.33,191,0b2e8ac77d30fa3618d3fa68a99df48b,vbser
pt,Portuguese,usar,usar,vblex,pri;*pers;*numb,123,0.9112,0.9068,3.6,192,6f388f1ceb7f6dde8cbeef2b1da4d61f,Verbo
pt,Portuguese,correr,correr,vblex,pri;*pers;*numb,126,0.9114,0.908,3.63,193,6e8e357f16a02318c41113066b982059,Verbo
pt,Portuguese,maçã,maçã,n,f;sg,1407,0.9116,0.923,12.29,194,d341f239b325a4d562f5c56079f0bc79,Substantivo
pt,Portuguese,boa,bom,adj,f;sg,1230,0.9125,0.9204,7.67,195,3aeb8555dfa1b94544ef62d56869b1d9,Adjetivo
pt,Portuguese,pergunta,pergunta,n,f;*numb,174,0.9139,0.9152,4.24,196,173bc5bae51dab81ae2cb8fb09db09bf,Substantivo
pt,Portuguese,palavras,palavra,n,f;pl,658,0.9144,0.9244,5.55,197,c39acbb5ebd37c22160aaf22b77dc308,Substantivo
pt,Portuguese,agasalho,agasalho,n,m;*numb,209,0.9147,0.9174,2.99,198,5377c84560aaf45988067be11302d1d8,Substantivo
pt,Portuguese,leite,leite,n,m;sg,1459,0.9151,0.9231,8.46,199,49e041609d5dd962692974eab8ed8ddf,Substantivo
pt,Portuguese,se,se,cnjadv,,235,0.9152,0.9475,21.24,200,3cf310555b08d6530d92bc39e3793f8c,cnjadv
pt,Portuguese,café,café,n,m;sg,1257,0.9153,0.9097,7.16,201,4a93acdbafaa061fd69226cf686d7a2b,Substantivo
pt,Portuguese,menina,menino,n,f;sg,1864,0.9156,0.9189,9.67,202,659f1c814823b16eb949905b77a1a198,Substantivo
pt,Portuguese,o,o,det,def;*gndr;*numb,168,0.9157,0.9121,79.77,203,8c532a35f61f8a9c31db2ee8dc55908b,Determinante
pt,Portuguese,cair,cair,vblex,pri;*pers;*numb,100,0.916,0.9442,4.03,204,0f8913f011bf78da63e352fb40e90257,Verbo
pt,Portuguese,castanho,castanho,adj,*gndr;*numb,256,0.9167,0.9127,3.23,205,26133676f75f829992c823dd7402f9a3,Adjetivo
pt,Portuguese,carta,carta,n,f;sg,1503,0.9167,0.9183,21.18,205,b42529e73562bb4df8c97242f3e67df0,Substantivo
pt,Portuguese,prato,prato,n,m;sg,746,0.9172,0.9171,5.75,207,e04cc17ae5d2d9db000f1cdda4be2635,Substantivo
pt,Portuguese,dormir,dormir,vblex,pri;*pers;*numb,109,0.9174,0.9098,1.88,208,0bf3c5e0e938b2763ecf892720837c42,Verbo
pt,Portuguese,abacaxi,abacaxi,n,m;sg,660,0.9177,0.9229,4.98,209,0f2bda0e0fb7b053496a4c9402800bf3,Substantivo
pt,Portuguese,queijo,queijo,n,m;sg,890,0.9177,0.9249,6.07,209,cb2125848602cd4d35397caf86af9cd8,Substantivo
pt,Portuguese,leão,leão,n,m;sg,1105,0.9178,0.9168,7.36,211,4b3613233b3fede2e3e92ac2ef752bf6,Substantivo
pt,Portuguese,lembrar,lembrar,vblex,pri;*pers;*numb,167,0.9182,0.9194,2.77,212,e9dbd92bf1597fa3021af6c769ea39d4,Verbo
pt,Portuguese,das,de,pr,,104,0.9183,0.9154,3.62,213,4445291734563cf1243cbb25af99fba6,Preposição
pt,Portuguese,cozinho,cozinhar,vblex,pri;p1;sg,1998,0.9184,0.9206,13.12,214,494d3bd42e8428759b7cd164d881b1f0,Verbo
pt,Portuguese,saber,saber,vblex,pri;*pers;*numb,150,0.9185,0.9356,4.2,215,f323cca59896ce3d9617ce8f7542c0d9,Verbo
pt,Portuguese,macaco,macaco,n,m;sg,655,0.9189,0.925,5.45,216,4406f1c64403562eb84df43d2aff4a4a,Substantivo
pt,Portuguese,não,não,adv,,915,0.9193,0.9227,16.88,217,2b4b2568171ac6cb9b586f5d3a7d04fd,Advérbio
pt,Portuguese,temos,ter,vblex,pri;p1;pl,279,0.92,0.9138,1.04,218,ecc3feb8e53ce936cef181dd54e7aaca,Verbo
pt,Portuguese,vinho,vinho,n,m;sg,903,0.9201,0.9293,12.63,219,14bdb1c3d7e33b16ae243b1b7c38ab36,Substantivo
pt,Portuguese,mostrar,mostrar,vblex,pri;*pers;*numb,102,0.9201,0.934,5.22,219,ba581e842aaf7833f948eb3bdecb6c43,Verbo
pt,Portuguese,gostar,gostar,vblex,pri;*pers;*numb,155,0.9204,0.9185,48.88,221,14e109ef49875c739d32eec5ff7d46e6,Verbo
pt,Portuguese,escrevem,escrever,vblex,pri;p3;pl,744,0.9205,0.9245,13.19,222,1010015bf0b58409c546d69b2950090f,Verbo
pt,Portuguese,batatas,batata,n,f;pl,553,0.9207,0.9231,6.88,223,3bec47586502ca744c2f2928f4c29143,Substantivo
pt,Portuguese,salada,salada,n,f;sg,508,0.9213,0.9152,4.18,224,135af59e3ca6df97d2b65c3023a03cdd,Substantivo
pt,Portuguese,esperar,esperar,vblex,pri;*pers;*numb,121,0.9215,0.9225,2.67,225,a92003b689b96635b2df17664b086c4d,Verbo
pt,Portuguese,chapéu,chapéu,n,m;*numb,441,0.9229,0.9249,3.34,226,38ec3b04540c300424b556dee6e5dbe5,Substantivo
pt,Portuguese,média,média,n,f;*numb,351,0.923,0.9251,2.96,227,5f3b7836361ebde92d6be000e1a5edf7,Substantivo
pt,Portuguese,eles,ele,prn,tn;p3;m;pl,1668,0.9234,0.924,19.08,228,6c4b6cb8dc7b3376d0357fdea4ffa8ff,Pronome
pt,Portuguese,cebola,cebola,n,f;sg,650,0.9235,0.9235,5.1,229,9a7646c5474cd41f03ba9fa02adffc89,Substantivo
pt,Portuguese,meus,meu,prn,tn;pos;m;pl,319,0.9236,0.9179,4.33,230,851352cad3abc6c6d1a5df3947f230f3,Pronome
pt,Portuguese,abelha,abelha,n,f;sg,647,0.924,0.9267,4.3,231,6909099fef4f7d71147846595b6facea,Substantivo
pt,Portuguese,onde,onde,adv,itg,200,0.9242,0.9339,3.39,232,3e8be2fcec6d227762088cda8fc15733,Advérbio
pt,Portuguese,ferve,ferver,vblex,pri;p3;sg,932,0.9246,0.9248,5.41,233,df4c239e57075ba1fe396e239c068811,Verbo
pt,Portuguese,pássaro,pássaro,n,m;sg,688,0.9247,0.9325,4.8,234,8dd2ccac29c7cf0cf88bfd09945ab590,Substantivo
pt,Portuguese,garfo,garfo,n,m;sg,756,0.9253,0.9227,3.93,235,25243b9871667b5a73891ef25d25b352,Substantivo
pt,Portuguese,tocar,tocar,vblex,pri;*pers;*numb,162,0.9254,0.9189,2.65,236,eef619bc0b698e02cd122b0de46d5fe9,Verbo
pt,Portuguese,almoço,almoço,n,m;sg,999,0.9256,0.9386,9.41,237,14555e6831edb6baab9a39991fc68a19,Substantivo
pt,Portuguese,bebe,beber,vblex,pri;p3;sg,3192,0.9259,0.9326,19.08,238,630b709686520fc4f0d0e6077df220c3,Verbo
pt,Portuguese,milho,milho,n,m;sg,915,0.926,0.9345,4.98,239,7e000a06e3dca93cb4354798da6a7ab8,Substantivo
pt,Portuguese,daí,daí,cnjadv,,183,0.9262,0.9276,11.68,240,b64fcf42157895546d3f48b062414184,cnjadv
pt,Portuguese,azul,azul,adj,mf;*numb,331,0.9264,0.9275,3.44,241,c737cc0b147be53c8bcd474c577cb9da,Adjetivo
pt,Portuguese,ver,ver,vblex,pri;*pers;*numb,175,0.9267,0.9252,2.9,242,306d0e96cb4208d67d4f40b1533c0b6b,Verbo
pt,Portuguese,somos,ser,vbser,pri;p1;pl,1371,0.9269,0.9271,20.78,243,7e42f7dece8964713da3a3d797d672b9,vbser
pt,Portuguese,portanto,portanto,cnjadv,,180,0.9269,0.9288,14.83,243,c827dd99b9deb6775c9c157cc310519b,cnjadv
pt,Portuguese,nossa,nosso,prn,tn;pos;f;sg,321,0.9272,0.9371,4.93,245,3d3e8ec846802ff973ea797cb85a8a32,Pronome
pt,Portuguese,vestido,vestido,n,m;*numb,401,0.9272,0.9299,3.07,245,c51c3de41e1738fef6233bae874f327b,Substantivo
pt,Portuguese,gato,gato,n,m;sg,1006,0.9278,0.9272,8.31,247,8353a4566d918db85cc69f229bd1177e,Substantivo
pt,Portuguese,capa,capa,n,f;*numb,150,0.9278,0.9218,2.81,247,893e7196d25fc098cb4cd59ba7790b80,Substantivo
pt,Portuguese,jantar,jantar,n,m;sg,878,0.9279,0.9248,5.5,249,cbdab85bc61592bf4279db56ff35a695,Substantivo
pt,Portuguese,doce,doce,n,m;sg,365,0.928,0.9203,3.97,250,c13c884cc6d660f19c988b96222982f9,Substantivo
pt,Portuguese,livros,livro,n,m;pl,854,0.9281,0.9297,12.59,251,a719d1ef1f284f0d8e25fdbd479eefa8,Substantivo
pt,Portuguese,meninos,menino,n,m;pl,930,0.9283,0.9327,11.84,252,e978b7905c93d55e1f1ab51e8f60340c,Substantivo
pt,Portuguese,serpente,serpente,n,f;sg,585,0.9288,0.9291,4.03,253,4cfa25a82a1a07979b6bf3d73f4426d4,Substantivo
pt,Portuguese,suco,suco,n,m;sg,1939,0.9295,0.9349,13.87,254,282dc399cdee4908358bc58a02cf36ce,Substantivo
pt,Portuguese,uva,uva,n,f;sg,740,0.9297,0.9304,3.95,255,a2c4248af2741dd931b8f0364754a721,Substantivo
pt,Portuguese,bife,bife,n,m;sg,539,0.9304,0.9332,4.37,256,a41105356f326ae1a5d1d499f798d4e4,Substantivo
pt,Portuguese,quanto,quanto,prn,itg;*gndr;*numb,165,0.9313,0.9301,2.95,257,d83c6e32c9bfd762be9f2fdcca6586c4,Pronome
pt,Portuguese,camisa,camisa,n,f;*numb,423,0.9314,0.9295,3.22,258,9efffbcb52dac1660ecdbf050ec6dfc6,Substantivo
pt,Portuguese,gata,gato,n,f;sg,818,0.9327,0.9291,4.66,259,6225e9e71cd796208f0904e57e0afdf2,Substantivo
pt,Portuguese,come,comer,vblex,pri;p3;sg,4824,0.9331,0.9337,28.26,260,3252eb10cf07c7beda2d1eeaf94f1e8d,Verbo
pt,Portuguese,olhe,olhe,ij,,970,0.9338,0.9329,5.07,261,323b182056b377505defb78ec7b5e261,ij
pt,Portuguese,resposta,resposta,n,f;*numb,163,0.934,0.9345,3.08,262,1596184f38614d12761cf6d87c9c86cc,Substantivo
pt,Portuguese,morango,morango,n,m;sg,730,0.9345,0.9394,7.25,263,a07ffcbe73dc40ab8882f3ebd0588268,Substantivo
pt,Portuguese,fantasia,fantasia,n,f;*numb,281,0.9348,0.9382,3.98,264,6e39fa977508d7c2e5990cfddc80b2f7,Substantivo
pt,Portuguese,tigre,tigre,n,m;sg,703,0.9354,0.9349,6.95,265,2e7f76af5fc65d9c3f981eab805376d5,Substantivo
pt,Portuguese,como,comer,vblex,pri;p1;sg,3447,0.9354,0.94,17.01,265,66de7b08cfb201e34d0ddadc60c28c70,Verbo
pt,Portuguese,nossas,nosso,prn,tn;pos;f;pl,298,0.9354,0.9395,4.12,265,8d3b1801d69bddc55ffa73cf0f198a55,Pronome
pt,Portuguese,rato,rato,n,m;sg,598,0.9356,0.9336,3.53,268,7d81225441b91a2be2cc4758d21b2df3,Substantivo
pt,Portuguese,tenho,ter,vblex,pri;p1;sg,141,0.9362,0.9423,1.14,269,bcaf0802d51bec227e82e457cb03577d,Verbo
pt,Portuguese,livro,livro,n,m;sg,1161,0.9367,0.9372,17.41,270,ddd42e3b18fa7e58a3b71b8ac0da3bb5,Substantivo
pt,Portuguese,embora,embora,cnjadv,,180,0.937,0.9377,13.38,271,9dbf2d6fc3c62324568ba886e4c01a67,cnjadv
pt,Portuguese,errar,errar,vblex,pri;*pers;*numb,159,0.9371,0.9357,2.83,272,fa60d8e6e420583540789b09305943bc,Verbo
pt,Portuguese,tua,teu,det,pos;f;sg,410,0.9372,0.9361,5.0,273,8d28ba0fa188f1847571467189846dda,Determinante
pt,Portuguese,desculpa,desculpa,n,f;sg,1293,0.9373,0.9463,35.99,274,fa906899e0b158d6f989ace00a109548,Substantivo
pt,Portuguese,água,água,n,f;sg,1433,0.9375,0.9402,9.36,275,c2c4b64d5eefd5ab7d457ea5c27a25a1,Substantivo
pt,Portuguese,aranha,aranha,n,f;sg,668,0.9385,0.9486,7.39,276,bbc8e167936b1c537d5bd6fb2a73f01f,Substantivo
pt,Portuguese,fazer,fazer,vblex,pri;*pers;*numb,181,0.9392,0.9466,3.69,277,a63c9091b95379a22ba9049e19a83913,Verbo
pt,Portuguese,bebo,beber,vblex,pri;p1;sg,2113,0.9393,0.9485,11.51,278,0d4b9ed7df56ee57b0804160a4dd4672,Verbo
pt,Portuguese,oi,oi,ij,,987,0.9394,0.9384,6.54,279,6b8a484698c909ab6da1bb2aa496c9d8,ij
pt,Portuguese,inseto,inseto,n,m;sg,606,0.9398,0.9376,3.56,280,04f05b85448352c4f4175d93fb3e6470,Substantivo
pt,Portuguese,lêem,ler,vblex,pri;p3;pl,766,0.9398,0.9361,4.27,280,a3a6ac51cd19226e7d242e678116566d,Verbo
pt,Portuguese,golfinho,golfinho,n,m;sg,573,0.9398,0.9372,3.88,280,e643939c01d37929f17bc95c9e594b21,Substantivo
pt,Portuguese,azul,azul,adj,mf;sg,100,0.94,0.9434,1.09,283,52d8b183c0e30a3894d0c5a54a54b034,Adjetivo
pt,Portuguese,amarelo,amarelo,adj,*gndr;*numb,324,0.9403,0.9405,2.68,284,de354976e60d34f0730b5686b509a5b8,Adjetivo
pt,Portuguese,fazenda,fazenda,n,f;sg,597,0.9405,0.9435,5.86,285,828d8dd7d2c7fd19c7cd0152e6583b79,Substantivo
pt,Portuguese,limpar,limpar,vblex,pri;*pers;*numb,129,0.9406,0.9395,4.96,286,97ed958e872b85777b1aab0ee803bd9e,Verbo
pt,Portuguese,elefante,elefante,n,m;sg,704,0.9413,0.9487,4.88,287,001635bcb24496cf2b27731c3708dbfa,Substantivo
pt,Portuguese,a,o,det,def;f;sg,5466,0.9413,0.9404,18.59,287,213ad43df9831b7b21ca1d7d79f5d107,Determinante
pt,Portuguese,cinto,cinto,n,m;*numb,177,0.9416,0.9349,2.9,289,bae1d9927dc8b6f7b0d0a85263d4b74f,Substantivo
pt,Portuguese,comemos,comer,vblex,pri;p1;pl,1778,0.9418,0.9452,9.66,290,826245ea3f47e631e00d4009aa7a57c7,Verbo
pt,Portuguese,branco,branco,adj,*gndr;*numb,329,0.9422,0.9398,2.79,291,883318b2654c62f7e20b6eed4c741464,Adjetivo
pt,Portuguese,querer,querer,vblex,pri;*pers;*numb,183,0.9426,0.9439,6.0,292,8a1b54674a3109c801f6c105e06d57cb,Verbo
pt,Portuguese,nossos,nosso,prn,tn;pos;m;pl,333,0.9429,0.9583,4.98,293,d7bdc9d601e0a687df3a1123fc386309,Pronome
pt,Portuguese,pão,pão,n,m;sg,1487,0.9434,0.946,11.03,294,8a98793d6368aded8136b881ade78583,Substantivo
pt,Portuguese,tu,tu,prn,tn;p2;mf;sg,1239,0.9435,0.9656,35.2,295,57408f89412af98111a2f87c0ab41b22,Pronome
pt,Portuguese,sim,sim,adv,,886,0.944,0.9483,6.88,296,6b80d816698b0e53db2e1412761eb45d,Advérbio
pt,Portuguese,ovo,ovo,n,m;sg,883,0.9451,0.9517,8.06,297,4b3df2ebedd7644b3150c27e42487633,Substantivo
pt,Portuguese,sal,sal,n,m;sg,639,0.9452,0.9414,4.5,298,d5019761c2d33e3d0f506069fa86c0e5,Substantivo
pt,Portuguese,adeus,adeus,ij,,990,0.9453,0.9482,5.3,299,5ea3ff23231e0f0e5d7fc4d5bdc5b954,ij
pt,Portuguese,verde,verde,adj,mf;*numb,332,0.9458,0.9471,2.71,300,112c791cad6be75b95cfc1881a51ebeb,Adjetivo
pt,Portuguese,sopa,sopa,n,f;sg,632,0.9459,0.9472,4.13,301,798488a04b86901f41a9bab965eefe90,Substantivo
pt,Portuguese,entender,entender,vblex,pri;*pers;*numb,102,0.9461,0.9496,2.53,302,0d0efb2e432572e712ce0a792a577f30,Verbo
pt,Portuguese,bolso,bolso,n,m;*numb,204,0.9461,0.9422,2.09,302,baa2d2366f5bb5b8e0ea7571c4af710b,Substantivo
pt,Portuguese,uniforme,uniforme,n,m;*numb,285,0.9468,0.9493,3.75,304,ca8c1c8fed307dc60af4f698b468166f,Substantivo
pt,Portuguese,sentir,sentir,vblex,pri;*pers;*numb,112,0.9472,0.9416,2.67,305,46079b159c82b07b2cb5e5c9278e0a78,Verbo
pt,Portuguese,boas,bom,adj,f;pl,470,0.9477,0.9528,4.05,306,4facfa4eff94ff8fe71e46ee538be561,Adjetivo
pt,Portuguese,vestir,vestir,vblex,pri;*pers;*numb,378,0.9477,0.9417,5.25,306,540d7477d35047a1282a4075b9fbbc6e,Verbo
pt,Portuguese,limonada,limonada,n,f;sg,621,0.9478,0.9555,5.14,308,4375d38cf72bd1b9161a835b750ec074,Substantivo
pt,Portuguese,ingrediente,ingrediente,n,m;sg,825,0.9485,0.946,4.85,309,a5f6abc4f50522b0cc89baa4bf7d2b14,Substantivo
pt,Portuguese,frango,frango,n,m;sg,957,0.9487,0.9561,7.23,310,52d634d0d04cdebc4265d5f9c2f1d78e,Substantivo
pt,Portuguese,beber,beber,vblex,pri;*pers;*numb,207,0.9493,0.9447,94.53,311,55c4a30646fc1571856bcbc7487ade1d,Verbo
pt,Portuguese,carne,carne,n,f;sg,928,0.9495,0.9483,7.59,312,c042fef9ce16f46fadaac4e9f8c57192,Substantivo
pt,Portuguese,chegar,chegar,vblex,pri;*pers;*numb,112,0.9496,0.9409,3.62,313,da4d66b4763ffc8b25471a4256efa318,Verbo
pt,Portuguese,peixe,peixe,n,m;sg,1190,0.9497,0.9526,10.0,314,2f3f88cef849e6a148c1880373e98627,Substantivo
pt,Portuguese,falar,falar,vblex,pri;*pers;*numb,156,0.9498,0.9431,33.15,315,a0a716358b1ea21c2ce0cbce7af63f45,Verbo
pt,Portuguese,negro,negro,adj,*gndr;*numb,249,0.9498,0.9509,2.33,315,ffc3879a40db6386a49a9c67c1978f6f,Adjetivo
pt,Portuguese,cavalo,cavalo,n,m;sg,669,0.9502,0.9611,5.22,317,4bf6e3b6bb71d3a40d121b316c0cf899,Substantivo
pt,Portuguese,baleia,baleia,n,f;sg,546,0.9504,0.9519,5.33,318,a4e47729820764c527e33fae2a8f904f,Substantivo
pt,Portuguese,batata,batata,n,f;sg,664,0.9505,0.9532,4.95,319,5d219cf750f8649347778329d8120469,Substantivo
pt,Portuguese,carteira,carteira,n,f;*numb,139,0.9508,0.9518,2.45,320,24b2e93d377eab403430ed325963b7a0,Substantivo
pt,Portuguese,escrevemos,escrever,vblex,pri;p1;pl,791,0.9512,0.9489,15.62,321,21ce5774cae4000b8fffa8a9917bb229,Verbo
pt,Portuguese,abacaxis,abacaxi,n,m;pl,509,0.9512,0.9524,3.86,321,39e9b820f452278d99240ee44b446887,Substantivo
pt,Portuguese,trabalhar,trabalhar,vblex,pri;*pers;*numb,131,0.9517,0.9405,4.95,323,664e0dad2a481033a181dcc4925c4a0d,Verbo
pt,Portuguese,joia,joia,n,f;*numb,218,0.9518,0.9513,2.35,324,c0b768d612662c62b393a168ed09f19d,Substantivo
pt,Portuguese,azedo,azedo,adj,m;sg,429,0.9522,0.9454,3.36,325,6fe8f0879c37273b92feec5da3d72e82,Adjetivo
pt,Portuguese,nós,nós,prn,tn;p1;mf;pl,2756,0.9523,0.9469,30.12,326,9f7be4b0cad89e3453afab7e5159f9e5,Pronome
pt,Portuguese,bebemos,beber,vblex,pri;p1;pl,1633,0.9525,0.9518,11.58,327,97fbe1b6a32ea9fa6a9c1862acbde7c3,Verbo
pt,Portuguese,escrevo,escrever,vblex,pri;p1;sg,1196,0.953,0.9588,15.12,328,f60efa36803b23ad4ced115250918f93,Verbo
pt,Portuguese,comer,comer,vblex,pri;*pers;*numb,215,0.9535,0.9506,113.27,329,9a61067120d7f5709d8700505072607b,Verbo
pt,Portuguese,cavalos,cavalo,n,m;pl,914,0.9539,0.9579,8.71,330,714fe10cd779bebd9e85e2aa1c622cbf,Substantivo
pt,Portuguese,urso,urso,n,m;sg,716,0.9541,0.9604,5.2,331,c5d09588d006adefd347c3be867de51b,Substantivo
pt,Portuguese,não,não,n,m;sg,1133,0.9551,0.9571,30.31,332,2de03712180767ee849f3ac42288dda4,Substantivo
pt,Portuguese,insetos,inseto,n,m;pl,451,0.9551,0.9574,6.55,332,6296df3ebe3dc828276d82d709dd809f,Substantivo
pt,Portuguese,animais,animal,n,m;pl,908,0.9553,0.9573,7.98,334,cf1858f99b3f31b59ecc1020e3dbc9b7,Substantivo
pt,Portuguese,arroz,arroz,n,f;sg,888,0.9555,0.9576,8.8,335,1c57d56adf7785f7d386c522d8f25270,Substantivo
pt,Portuguese,chocolate,chocolate,n,m;sg,828,0.9555,0.956,5.3,335,61390f111c3899a0f38c0b2e586d241b,Substantivo
pt,Portuguese,bebida,bebida,n,f;sg,828,0.9559,0.9548,4.65,337,899be018a5e3defdcbf5f728a54c529b,Substantivo
pt,Portuguese,tua,teu,prn,tn;pos;f;sg,266,0.9561,0.9623,3.53,338,82a356b2d31825695bc05957e0204ca4,Pronome
pt,Portuguese,escrever,escrever,vblex,pri;*pers;*numb,114,0.9561,0.9583,44.89,338,8be33beca308b64af24cedd72f9241f1,Verbo
pt,Portuguese,lemos,ler,vblex,pri;p1;pl,845,0.9562,0.959,11.71,340,90883f2302040ad4a56b227b6725e73c,Verbo
pt,Portuguese,regime,regime,n,m;sg,734,0.9562,0.9552,4.28,340,d8686386d3b9dd78e3e13beb462313e4,Substantivo
pt,Portuguese,teu,teu,det,pos;m;sg,385,0.9563,0.9541,3.15,342,f7d6ad23b43f8db032faca590c6fda89,Determinante
pt,Portuguese,alimento,alimento,n,m;sg,471,0.9565,0.9564,3.7,343,240c2a3ddb02ff4a6ffc2992a6d07fad,Substantivo
pt,Portuguese,laranja,laranja,n,f;sg,744,0.9581,0.9576,8.42,344,4659ea475c0c2203d103e1729ad4a44c,Substantivo
pt,Portuguese,moreno,moreno,adj,*gndr;*numb,239,0.9582,0.9569,2.52,345,05d6ce06e49bf9ebbeff072586e2e19b,Adjetivo
pt,Portuguese,caminhar,caminhar,vblex,pri;*pers;*numb,147,0.9592,0.9649,4.87,346,48686b9f0928ed82345288ab24b1f637,Verbo
pt,Portuguese,amargo,amargo,adj,m;sg,1000,0.9592,0.961,5.43,346,6baabb50722a990d38b5221c48b16683,Adjetivo
pt,Portuguese,lês,ler,vblex,pri;p2;sg,608,0.9594,0.961,6.45,348,0d1acf611569b2b7473b065b31c36705,Verbo
pt,Portuguese,obrigado,obrigado,ij,,970,0.9608,0.9659,10.86,349,25ca54f8ef38af433312b0245e259f65,ij
pt,Portuguese,sapato,sapato,n,m;*numb,441,0.9615,0.9604,3.17,350,b70b44f07b89cc7c5ac2626029a8952a,Substantivo
pt,Portuguese,lata,lata,n,f;sg,903,0.9616,0.965,6.09,351,46e1ef919491760501522dac4827bbcf,Substantivo
pt,Portuguese,favor,favor,n,m;sg,1333,0.9625,0.9667,28.6,352,6dad8bb3bde808fd9bf6f64eb1fe9601,Substantivo
pt,Portuguese,obrigada,obrigado,ij,,1018,0.964,0.9626,4.53,353,5ee09868044c367bad6e42b52695ff67,ij
pt,Portuguese,achar,achar,vblex,pri;*pers;*numb,145,0.9649,0.9609,2.78,354,50ec28a65d25be7d68babb8ccbe20db7,Verbo
pt,Portuguese,mosca,mosca,n,f;sg,612,0.9654,0.9662,4.39,355,82f0fcdb8d8593de235fcb20f455458c,Substantivo
pt,Portuguese,teu,teu,prn,tn;pos;m;sg,248,0.9657,0.9657,3.37,356,9fc9ddafcc1c022de15d648ed59cefed,Pronome
pt,Portuguese,frito,frito,adj,m;sg,763,0.9664,0.97,4.96,357,04cf81e128cb8af72084c74d285d161e,Adjetivo
pt,Portuguese,biscoito,biscoito,n,m;sg,787,0.967,0.9625,3.91,358,9f066b7f627d88aefd887bc067f4ba26,Substantivo
pt,Portuguese,chá,chá,n,m;sg,445,0.9685,0.9681,3.72,359,085470e30a750ba2a072847672e6d3c8,Substantivo
pt,Portuguese,falo,falar,vblex,pri;p1;sg,694,0.969,0.974,15.83,360,ed6bd235cb1420baeb7c4e73a6b4ad86,Verbo
pt,Portuguese,pimenta,pimenta,n,f;sg,585,0.9692,0.9706,4.18,361,0e1458d36f4884708e55b4e65d8708eb,Substantivo
pt,Portuguese,blusa,blusa,n,f;*numb,314,0.9692,0.9702,4.19,361,5ed55ec92cea6a460d958312209ea9f2,Substantivo
pt,Portuguese,fruta,fruta,n,f;sg,819,0.9693,0.9724,6.89,363,1715af4eb439a9d3c24ce4899f628d13,Substantivo
pt,Portuguese,vaca,vaca,n,f;sg,646,0.9694,0.9675,4.66,364,e05b98ba357e8fda8ce695b6319cd484,Substantivo
pt,Portuguese,sandália,sandália,n,f;*numb,180,0.9694,0.9698,2.82,364,eca9cad5e0a5d96f5db19271e2e3e122,Substantivo
pt,Portuguese,bebes,beber,vblex,pri;p2;sg,444,0.9701,0.9768,7.67,366,4ec88176006caeb30dd0de7d92cebcc7,Verbo
pt,Portuguese,falamos,falar,vblex,pri;p1;pl,706,0.9706,0.9747,15.52,367,9d0463c69bfb79802d324c5539ae08e8,Verbo
pt,Portuguese,vinhos,vinho,n,m;pl,359,0.9707,0.9645,4.47,368,74563f2b8fcf7bfc003dbc0a16fa820c,Substantivo
pt,Portuguese,pois,pois,cnjadv,,167,0.9711,0.9712,13.35,369,1a3da1bd77d932a2f4609383a0166a06,cnjadv
pt,Portuguese,comes,comer,vblex,pri;p2;sg,374,0.9717,0.9785,5.76,370,780e6eb95a307b053141272d9cf55fd4,Verbo
pt,Portuguese,formiga,formiga,n,f;sg,596,0.972,0.9756,3.89,371,5fc16736d9679de18b8293507d707bb1,Substantivo
pt,Portuguese,teus,teu,det,pos;m;pl,405,0.9728,0.97,3.58,372,0c4214d30c14e97120edcd4a3457be79,Determinante
pt,Portuguese,porco,porco,n,m;sg,463,0.973,0.9732,3.69,373,2639dde8b8d3c2e9460171ad22320b28,Substantivo
pt,Portuguese,pensar,pensar,vblex,pri;*pers;*numb,105,0.9746,0.9769,3.13,374,5971b5e2d899aa3655db07e9426888f6,Verbo
pt,Portuguese,parabéns,parabéns,ij,,163,0.9747,0.9541,5.98,375,990c89aba5f77297866df927cafc1a1d,ij
pt,Portuguese,escreves,escrever,vblex,pri;p2;sg,367,0.9777,0.974,3.15,376,0e00664dabefa7e5a6ccecd2f3f9e3e5,Verbo
pt,Portuguese,alô,alô,ij,,723,0.9779,0.975,3.81,377,af2196d15c8c136754ad3bf5e1a8702d,ij
pt,Portuguese,banana,banana,n,f;sg,858,0.9866,0.9868,4.07,378,5a10a9ab9b11f8faefe13c32fe55fa95,Substantivo
pt,Portuguese,quiçá,quiçá,adv,,153,0.9902,0.9816,1.73,379,0e9e15e59fd7c89eeb9d8b62814c42b2,Advérbio
pt,Portuguese,olá,olá,ij,,1224,0.9924,0.9926,33.93,380,6c767e40f11a75a724aad8978ad1c31f,ij
pt,Portuguese,cima,cima,n,f;sg,413,0.9952,0.9904,35.03,381,e4a0c6bea3bd02cf6d90e7b7583906a2,Substantivo
pt,Portuguese,vocês,você,prn,tn;p3;mf;pl,231,0.9957,0.9957,1.94,382,1acf23ffbb788d259351dc5e9cb749f8,Pronome
